[INFO] Schreibe Konsolen-Output nach: /workspace/ImageConverter/imageCompositeConverter.local.log
[INFO] Konvertiere AC0501_1S_sia.jpg | Parameter: Iterationen=64, max. Validierungsrunden=8

--- Verarbeite AC0501_1S_sia.jpg ---
Bildbeschreibung: Klappensymbol: Rechteck hochkant, graue Umrandung. Graue Diagonale von unten links nach oben Rechts, in der Mitte ein dunkelgrauer Punkt. Farbverlauf Hintergrund: Dunkelgrau, hellgrau, dunkelgrau
Befehl erkannt: Fallback-Modus aktiv (Beschreibung wird ohne expliziten Compositing-Befehl verarbeitet)
  -> Fallback aktiv: elementweise iterative Annäherung aus Rasterbild.
[WARN] AC0501_1S_sia.jpg: Differenzbild-Fehlerpixel sind nicht zufällig verteilt; Variante bleibt für einen Qualitäts-Nachbesserungslauf geöffnet (upper_quartile_error_pixels_form_large_connected_component; largest_cluster_fraction=0.634409, localized_error_fraction=0.921725).
[INFO] Konvertiert AC0501_1S_sia.jpg | Parameter: mode=auto, label=M, variant_name=AC0501_1S_SIA | Qualität: Optimierungsfehler/Pixel=0.021548, Mean-Delta²=5515.776367, RGB-RMSE/Kanal=42.878807, Raumscore=20189.651962, beste Composite-Iteration=n/a (direkte/semantische Pipeline), ausgeführt=64/64 | Dauer=0.9s
[INFO] Konvertiere AC0501_1_L.jpg | Parameter: Iterationen=64, max. Validierungsrunden=8

--- Verarbeite AC0501_1_L.jpg ---
Bildbeschreibung: Klappensymbol: Rechteck hochkant, graue Umrandung. Graue Diagonale von unten links nach oben Rechts, in der Mitte ein dunkelgrauer Punkt. Farbverlauf Hintergrund: Dunkelgrau, hellgrau, dunkelgrau
Befehl erkannt: Fallback-Modus aktiv (Beschreibung wird ohne expliziten Compositing-Befehl verarbeitet)
  -> Fallback aktiv: elementweise iterative Annäherung aus Rasterbild.
[INFO] Konvertiert AC0501_1_L.jpg | Parameter: mode=auto, label=M, variant_name=AC0501_1_L | Qualität: Optimierungsfehler/Pixel=0.009919, Mean-Delta²=4980.501953, RGB-RMSE/Kanal=40.745151, Raumscore=8387.693991, beste Composite-Iteration=n/a (direkte/semantische Pipeline), ausgeführt=64/64 | Dauer=1.2s
[INFO] Konvertiere AC0501_1_M.jpg | Parameter: Iterationen=64, max. Validierungsrunden=8

--- Verarbeite AC0501_1_M.jpg ---
Bildbeschreibung: Klappensymbol: Rechteck hochkant, graue Umrandung. Graue Diagonale von unten links nach oben Rechts, in der Mitte ein dunkelgrauer Punkt. Farbverlauf Hintergrund: Dunkelgrau, hellgrau, dunkelgrau
Befehl erkannt: Fallback-Modus aktiv (Beschreibung wird ohne expliziten Compositing-Befehl verarbeitet)
  -> Fallback aktiv: elementweise iterative Annäherung aus Rasterbild.
[INFO] Konvertiert AC0501_1_M.jpg | Parameter: mode=auto, label=M, variant_name=AC0501_1_M | Qualität: Optimierungsfehler/Pixel=0.016972, Mean-Delta²=4346.165527, RGB-RMSE/Kanal=38.062079, Raumscore=6656.661805, beste Composite-Iteration=n/a (direkte/semantische Pipeline), ausgeführt=64/64 | Dauer=0.8s
[INFO] Konvertiere AC0501_1_S.jpg | Parameter: Iterationen=64, max. Validierungsrunden=8

--- Verarbeite AC0501_1_S.jpg ---
Bildbeschreibung: Klappensymbol: Rechteck hochkant, graue Umrandung. Graue Diagonale von unten links nach oben Rechts, in der Mitte ein dunkelgrauer Punkt. Farbverlauf Hintergrund: Dunkelgrau, hellgrau, dunkelgrau
Befehl erkannt: Fallback-Modus aktiv (Beschreibung wird ohne expliziten Compositing-Befehl verarbeitet)
  -> Fallback aktiv: elementweise iterative Annäherung aus Rasterbild.
[INFO] Konvertiert AC0501_1_S.jpg | Parameter: mode=auto, label=M, variant_name=AC0501_1_S | Qualität: Optimierungsfehler/Pixel=0.035083, Mean-Delta²=3649.392578, RGB-RMSE/Kanal=34.877847, Raumscore=5475.326686, beste Composite-Iteration=n/a (direkte/semantische Pipeline), ausgeführt=64/64 | Dauer=0.8s
[INFO] Konvertiere AC0501_2S_sia.jpg | Parameter: Iterationen=64, max. Validierungsrunden=8

--- Verarbeite AC0501_2S_sia.jpg ---
Bildbeschreibung: Klappensymbol: Rechteck hochkant, graue Umrandung. Graue Diagonale von unten links nach oben Rechts, in der Mitte ein dunkelgrauer Punkt. Farbverlauf Hintergrund: Dunkelgrau, hellgrau, dunkelgrau
Befehl erkannt: Fallback-Modus aktiv (Beschreibung wird ohne expliziten Compositing-Befehl verarbeitet)
  -> Fallback aktiv: elementweise iterative Annäherung aus Rasterbild.
[WARN] AC0501_2S_sia.jpg: Differenzbild-Fehlerpixel sind nicht zufällig verteilt; Variante bleibt für einen Qualitäts-Nachbesserungslauf geöffnet (error_energy_concentrated_in_worst_tiles; largest_cluster_fraction=0.242105, localized_error_fraction=0.866617).
[INFO] Konvertiert AC0501_2S_sia.jpg | Parameter: mode=auto, label=M, variant_name=AC0501_2S_SIA | Qualität: Optimierungsfehler/Pixel=0.020989, Mean-Delta²=4283.206055, RGB-RMSE/Kanal=37.785385, Raumscore=13304.020617, beste Composite-Iteration=n/a (direkte/semantische Pipeline), ausgeführt=64/64 | Dauer=0.8s
[INFO] Konvertiere AC0501_2_L.jpg | Parameter: Iterationen=64, max. Validierungsrunden=8

--- Verarbeite AC0501_2_L.jpg ---
Bildbeschreibung: Klappensymbol: Rechteck hochkant, graue Umrandung. Graue Diagonale von unten links nach oben Rechts, in der Mitte ein dunkelgrauer Punkt. Farbverlauf Hintergrund: Dunkelgrau, hellgrau, dunkelgrau
Befehl erkannt: Fallback-Modus aktiv (Beschreibung wird ohne expliziten Compositing-Befehl verarbeitet)
  -> Fallback aktiv: elementweise iterative Annäherung aus Rasterbild.
[INFO] Konvertiert AC0501_2_L.jpg | Parameter: mode=auto, label=M, variant_name=AC0501_2_L | Qualität: Optimierungsfehler/Pixel=0.009763, Mean-Delta²=3859.051758, RGB-RMSE/Kanal=35.865730, Raumscore=6200.919382, beste Composite-Iteration=n/a (direkte/semantische Pipeline), ausgeführt=64/64 | Dauer=0.9s
[INFO] Konvertiere AC0501_2_M.jpg | Parameter: Iterationen=64, max. Validierungsrunden=8

--- Verarbeite AC0501_2_M.jpg ---
Bildbeschreibung: Klappensymbol: Rechteck hochkant, graue Umrandung. Graue Diagonale von unten links nach oben Rechts, in der Mitte ein dunkelgrauer Punkt. Farbverlauf Hintergrund: Dunkelgrau, hellgrau, dunkelgrau
Befehl erkannt: Fallback-Modus aktiv (Beschreibung wird ohne expliziten Compositing-Befehl verarbeitet)
  -> Fallback aktiv: elementweise iterative Annäherung aus Rasterbild.
[INFO] Konvertiert AC0501_2_M.jpg | Parameter: mode=auto, label=M, variant_name=AC0501_2_M | Qualität: Optimierungsfehler/Pixel=0.016304, Mean-Delta²=3473.250488, RGB-RMSE/Kanal=34.025728, Raumscore=5468.624878, beste Composite-Iteration=n/a (direkte/semantische Pipeline), ausgeführt=64/64 | Dauer=0.9s
[INFO] Konvertiere AC0501_2_S.jpg | Parameter: Iterationen=64, max. Validierungsrunden=8

--- Verarbeite AC0501_2_S.jpg ---
Bildbeschreibung: Klappensymbol: Rechteck hochkant, graue Umrandung. Graue Diagonale von unten links nach oben Rechts, in der Mitte ein dunkelgrauer Punkt. Farbverlauf Hintergrund: Dunkelgrau, hellgrau, dunkelgrau
Befehl erkannt: Fallback-Modus aktiv (Beschreibung wird ohne expliziten Compositing-Befehl verarbeitet)
  -> Fallback aktiv: elementweise iterative Annäherung aus Rasterbild.
[WARN] AC0501_2_S.jpg: Differenzbild-Fehlerpixel sind nicht zufällig verteilt; Variante bleibt für einen Qualitäts-Nachbesserungslauf geöffnet (upper_quartile_error_pixels_form_large_connected_component; largest_cluster_fraction=0.590000, localized_error_fraction=0.359637).
[INFO] Konvertiert AC0501_2_S.jpg | Parameter: mode=auto, label=M, variant_name=AC0501_2_S | Qualität: Optimierungsfehler/Pixel=0.031735, Mean-Delta²=2674.467529, RGB-RMSE/Kanal=29.857816, Raumscore=4247.141331, beste Composite-Iteration=n/a (direkte/semantische Pipeline), ausgeführt=64/64 | Dauer=1.0s
[INFO] Konvertiere AC0501_L.jpg | Parameter: Iterationen=64, max. Validierungsrunden=8

--- Verarbeite AC0501_L.jpg ---
Bildbeschreibung: Klappensymbol: Rechteck hochkant, graue Umrandung. Graue Diagonale von unten links nach oben Rechts, in der Mitte ein dunkelgrauer Punkt. Farbverlauf Hintergrund: Dunkelgrau, hellgrau, dunkelgrau
Befehl erkannt: Fallback-Modus aktiv (Beschreibung wird ohne expliziten Compositing-Befehl verarbeitet)
  -> Fallback aktiv: elementweise iterative Annäherung aus Rasterbild.
[WARN] AC0501_L.jpg: Differenzbild-Fehlerpixel sind nicht zufällig verteilt; Variante bleibt für einen Qualitäts-Nachbesserungslauf geöffnet (upper_quartile_error_pixels_form_large_connected_component; largest_cluster_fraction=0.543818, localized_error_fraction=0.869051).
[INFO] Konvertiert AC0501_L.jpg | Parameter: mode=auto, label=M, variant_name=AC0501_L | Qualität: Optimierungsfehler/Pixel=0.004120, Mean-Delta²=1995.951294, RGB-RMSE/Kanal=25.793741, Raumscore=7628.161234, beste Composite-Iteration=n/a (direkte/semantische Pipeline), ausgeführt=64/64 | Dauer=0.8s
[INFO] Konvertiere AC0501_L_sia.jpg | Parameter: Iterationen=64, max. Validierungsrunden=8

--- Verarbeite AC0501_L_sia.jpg ---
Bildbeschreibung: Klappensymbol: Rechteck hochkant, graue Umrandung. Graue Diagonale von unten links nach oben Rechts, in der Mitte ein dunkelgrauer Punkt. Farbverlauf Hintergrund: Dunkelgrau, hellgrau, dunkelgrau
Befehl erkannt: Fallback-Modus aktiv (Beschreibung wird ohne expliziten Compositing-Befehl verarbeitet)
  -> Fallback aktiv: elementweise iterative Annäherung aus Rasterbild.
[WARN] AC0501_L_sia.jpg: Differenzbild-Fehlerpixel sind nicht zufällig verteilt; Variante bleibt für einen Qualitäts-Nachbesserungslauf geöffnet (error_energy_concentrated_in_worst_tiles; largest_cluster_fraction=0.388393, localized_error_fraction=0.905261).
[INFO] Konvertiert AC0501_L_sia.jpg | Parameter: mode=auto, label=M, variant_name=AC0501_L_SIA | Qualität: Optimierungsfehler/Pixel=0.003501, Mean-Delta²=2694.086182, RGB-RMSE/Kanal=29.967127, Raumscore=9094.899564, beste Composite-Iteration=n/a (direkte/semantische Pipeline), ausgeführt=64/64 | Dauer=0.9s
[INFO] Konvertiere AC0501_M.jpg | Parameter: Iterationen=64, max. Validierungsrunden=8

--- Verarbeite AC0501_M.jpg ---
Bildbeschreibung: Klappensymbol: Rechteck hochkant, graue Umrandung. Graue Diagonale von unten links nach oben Rechts, in der Mitte ein dunkelgrauer Punkt. Farbverlauf Hintergrund: Dunkelgrau, hellgrau, dunkelgrau
Befehl erkannt: Fallback-Modus aktiv (Beschreibung wird ohne expliziten Compositing-Befehl verarbeitet)
  -> Fallback aktiv: elementweise iterative Annäherung aus Rasterbild.
[WARN] AC0501_M.jpg: Differenzbild-Fehlerpixel sind nicht zufällig verteilt; Variante bleibt für einen Qualitäts-Nachbesserungslauf geöffnet (error_energy_concentrated_in_worst_tiles; largest_cluster_fraction=0.476091, localized_error_fraction=0.798817).
[INFO] Konvertiert AC0501_M.jpg | Parameter: mode=auto, label=M, variant_name=AC0501_M | Qualität: Optimierungsfehler/Pixel=0.007034, Mean-Delta²=1482.488892, RGB-RMSE/Kanal=22.229777, Raumscore=5131.877091, beste Composite-Iteration=n/a (direkte/semantische Pipeline), ausgeführt=64/64 | Dauer=0.8s
[INFO] Konvertiere AC0501_M_sia.jpg | Parameter: Iterationen=64, max. Validierungsrunden=8

--- Verarbeite AC0501_M_sia.jpg ---
Bildbeschreibung: Klappensymbol: Rechteck hochkant, graue Umrandung. Graue Diagonale von unten links nach oben Rechts, in der Mitte ein dunkelgrauer Punkt. Farbverlauf Hintergrund: Dunkelgrau, hellgrau, dunkelgrau
Befehl erkannt: Fallback-Modus aktiv (Beschreibung wird ohne expliziten Compositing-Befehl verarbeitet)
  -> Fallback aktiv: elementweise iterative Annäherung aus Rasterbild.
[WARN] AC0501_M_sia.jpg: Differenzbild-Fehlerpixel sind nicht zufällig verteilt; Variante bleibt für einen Qualitäts-Nachbesserungslauf geöffnet (error_energy_concentrated_in_worst_tiles; largest_cluster_fraction=0.328859, localized_error_fraction=0.910306).
[INFO] Konvertiert AC0501_M_sia.jpg | Parameter: mode=auto, label=M, variant_name=AC0501_M_SIA | Qualität: Optimierungsfehler/Pixel=0.006693, Mean-Delta²=2675.563232, RGB-RMSE/Kanal=29.863932, Raumscore=8703.313206, beste Composite-Iteration=n/a (direkte/semantische Pipeline), ausgeführt=64/64 | Dauer=0.8s
[INFO] Konvertiere AC0501_S.jpg | Parameter: Iterationen=64, max. Validierungsrunden=8

--- Verarbeite AC0501_S.jpg ---
Bildbeschreibung: Klappensymbol: Rechteck hochkant, graue Umrandung. Graue Diagonale von unten links nach oben Rechts, in der Mitte ein dunkelgrauer Punkt. Farbverlauf Hintergrund: Dunkelgrau, hellgrau, dunkelgrau
Befehl erkannt: Fallback-Modus aktiv (Beschreibung wird ohne expliziten Compositing-Befehl verarbeitet)
  -> Fallback aktiv: elementweise iterative Annäherung aus Rasterbild.
[INFO] Konvertiert AC0501_S.jpg | Parameter: mode=auto, label=M, variant_name=AC0501_S | Qualität: Optimierungsfehler/Pixel=0.012356, Mean-Delta²=478.076263, RGB-RMSE/Kanal=12.623738, Raumscore=1037.103261, beste Composite-Iteration=n/a (direkte/semantische Pipeline), ausgeführt=64/64 | Dauer=0.7s
[INFO] Konvertiere AC0501_S_sia.jpg | Parameter: Iterationen=64, max. Validierungsrunden=8

--- Verarbeite AC0501_S_sia.jpg ---
Bildbeschreibung: Klappensymbol: Rechteck hochkant, graue Umrandung. Graue Diagonale von unten links nach oben Rechts, in der Mitte ein dunkelgrauer Punkt. Farbverlauf Hintergrund: Dunkelgrau, hellgrau, dunkelgrau
Befehl erkannt: Fallback-Modus aktiv (Beschreibung wird ohne expliziten Compositing-Befehl verarbeitet)
  -> Fallback aktiv: elementweise iterative Annäherung aus Rasterbild.
[WARN] AC0501_S_sia.jpg: Differenzbild-Fehlerpixel sind nicht zufällig verteilt; Variante bleibt für einen Qualitäts-Nachbesserungslauf geöffnet (error_energy_concentrated_in_worst_tiles; largest_cluster_fraction=0.265823, localized_error_fraction=0.857459).
[INFO] Konvertiert AC0501_S_sia.jpg | Parameter: mode=auto, label=M, variant_name=AC0501_S_SIA | Qualität: Optimierungsfehler/Pixel=0.013052, Mean-Delta²=1951.196289, RGB-RMSE/Kanal=25.502917, Raumscore=6292.776686, beste Composite-Iteration=n/a (direkte/semantische Pipeline), ausgeführt=64/64 | Dauer=0.8s
[INFO] Konvertiere AC0502_1S_sia.jpg | Parameter: Iterationen=64, max. Validierungsrunden=8

--- Verarbeite AC0502_1S_sia.jpg ---
Bildbeschreibung: Wie AC0501: Klappensymbol: Rechteck hochkant, graue Umrandung. Graue Diagonale von unten links nach oben Rechts, in der Mitte ein dunkelgrauer Punkt. Farbverlauf Hintergrund: Dunkelgrau, hellgrau, dunkelgrau. Geometrische Variante: 90° nach rechts gedreht.
Befehl erkannt: Fallback-Modus aktiv (Beschreibung wird ohne expliziten Compositing-Befehl verarbeitet)
  -> Fallback aktiv: elementweise iterative Annäherung aus Rasterbild.
[WARN] AC0502_1S_sia.jpg: Differenzbild-Fehlerpixel sind nicht zufällig verteilt; Variante bleibt für einen Qualitäts-Nachbesserungslauf geöffnet (upper_quartile_error_pixels_form_large_connected_component; largest_cluster_fraction=0.739130, localized_error_fraction=0.914587).
[INFO] Konvertiert AC0502_1S_sia.jpg | Parameter: mode=auto, label=M, variant_name=AC0502_1S_SIA | Qualität: Optimierungsfehler/Pixel=0.014668, Mean-Delta²=2752.719971, RGB-RMSE/Kanal=30.291473, Raumscore=9683.489763, beste Composite-Iteration=n/a (direkte/semantische Pipeline), ausgeführt=64/64 | Dauer=0.9s
[INFO] Konvertiere AC0502_1_L.jpg | Parameter: Iterationen=64, max. Validierungsrunden=8

--- Verarbeite AC0502_1_L.jpg ---
Bildbeschreibung: Wie AC0501: Klappensymbol: Rechteck hochkant, graue Umrandung. Graue Diagonale von unten links nach oben Rechts, in der Mitte ein dunkelgrauer Punkt. Farbverlauf Hintergrund: Dunkelgrau, hellgrau, dunkelgrau. Geometrische Variante: 90° nach rechts gedreht.
Befehl erkannt: Fallback-Modus aktiv (Beschreibung wird ohne expliziten Compositing-Befehl verarbeitet)
  -> Fallback aktiv: elementweise iterative Annäherung aus Rasterbild.
[INFO] Konvertiert AC0502_1_L.jpg | Parameter: mode=auto, label=M, variant_name=AC0502_1_L | Qualität: Optimierungsfehler/Pixel=0.010370, Mean-Delta²=5287.162109, RGB-RMSE/Kanal=41.980798, Raumscore=9083.490744, beste Composite-Iteration=n/a (direkte/semantische Pipeline), ausgeführt=64/64 | Dauer=0.9s
[INFO] Konvertiere AC0502_1_M.jpg | Parameter: Iterationen=64, max. Validierungsrunden=8

--- Verarbeite AC0502_1_M.jpg ---
Bildbeschreibung: Wie AC0501: Klappensymbol: Rechteck hochkant, graue Umrandung. Graue Diagonale von unten links nach oben Rechts, in der Mitte ein dunkelgrauer Punkt. Farbverlauf Hintergrund: Dunkelgrau, hellgrau, dunkelgrau. Geometrische Variante: 90° nach rechts gedreht.
Befehl erkannt: Fallback-Modus aktiv (Beschreibung wird ohne expliziten Compositing-Befehl verarbeitet)
  -> Fallback aktiv: elementweise iterative Annäherung aus Rasterbild.
[INFO] Konvertiert AC0502_1_M.jpg | Parameter: mode=auto, label=M, variant_name=AC0502_1_M | Qualität: Optimierungsfehler/Pixel=0.017205, Mean-Delta²=4406.941895, RGB-RMSE/Kanal=38.327283, Raumscore=6831.903639, beste Composite-Iteration=n/a (direkte/semantische Pipeline), ausgeführt=64/64 | Dauer=0.8s
[INFO] Konvertiere AC0502_1_S.jpg | Parameter: Iterationen=64, max. Validierungsrunden=8

--- Verarbeite AC0502_1_S.jpg ---
Bildbeschreibung: Wie AC0501: Klappensymbol: Rechteck hochkant, graue Umrandung. Graue Diagonale von unten links nach oben Rechts, in der Mitte ein dunkelgrauer Punkt. Farbverlauf Hintergrund: Dunkelgrau, hellgrau, dunkelgrau. Geometrische Variante: 90° nach rechts gedreht.
Befehl erkannt: Fallback-Modus aktiv (Beschreibung wird ohne expliziten Compositing-Befehl verarbeitet)
  -> Fallback aktiv: elementweise iterative Annäherung aus Rasterbild.
[WARN] AC0502_1_S.jpg: Differenzbild-Fehlerpixel sind nicht zufällig verteilt; Variante bleibt für einen Qualitäts-Nachbesserungslauf geöffnet (upper_quartile_error_pixels_form_large_connected_component; largest_cluster_fraction=0.525000, localized_error_fraction=0.383230).
[INFO] Konvertiert AC0502_1_S.jpg | Parameter: mode=auto, label=M, variant_name=AC0502_1_S | Qualität: Optimierungsfehler/Pixel=0.037607, Mean-Delta²=4065.304932, RGB-RMSE/Kanal=36.811705, Raumscore=6386.886068, beste Composite-Iteration=n/a (direkte/semantische Pipeline), ausgeführt=64/64 | Dauer=0.9s
[INFO] Konvertiere AC0502_2S_sia.jpg | Parameter: Iterationen=64, max. Validierungsrunden=8

--- Verarbeite AC0502_2S_sia.jpg ---
Bildbeschreibung: Wie AC0501: Klappensymbol: Rechteck hochkant, graue Umrandung. Graue Diagonale von unten links nach oben Rechts, in der Mitte ein dunkelgrauer Punkt. Farbverlauf Hintergrund: Dunkelgrau, hellgrau, dunkelgrau. Geometrische Variante: 90° nach rechts gedreht.
Befehl erkannt: Fallback-Modus aktiv (Beschreibung wird ohne expliziten Compositing-Befehl verarbeitet)
  -> Fallback aktiv: elementweise iterative Annäherung aus Rasterbild.
[WARN] AC0502_2S_sia.jpg: Differenzbild-Fehlerpixel sind nicht zufällig verteilt; Variante bleibt für einen Qualitäts-Nachbesserungslauf geöffnet (upper_quartile_error_pixels_form_large_connected_component; largest_cluster_fraction=0.681319, localized_error_fraction=0.911896).
[INFO] Konvertiert AC0502_2S_sia.jpg | Parameter: mode=auto, label=M, variant_name=AC0502_2S_SIA | Qualität: Optimierungsfehler/Pixel=0.011322, Mean-Delta²=1669.724976, RGB-RMSE/Kanal=23.591842, Raumscore=5892.491483, beste Composite-Iteration=n/a (direkte/semantische Pipeline), ausgeführt=64/64 | Dauer=0.8s
[INFO] Konvertiere AC0502_2_L.jpg | Parameter: Iterationen=64, max. Validierungsrunden=8

--- Verarbeite AC0502_2_L.jpg ---
Bildbeschreibung: Wie AC0501: Klappensymbol: Rechteck hochkant, graue Umrandung. Graue Diagonale von unten links nach oben Rechts, in der Mitte ein dunkelgrauer Punkt. Farbverlauf Hintergrund: Dunkelgrau, hellgrau, dunkelgrau. Geometrische Variante: 90° nach rechts gedreht.
Befehl erkannt: Fallback-Modus aktiv (Beschreibung wird ohne expliziten Compositing-Befehl verarbeitet)
  -> Fallback aktiv: elementweise iterative Annäherung aus Rasterbild.
[INFO] Konvertiert AC0502_2_L.jpg | Parameter: mode=auto, label=M, variant_name=AC0502_2_L | Qualität: Optimierungsfehler/Pixel=0.009766, Mean-Delta²=3879.699707, RGB-RMSE/Kanal=35.961552, Raumscore=6584.085257, beste Composite-Iteration=n/a (direkte/semantische Pipeline), ausgeführt=64/64 | Dauer=1.0s
[INFO] Konvertiere AC0502_2_M.jpg | Parameter: Iterationen=64, max. Validierungsrunden=8

--- Verarbeite AC0502_2_M.jpg ---
Bildbeschreibung: Wie AC0501: Klappensymbol: Rechteck hochkant, graue Umrandung. Graue Diagonale von unten links nach oben Rechts, in der Mitte ein dunkelgrauer Punkt. Farbverlauf Hintergrund: Dunkelgrau, hellgrau, dunkelgrau. Geometrische Variante: 90° nach rechts gedreht.
Befehl erkannt: Fallback-Modus aktiv (Beschreibung wird ohne expliziten Compositing-Befehl verarbeitet)
  -> Fallback aktiv: elementweise iterative Annäherung aus Rasterbild.
[INFO] Konvertiert AC0502_2_M.jpg | Parameter: mode=auto, label=M, variant_name=AC0502_2_M | Qualität: Optimierungsfehler/Pixel=0.016582, Mean-Delta²=3609.765625, RGB-RMSE/Kanal=34.687969, Raumscore=5803.959482, beste Composite-Iteration=n/a (direkte/semantische Pipeline), ausgeführt=64/64 | Dauer=0.8s
[INFO] Konvertiere AC0502_2_S.jpg | Parameter: Iterationen=64, max. Validierungsrunden=8

--- Verarbeite AC0502_2_S.jpg ---
Bildbeschreibung: Wie AC0501: Klappensymbol: Rechteck hochkant, graue Umrandung. Graue Diagonale von unten links nach oben Rechts, in der Mitte ein dunkelgrauer Punkt. Farbverlauf Hintergrund: Dunkelgrau, hellgrau, dunkelgrau. Geometrische Variante: 90° nach rechts gedreht.
Befehl erkannt: Fallback-Modus aktiv (Beschreibung wird ohne expliziten Compositing-Befehl verarbeitet)
  -> Fallback aktiv: elementweise iterative Annäherung aus Rasterbild.
[INFO] Konvertiert AC0502_2_S.jpg | Parameter: mode=auto, label=M, variant_name=AC0502_2_S | Qualität: Optimierungsfehler/Pixel=0.031108, Mean-Delta²=2567.096191, RGB-RMSE/Kanal=29.252329, Raumscore=3814.428681, beste Composite-Iteration=n/a (direkte/semantische Pipeline), ausgeführt=64/64 | Dauer=1.0s
[INFO] Konvertiere AC0502_L.jpg | Parameter: Iterationen=64, max. Validierungsrunden=8

--- Verarbeite AC0502_L.jpg ---
Bildbeschreibung: Wie AC0501: Klappensymbol: Rechteck hochkant, graue Umrandung. Graue Diagonale von unten links nach oben Rechts, in der Mitte ein dunkelgrauer Punkt. Farbverlauf Hintergrund: Dunkelgrau, hellgrau, dunkelgrau. Geometrische Variante: 90° nach rechts gedreht.
Befehl erkannt: Fallback-Modus aktiv (Beschreibung wird ohne expliziten Compositing-Befehl verarbeitet)
  -> Fallback aktiv: elementweise iterative Annäherung aus Rasterbild.
[WARN] AC0502_L.jpg: Differenzbild-Fehlerpixel sind nicht zufällig verteilt; Variante bleibt für einen Qualitäts-Nachbesserungslauf geöffnet (upper_quartile_error_pixels_form_large_connected_component; largest_cluster_fraction=0.926061, localized_error_fraction=0.832425).
[INFO] Konvertiert AC0502_L.jpg | Parameter: mode=auto, label=M, variant_name=AC0502_L | Qualität: Optimierungsfehler/Pixel=0.005706, Mean-Delta²=3182.136230, RGB-RMSE/Kanal=32.568575, Raumscore=11518.987148, beste Composite-Iteration=n/a (direkte/semantische Pipeline), ausgeführt=64/64 | Dauer=0.9s
[INFO] Konvertiere AC0502_L_sia.jpg | Parameter: Iterationen=64, max. Validierungsrunden=8

--- Verarbeite AC0502_L_sia.jpg ---
Bildbeschreibung: Wie AC0501: Klappensymbol: Rechteck hochkant, graue Umrandung. Graue Diagonale von unten links nach oben Rechts, in der Mitte ein dunkelgrauer Punkt. Farbverlauf Hintergrund: Dunkelgrau, hellgrau, dunkelgrau. Geometrische Variante: 90° nach rechts gedreht.
Befehl erkannt: Fallback-Modus aktiv (Beschreibung wird ohne expliziten Compositing-Befehl verarbeitet)
  -> Fallback aktiv: elementweise iterative Annäherung aus Rasterbild.
[WARN] AC0502_L_sia.jpg: Differenzbild-Fehlerpixel sind nicht zufällig verteilt; Variante bleibt für einen Qualitäts-Nachbesserungslauf geöffnet (upper_quartile_error_pixels_form_large_connected_component; largest_cluster_fraction=0.592965, localized_error_fraction=0.956772).
[INFO] Konvertiert AC0502_L_sia.jpg | Parameter: mode=auto, label=M, variant_name=AC0502_L_SIA | Qualität: Optimierungsfehler/Pixel=0.002115, Mean-Delta²=1620.470581, RGB-RMSE/Kanal=23.241275, Raumscore=6106.947979, beste Composite-Iteration=n/a (direkte/semantische Pipeline), ausgeführt=64/64 | Dauer=1.0s
[INFO] Konvertiere AC0502_M.jpg | Parameter: Iterationen=64, max. Validierungsrunden=8

--- Verarbeite AC0502_M.jpg ---
Bildbeschreibung: Wie AC0501: Klappensymbol: Rechteck hochkant, graue Umrandung. Graue Diagonale von unten links nach oben Rechts, in der Mitte ein dunkelgrauer Punkt. Farbverlauf Hintergrund: Dunkelgrau, hellgrau, dunkelgrau. Geometrische Variante: 90° nach rechts gedreht.
Befehl erkannt: Fallback-Modus aktiv (Beschreibung wird ohne expliziten Compositing-Befehl verarbeitet)
  -> Fallback aktiv: elementweise iterative Annäherung aus Rasterbild.
[WARN] AC0502_M.jpg: Differenzbild-Fehlerpixel sind nicht zufällig verteilt; Variante bleibt für einen Qualitäts-Nachbesserungslauf geöffnet (error_energy_concentrated_in_worst_tiles; largest_cluster_fraction=0.479915, localized_error_fraction=0.815823).
[INFO] Konvertiert AC0502_M.jpg | Parameter: mode=auto, label=M, variant_name=AC0502_M | Qualität: Optimierungsfehler/Pixel=0.007054, Mean-Delta²=1530.423828, RGB-RMSE/Kanal=22.586307, Raumscore=5416.961729, beste Composite-Iteration=n/a (direkte/semantische Pipeline), ausgeführt=64/64 | Dauer=0.9s
[INFO] Konvertiere AC0502_M_sia.jpg | Parameter: Iterationen=64, max. Validierungsrunden=8

--- Verarbeite AC0502_M_sia.jpg ---
Bildbeschreibung: Wie AC0501: Klappensymbol: Rechteck hochkant, graue Umrandung. Graue Diagonale von unten links nach oben Rechts, in der Mitte ein dunkelgrauer Punkt. Farbverlauf Hintergrund: Dunkelgrau, hellgrau, dunkelgrau. Geometrische Variante: 90° nach rechts gedreht.
Befehl erkannt: Fallback-Modus aktiv (Beschreibung wird ohne expliziten Compositing-Befehl verarbeitet)
  -> Fallback aktiv: elementweise iterative Annäherung aus Rasterbild.
[WARN] AC0502_M_sia.jpg: Differenzbild-Fehlerpixel sind nicht zufällig verteilt; Variante bleibt für einen Qualitäts-Nachbesserungslauf geöffnet (error_energy_concentrated_in_worst_tiles; largest_cluster_fraction=0.413793, localized_error_fraction=0.950996).
[INFO] Konvertiert AC0502_M_sia.jpg | Parameter: mode=auto, label=M, variant_name=AC0502_M_SIA | Qualität: Optimierungsfehler/Pixel=0.004951, Mean-Delta²=1951.756714, RGB-RMSE/Kanal=25.506579, Raumscore=6941.697053, beste Composite-Iteration=n/a (direkte/semantische Pipeline), ausgeführt=64/64 | Dauer=0.9s
[INFO] Konvertiere AC0502_S.jpg | Parameter: Iterationen=64, max. Validierungsrunden=8

--- Verarbeite AC0502_S.jpg ---
Bildbeschreibung: Wie AC0501: Klappensymbol: Rechteck hochkant, graue Umrandung. Graue Diagonale von unten links nach oben Rechts, in der Mitte ein dunkelgrauer Punkt. Farbverlauf Hintergrund: Dunkelgrau, hellgrau, dunkelgrau. Geometrische Variante: 90° nach rechts gedreht.
Befehl erkannt: Fallback-Modus aktiv (Beschreibung wird ohne expliziten Compositing-Befehl verarbeitet)
  -> Fallback aktiv: elementweise iterative Annäherung aus Rasterbild.
[WARN] AC0502_S.jpg: Differenzbild-Fehlerpixel sind nicht zufällig verteilt; Variante bleibt für einen Qualitäts-Nachbesserungslauf geöffnet (upper_quartile_error_pixels_form_large_connected_component; largest_cluster_fraction=0.685714, localized_error_fraction=0.676516).
[INFO] Konvertiert AC0502_S.jpg | Parameter: mode=auto, label=M, variant_name=AC0502_S | Qualität: Optimierungsfehler/Pixel=0.015669, Mean-Delta²=952.267517, RGB-RMSE/Kanal=17.816355, Raumscore=2704.050641, beste Composite-Iteration=n/a (direkte/semantische Pipeline), ausgeführt=64/64 | Dauer=0.8s
[INFO] Konvertiere AC0502_S_sia.jpg | Parameter: Iterationen=64, max. Validierungsrunden=8

--- Verarbeite AC0502_S_sia.jpg ---
Bildbeschreibung: Wie AC0501: Klappensymbol: Rechteck hochkant, graue Umrandung. Graue Diagonale von unten links nach oben Rechts, in der Mitte ein dunkelgrauer Punkt. Farbverlauf Hintergrund: Dunkelgrau, hellgrau, dunkelgrau. Geometrische Variante: 90° nach rechts gedreht.
Befehl erkannt: Fallback-Modus aktiv (Beschreibung wird ohne expliziten Compositing-Befehl verarbeitet)
  -> Fallback aktiv: elementweise iterative Annäherung aus Rasterbild.
[WARN] AC0502_S_sia.jpg: Differenzbild-Fehlerpixel sind nicht zufällig verteilt; Variante bleibt für einen Qualitäts-Nachbesserungslauf geöffnet (error_energy_concentrated_in_worst_tiles; largest_cluster_fraction=0.329268, localized_error_fraction=0.950453).
[INFO] Konvertiert AC0502_S_sia.jpg | Parameter: mode=auto, label=M, variant_name=AC0502_S_SIA | Qualität: Optimierungsfehler/Pixel=0.009708, Mean-Delta²=1295.733765, RGB-RMSE/Kanal=20.782475, Raumscore=4643.194603, beste Composite-Iteration=n/a (direkte/semantische Pipeline), ausgeführt=64/64 | Dauer=0.8s
[INFO] Konvertiere AC0503_1S_sia.jpg | Parameter: Iterationen=64, max. Validierungsrunden=8

--- Verarbeite AC0503_1S_sia.jpg ---
Bildbeschreibung: Unzugeordnete Wurzelform aus der Serie AC0503_1S_sia. Das Symbol liegt derzeit nur als einzelnes, noch nicht fachlich klassifiziertes Bildobjekt vor. Dokumentiert ist die dokumentierte Variante (sia). Bitte einer finalen Wurzelform-Kategorie zuordnen.
Befehl erkannt: MANUELL: Beschreibung fordert manuelle Zuordnung zu einer finalen Wurzelform-Kategorie.
  -> Plan B aktiv: elementweise iterative Annäherung aus Rasterbild.
  -> Plan B Vergleich aktiv: verwende generierte Vektor-Lösung (status=manual_review_elementwise_symbol_fit, err=29.806).
[WARN] AC0503_1S_sia.jpg: Differenzbild-Fehlerpixel sind nicht zufällig verteilt; Variante bleibt für einen Qualitäts-Nachbesserungslauf geöffnet (upper_quartile_error_pixels_form_large_connected_component; largest_cluster_fraction=0.568528, localized_error_fraction=0.835894).
[INFO] Konvertiert AC0503_1S_sia.jpg | Parameter: mode=manual_review, label=, variant_name=AC0503_1S_SIA | Qualität: Optimierungsfehler/Pixel=0.036926, Mean-Delta²=8371.986328, RGB-RMSE/Kanal=52.826718, Raumscore=26251.473159, beste Composite-Iteration=n/a (direkte/semantische Pipeline), ausgeführt=64/64 | Dauer=0.2s
[INFO] Konvertiere AC0503_2S_sia.jpg | Parameter: Iterationen=64, max. Validierungsrunden=8

--- Verarbeite AC0503_2S_sia.jpg ---
Bildbeschreibung: Unzugeordnete Wurzelform aus der Serie AC0503_2S_sia. Das Symbol liegt derzeit nur als einzelnes, noch nicht fachlich klassifiziertes Bildobjekt vor. Dokumentiert ist die dokumentierte Variante (sia). Bitte einer finalen Wurzelform-Kategorie zuordnen.
Befehl erkannt: MANUELL: Beschreibung fordert manuelle Zuordnung zu einer finalen Wurzelform-Kategorie.
  -> Plan B aktiv: elementweise iterative Annäherung aus Rasterbild.
  -> Plan B Vergleich aktiv: verwende generierte Vektor-Lösung (status=manual_review_elementwise_symbol_fit, err=35.832).
[INFO] Konvertiert AC0503_2S_sia.jpg | Parameter: mode=manual_review, label=, variant_name=AC0503_2S_SIA | Qualität: Optimierungsfehler/Pixel=0.044769, Mean-Delta²=6273.758789, RGB-RMSE/Kanal=45.730219, Raumscore=11947.296783, beste Composite-Iteration=n/a (direkte/semantische Pipeline), ausgeführt=64/64 | Dauer=0.2s
[INFO] Konvertiere AC0503_L_sia.jpg | Parameter: Iterationen=64, max. Validierungsrunden=8

--- Verarbeite AC0503_L_sia.jpg ---
Bildbeschreibung: Unzugeordnete Wurzelform aus der Serie AC0503_L_sia. Das Symbol liegt derzeit nur als einzelnes, noch nicht fachlich klassifiziertes Bildobjekt vor. Dokumentiert ist die dokumentierte Variante (sia). Bitte einer finalen Wurzelform-Kategorie zuordnen.
Befehl erkannt: MANUELL: Beschreibung fordert manuelle Zuordnung zu einer finalen Wurzelform-Kategorie.
  -> Plan B aktiv: elementweise iterative Annäherung aus Rasterbild.
  -> Plan B Vergleich aktiv: verwende generierte Vektor-Lösung (status=manual_review_elementwise_symbol_fit, err=16.669).
[WARN] AC0503_L_sia.jpg: Differenzbild-Fehlerpixel sind nicht zufällig verteilt; Variante bleibt für einen Qualitäts-Nachbesserungslauf geöffnet (upper_quartile_error_pixels_form_large_connected_component; largest_cluster_fraction=0.613905, localized_error_fraction=0.811054).
[INFO] Konvertiert AC0503_L_sia.jpg | Parameter: mode=manual_review, label=, variant_name=AC0503_L_SIA | Qualität: Optimierungsfehler/Pixel=0.005248, Mean-Delta²=3259.571289, RGB-RMSE/Kanal=32.962460, Raumscore=10072.441234, beste Composite-Iteration=n/a (direkte/semantische Pipeline), ausgeführt=64/64 | Dauer=0.3s
[INFO] Konvertiere AC0503_M_sia.jpg | Parameter: Iterationen=64, max. Validierungsrunden=8

--- Verarbeite AC0503_M_sia.jpg ---
Bildbeschreibung: Unzugeordnete Wurzelform aus der Serie AC0503_M_sia. Das Symbol liegt derzeit nur als einzelnes, noch nicht fachlich klassifiziertes Bildobjekt vor. Dokumentiert ist die dokumentierte Variante (sia). Bitte einer finalen Wurzelform-Kategorie zuordnen.
Befehl erkannt: MANUELL: Beschreibung fordert manuelle Zuordnung zu einer finalen Wurzelform-Kategorie.
  -> Plan B aktiv: elementweise iterative Annäherung aus Rasterbild.
  -> Plan B Vergleich aktiv: verwende generierte Vektor-Lösung (status=manual_review_elementwise_symbol_fit, err=17.665).
[WARN] AC0503_M_sia.jpg: Differenzbild-Fehlerpixel sind nicht zufällig verteilt; Variante bleibt für einen Qualitäts-Nachbesserungslauf geöffnet (upper_quartile_error_pixels_form_large_connected_component; largest_cluster_fraction=0.606452, localized_error_fraction=0.760302).
[INFO] Konvertiert AC0503_M_sia.jpg | Parameter: mode=manual_review, label=, variant_name=AC0503_M_SIA | Qualität: Optimierungsfehler/Pixel=0.009736, Mean-Delta²=3610.050049, RGB-RMSE/Kanal=34.689336, Raumscore=10429.930921, beste Composite-Iteration=n/a (direkte/semantische Pipeline), ausgeführt=64/64 | Dauer=0.3s
[INFO] Konvertiere AC0503_S_sia.jpg | Parameter: Iterationen=64, max. Validierungsrunden=8

--- Verarbeite AC0503_S_sia.jpg ---
Bildbeschreibung: Unzugeordnete Wurzelform aus der Serie AC0503_S_sia. Das Symbol liegt derzeit nur als einzelnes, noch nicht fachlich klassifiziertes Bildobjekt vor. Dokumentiert ist die dokumentierte Variante (sia). Bitte einer finalen Wurzelform-Kategorie zuordnen.
Befehl erkannt: MANUELL: Beschreibung fordert manuelle Zuordnung zu einer finalen Wurzelform-Kategorie.
  -> Plan B aktiv: elementweise iterative Annäherung aus Rasterbild.
  -> Plan B Vergleich aktiv: verwende generierte Vektor-Lösung (status=manual_review_elementwise_symbol_fit, err=19.696).
[WARN] AC0503_S_sia.jpg: Differenzbild-Fehlerpixel sind nicht zufällig verteilt; Variante bleibt für einen Qualitäts-Nachbesserungslauf geöffnet (upper_quartile_error_pixels_form_large_connected_component; largest_cluster_fraction=0.532995, localized_error_fraction=0.629408).
[INFO] Konvertiert AC0503_S_sia.jpg | Parameter: mode=manual_review, label=, variant_name=AC0503_S_SIA | Qualität: Optimierungsfehler/Pixel=0.024445, Mean-Delta²=3063.483643, RGB-RMSE/Kanal=31.955613, Raumscore=7557.099651, beste Composite-Iteration=n/a (direkte/semantische Pipeline), ausgeführt=64/64 | Dauer=0.2s
[INFO] Konvertiere AC0504_1S_sia.jpg | Parameter: Iterationen=64, max. Validierungsrunden=8

--- Verarbeite AC0504_1S_sia.jpg ---
Bildbeschreibung: Unzugeordnete Wurzelform aus der Serie AC0504_1S_sia. Das Symbol liegt derzeit nur als einzelnes, noch nicht fachlich klassifiziertes Bildobjekt vor. Dokumentiert ist die dokumentierte Variante (sia). Bitte einer finalen Wurzelform-Kategorie zuordnen.
Befehl erkannt: MANUELL: Beschreibung fordert manuelle Zuordnung zu einer finalen Wurzelform-Kategorie.
  -> Plan B aktiv: elementweise iterative Annäherung aus Rasterbild.
  -> Plan B Vergleich aktiv: verwende generierte Vektor-Lösung (status=manual_review_elementwise_symbol_fit, err=27.890).
[WARN] AC0504_1S_sia.jpg: Differenzbild-Fehlerpixel sind nicht zufällig verteilt; Variante bleibt für einen Qualitäts-Nachbesserungslauf geöffnet (upper_quartile_error_pixels_form_large_connected_component; largest_cluster_fraction=0.896000, localized_error_fraction=0.876921).
[INFO] Konvertiert AC0504_1S_sia.jpg | Parameter: mode=manual_review, label=, variant_name=AC0504_1S_SIA | Qualität: Optimierungsfehler/Pixel=0.034725, Mean-Delta²=9695.179688, RGB-RMSE/Kanal=56.848277, Raumscore=33636.798829, beste Composite-Iteration=n/a (direkte/semantische Pipeline), ausgeführt=64/64 | Dauer=0.2s
[INFO] Konvertiere AC0504_2S_sia.jpg | Parameter: Iterationen=64, max. Validierungsrunden=8

--- Verarbeite AC0504_2S_sia.jpg ---
Bildbeschreibung: Unzugeordnete Wurzelform aus der Serie AC0504_2S_sia. Das Symbol liegt derzeit nur als einzelnes, noch nicht fachlich klassifiziertes Bildobjekt vor. Dokumentiert ist die dokumentierte Variante (sia). Bitte einer finalen Wurzelform-Kategorie zuordnen.
Befehl erkannt: MANUELL: Beschreibung fordert manuelle Zuordnung zu einer finalen Wurzelform-Kategorie.
  -> Plan B aktiv: elementweise iterative Annäherung aus Rasterbild.
  -> Plan B Vergleich aktiv: verwende generierte Vektor-Lösung (status=manual_review_elementwise_symbol_fit, err=27.511).
[WARN] AC0504_2S_sia.jpg: Differenzbild-Fehlerpixel sind nicht zufällig verteilt; Variante bleibt für einen Qualitäts-Nachbesserungslauf geöffnet (upper_quartile_error_pixels_form_large_connected_component; largest_cluster_fraction=0.676136, localized_error_fraction=0.855623).
[INFO] Konvertiert AC0504_2S_sia.jpg | Parameter: mode=manual_review, label=, variant_name=AC0504_2S_SIA | Qualität: Optimierungsfehler/Pixel=0.034382, Mean-Delta²=8211.187500, RGB-RMSE/Kanal=52.316943, Raumscore=26541.677345, beste Composite-Iteration=n/a (direkte/semantische Pipeline), ausgeführt=64/64 | Dauer=0.2s
[INFO] Konvertiere AC0504_L_sia.jpg | Parameter: Iterationen=64, max. Validierungsrunden=8

--- Verarbeite AC0504_L_sia.jpg ---
Bildbeschreibung: Unzugeordnete Wurzelform aus der Serie AC0504_L_sia. Das Symbol liegt derzeit nur als einzelnes, noch nicht fachlich klassifiziertes Bildobjekt vor. Dokumentiert ist die dokumentierte Variante (sia). Bitte einer finalen Wurzelform-Kategorie zuordnen.
Befehl erkannt: MANUELL: Beschreibung fordert manuelle Zuordnung zu einer finalen Wurzelform-Kategorie.
  -> Plan B aktiv: elementweise iterative Annäherung aus Rasterbild.
  -> Plan B Vergleich aktiv: verwende generierte Vektor-Lösung (status=manual_review_elementwise_symbol_fit, err=14.536).
[WARN] AC0504_L_sia.jpg: Differenzbild-Fehlerpixel sind nicht zufällig verteilt; Variante bleibt für einen Qualitäts-Nachbesserungslauf geöffnet (upper_quartile_error_pixels_form_large_connected_component; largest_cluster_fraction=1.000000, localized_error_fraction=0.854784).
[INFO] Konvertiert AC0504_L_sia.jpg | Parameter: mode=manual_review, label=, variant_name=AC0504_L_SIA | Qualität: Optimierungsfehler/Pixel=0.004530, Mean-Delta²=3509.494629, RGB-RMSE/Kanal=34.202800, Raumscore=12232.594867, beste Composite-Iteration=n/a (direkte/semantische Pipeline), ausgeführt=64/64 | Dauer=0.3s
[INFO] Konvertiere AC0504_M_sia.jpg | Parameter: Iterationen=64, max. Validierungsrunden=8

--- Verarbeite AC0504_M_sia.jpg ---
Bildbeschreibung: Unzugeordnete Wurzelform aus der Serie AC0504_M_sia. Das Symbol liegt derzeit nur als einzelnes, noch nicht fachlich klassifiziertes Bildobjekt vor. Dokumentiert ist die dokumentierte Variante (sia). Bitte einer finalen Wurzelform-Kategorie zuordnen.
Befehl erkannt: MANUELL: Beschreibung fordert manuelle Zuordnung zu einer finalen Wurzelform-Kategorie.
  -> Plan B aktiv: elementweise iterative Annäherung aus Rasterbild.
  -> Plan B Vergleich aktiv: verwende generierte Vektor-Lösung (status=manual_review_elementwise_symbol_fit, err=17.168).
[WARN] AC0504_M_sia.jpg: Differenzbild-Fehlerpixel sind nicht zufällig verteilt; Variante bleibt für einen Qualitäts-Nachbesserungslauf geöffnet (upper_quartile_error_pixels_form_large_connected_component; largest_cluster_fraction=0.920398, localized_error_fraction=0.823741).
[INFO] Konvertiert AC0504_M_sia.jpg | Parameter: mode=manual_review, label=, variant_name=AC0504_M_SIA | Qualität: Optimierungsfehler/Pixel=0.009552, Mean-Delta²=3827.169922, RGB-RMSE/Kanal=35.717269, Raumscore=12452.165474, beste Composite-Iteration=n/a (direkte/semantische Pipeline), ausgeführt=64/64 | Dauer=0.3s
[INFO] Konvertiere AC0504_S_sia.jpg | Parameter: Iterationen=64, max. Validierungsrunden=8

--- Verarbeite AC0504_S_sia.jpg ---
Bildbeschreibung: Unzugeordnete Wurzelform aus der Serie AC0504_S_sia. Das Symbol liegt derzeit nur als einzelnes, noch nicht fachlich klassifiziertes Bildobjekt vor. Dokumentiert ist die dokumentierte Variante (sia). Bitte einer finalen Wurzelform-Kategorie zuordnen.
Befehl erkannt: MANUELL: Beschreibung fordert manuelle Zuordnung zu einer finalen Wurzelform-Kategorie.
  -> Plan B aktiv: elementweise iterative Annäherung aus Rasterbild.
  -> Plan B Vergleich aktiv: verwende generierte Vektor-Lösung (status=manual_review_elementwise_symbol_fit, err=18.145).
[INFO] Konvertiert AC0504_S_sia.jpg | Parameter: mode=manual_review, label=, variant_name=AC0504_S_SIA | Qualität: Optimierungsfehler/Pixel=0.022580, Mean-Delta²=3384.086182, RGB-RMSE/Kanal=33.586139, Raumscore=9091.653844, beste Composite-Iteration=n/a (direkte/semantische Pipeline), ausgeführt=64/64 | Dauer=0.2s
[INFO] Konvertiere AC0511_1_L.jpg | Parameter: Iterationen=64, max. Validierungsrunden=8

--- Verarbeite AC0511_1_L.jpg ---
Bildbeschreibung: Graues Rechteck hochkant, graue Umrandung, drei graue horizontale Linien, Farbverlauf dunkel-hell-dunkel. Offene Klappe mit 3 Schliessflächen
Befehl erkannt: Fallback-Modus aktiv (Beschreibung wird ohne expliziten Compositing-Befehl verarbeitet)
  -> Fallback aktiv: elementweise iterative Annäherung aus Rasterbild.
[INFO] Konvertiert AC0511_1_L.jpg | Parameter: mode=auto, label=M, variant_name=AC0511_1_L | Qualität: Optimierungsfehler/Pixel=0.011255, Mean-Delta²=6481.801270, RGB-RMSE/Kanal=46.482259, Raumscore=11592.664876, beste Composite-Iteration=n/a (direkte/semantische Pipeline), ausgeführt=64/64 | Dauer=1.1s
[INFO] Konvertiere AC0511_1_M.jpg | Parameter: Iterationen=64, max. Validierungsrunden=8

--- Verarbeite AC0511_1_M.jpg ---
Bildbeschreibung: Graues Rechteck hochkant, graue Umrandung, drei graue horizontale Linien, Farbverlauf dunkel-hell-dunkel. Offene Klappe mit 3 Schliessflächen
Befehl erkannt: Fallback-Modus aktiv (Beschreibung wird ohne expliziten Compositing-Befehl verarbeitet)
  -> Fallback aktiv: elementweise iterative Annäherung aus Rasterbild.
[INFO] Konvertiert AC0511_1_M.jpg | Parameter: mode=auto, label=M, variant_name=AC0511_1_M | Qualität: Optimierungsfehler/Pixel=0.020221, Mean-Delta²=6217.019043, RGB-RMSE/Kanal=45.522958, Raumscore=11262.683206, beste Composite-Iteration=n/a (direkte/semantische Pipeline), ausgeführt=64/64 | Dauer=0.9s
[INFO] Konvertiere AC0511_1_S.jpg | Parameter: Iterationen=64, max. Validierungsrunden=8

--- Verarbeite AC0511_1_S.jpg ---
Bildbeschreibung: Graues Rechteck hochkant, graue Umrandung, drei graue horizontale Linien, Farbverlauf dunkel-hell-dunkel. Offene Klappe mit 3 Schliessflächen
Befehl erkannt: Fallback-Modus aktiv (Beschreibung wird ohne expliziten Compositing-Befehl verarbeitet)
  -> Fallback aktiv: elementweise iterative Annäherung aus Rasterbild.
[INFO] Konvertiert AC0511_1_S.jpg | Parameter: mode=auto, label=M, variant_name=AC0511_1_S | Qualität: Optimierungsfehler/Pixel=0.043944, Mean-Delta²=5954.347656, RGB-RMSE/Kanal=44.550898, Raumscore=10160.181629, beste Composite-Iteration=n/a (direkte/semantische Pipeline), ausgeführt=64/64 | Dauer=0.8s
[INFO] Konvertiere AC0511_L.jpg | Parameter: Iterationen=64, max. Validierungsrunden=8

--- Verarbeite AC0511_L.jpg ---
Bildbeschreibung: Graues Rechteck hochkant, graue Umrandung, drei graue horizontale Linien, Farbverlauf dunkel-hell-dunkel. Offene Klappe mit 3 Schliessflächen
Befehl erkannt: Fallback-Modus aktiv (Beschreibung wird ohne expliziten Compositing-Befehl verarbeitet)
  -> Fallback aktiv: elementweise iterative Annäherung aus Rasterbild.
[WARN] AC0511_L.jpg: Differenzbild-Fehlerpixel sind nicht zufällig verteilt; Variante bleibt für einen Qualitäts-Nachbesserungslauf geöffnet (upper_quartile_error_pixels_form_large_connected_component; largest_cluster_fraction=0.988943, localized_error_fraction=0.640143).
[INFO] Konvertiert AC0511_L.jpg | Parameter: mode=auto, label=M, variant_name=AC0511_L | Qualität: Optimierungsfehler/Pixel=0.006983, Mean-Delta²=3362.399170, RGB-RMSE/Kanal=33.478347, Raumscore=9157.334754, beste Composite-Iteration=n/a (direkte/semantische Pipeline), ausgeführt=64/64 | Dauer=1.1s
[INFO] Konvertiere AC0511_M.jpg | Parameter: Iterationen=64, max. Validierungsrunden=8

--- Verarbeite AC0511_M.jpg ---
Bildbeschreibung: Graues Rechteck hochkant, graue Umrandung, drei graue horizontale Linien, Farbverlauf dunkel-hell-dunkel. Offene Klappe mit 3 Schliessflächen
Befehl erkannt: Fallback-Modus aktiv (Beschreibung wird ohne expliziten Compositing-Befehl verarbeitet)
  -> Fallback aktiv: elementweise iterative Annäherung aus Rasterbild.
[WARN] AC0511_M.jpg: Differenzbild-Fehlerpixel sind nicht zufällig verteilt; Variante bleibt für einen Qualitäts-Nachbesserungslauf geöffnet (upper_quartile_error_pixels_form_large_connected_component; largest_cluster_fraction=0.997831, localized_error_fraction=0.776669).
[INFO] Konvertiert AC0511_M.jpg | Parameter: mode=auto, label=M, variant_name=AC0511_M | Qualität: Optimierungsfehler/Pixel=0.012099, Mean-Delta²=3391.993408, RGB-RMSE/Kanal=33.625355, Raumscore=10409.542250, beste Composite-Iteration=n/a (direkte/semantische Pipeline), ausgeführt=64/64 | Dauer=0.9s
[INFO] Konvertiere AC0511_S.jpg | Parameter: Iterationen=64, max. Validierungsrunden=8

--- Verarbeite AC0511_S.jpg ---
Bildbeschreibung: Graues Rechteck hochkant, graue Umrandung, drei graue horizontale Linien, Farbverlauf dunkel-hell-dunkel. Offene Klappe mit 3 Schliessflächen
Befehl erkannt: Fallback-Modus aktiv (Beschreibung wird ohne expliziten Compositing-Befehl verarbeitet)
  -> Fallback aktiv: elementweise iterative Annäherung aus Rasterbild.
[WARN] AC0511_S.jpg: Differenzbild-Fehlerpixel sind nicht zufällig verteilt; Variante bleibt für einen Qualitäts-Nachbesserungslauf geöffnet (upper_quartile_error_pixels_form_large_connected_component; largest_cluster_fraction=0.614213, localized_error_fraction=0.672301).
[INFO] Konvertiert AC0511_S.jpg | Parameter: mode=auto, label=M, variant_name=AC0511_S | Qualität: Optimierungsfehler/Pixel=0.027667, Mean-Delta²=3776.943848, RGB-RMSE/Kanal=35.482126, Raumscore=9876.433546, beste Composite-Iteration=n/a (direkte/semantische Pipeline), ausgeführt=64/64 | Dauer=0.8s
[INFO] Konvertiere AC0512_1_L.jpg | Parameter: Iterationen=64, max. Validierungsrunden=8

--- Verarbeite AC0512_1_L.jpg ---
Bildbeschreibung: Wie AC0511: Graues Rechteck hochkant, graue Umrandung, drei graue horizontale Linien, Farbverlauf dunkel-hell-dunkel. Offene Klappe mit 3 Schliessflächen. Geometrische Variante: 90° nach rechts gedreht.
Befehl erkannt: Fallback-Modus aktiv (Beschreibung wird ohne expliziten Compositing-Befehl verarbeitet)
  -> Fallback aktiv: elementweise iterative Annäherung aus Rasterbild.
[INFO] Konvertiert AC0512_1_L.jpg | Parameter: mode=auto, label=M, variant_name=AC0512_1_L | Qualität: Optimierungsfehler/Pixel=0.011543, Mean-Delta²=6554.408691, RGB-RMSE/Kanal=46.741875, Raumscore=11063.865811, beste Composite-Iteration=n/a (direkte/semantische Pipeline), ausgeführt=64/64 | Dauer=1.9s
[INFO] Konvertiere AC0512_1_M.jpg | Parameter: Iterationen=64, max. Validierungsrunden=8

--- Verarbeite AC0512_1_M.jpg ---
Bildbeschreibung: Wie AC0511: Graues Rechteck hochkant, graue Umrandung, drei graue horizontale Linien, Farbverlauf dunkel-hell-dunkel. Offene Klappe mit 3 Schliessflächen. Geometrische Variante: 90° nach rechts gedreht.
Befehl erkannt: Fallback-Modus aktiv (Beschreibung wird ohne expliziten Compositing-Befehl verarbeitet)
  -> Fallback aktiv: elementweise iterative Annäherung aus Rasterbild.
[INFO] Konvertiert AC0512_1_M.jpg | Parameter: mode=auto, label=M, variant_name=AC0512_1_M | Qualität: Optimierungsfehler/Pixel=0.020523, Mean-Delta²=6315.287109, RGB-RMSE/Kanal=45.881322, Raumscore=10801.628243, beste Composite-Iteration=n/a (direkte/semantische Pipeline), ausgeführt=64/64 | Dauer=1.6s
[INFO] Konvertiere AC0512_1_S.jpg | Parameter: Iterationen=64, max. Validierungsrunden=8

--- Verarbeite AC0512_1_S.jpg ---
Bildbeschreibung: Wie AC0511: Graues Rechteck hochkant, graue Umrandung, drei graue horizontale Linien, Farbverlauf dunkel-hell-dunkel. Offene Klappe mit 3 Schliessflächen. Geometrische Variante: 90° nach rechts gedreht.
Befehl erkannt: Fallback-Modus aktiv (Beschreibung wird ohne expliziten Compositing-Befehl verarbeitet)
  -> Fallback aktiv: elementweise iterative Annäherung aus Rasterbild.
[INFO] Konvertiert AC0512_1_S.jpg | Parameter: mode=auto, label=M, variant_name=AC0512_1_S | Qualität: Optimierungsfehler/Pixel=0.045467, Mean-Delta²=6031.258789, RGB-RMSE/Kanal=44.837703, Raumscore=9920.831540, beste Composite-Iteration=n/a (direkte/semantische Pipeline), ausgeführt=64/64 | Dauer=1.3s
[INFO] Konvertiere AC0512_L.jpg | Parameter: Iterationen=64, max. Validierungsrunden=8

--- Verarbeite AC0512_L.jpg ---
Bildbeschreibung: Wie AC0511: Graues Rechteck hochkant, graue Umrandung, drei graue horizontale Linien, Farbverlauf dunkel-hell-dunkel. Offene Klappe mit 3 Schliessflächen. Geometrische Variante: 90° nach rechts gedreht.
Befehl erkannt: Fallback-Modus aktiv (Beschreibung wird ohne expliziten Compositing-Befehl verarbeitet)
  -> Fallback aktiv: elementweise iterative Annäherung aus Rasterbild.
[WARN] AC0512_L.jpg: Differenzbild-Fehlerpixel sind nicht zufällig verteilt; Variante bleibt für einen Qualitäts-Nachbesserungslauf geöffnet (upper_quartile_error_pixels_form_large_connected_component; largest_cluster_fraction=0.872749, localized_error_fraction=0.672914).
[INFO] Konvertiert AC0512_L.jpg | Parameter: mode=auto, label=M, variant_name=AC0512_L | Qualität: Optimierungsfehler/Pixel=0.007064, Mean-Delta²=3684.276611, RGB-RMSE/Kanal=35.044146, Raumscore=10181.530186, beste Composite-Iteration=n/a (direkte/semantische Pipeline), ausgeführt=64/64 | Dauer=1.0s
[INFO] Konvertiere AC0512_M.jpg | Parameter: Iterationen=64, max. Validierungsrunden=8

--- Verarbeite AC0512_M.jpg ---
Bildbeschreibung: Wie AC0511: Graues Rechteck hochkant, graue Umrandung, drei graue horizontale Linien, Farbverlauf dunkel-hell-dunkel. Offene Klappe mit 3 Schliessflächen. Geometrische Variante: 90° nach rechts gedreht.
Befehl erkannt: Fallback-Modus aktiv (Beschreibung wird ohne expliziten Compositing-Befehl verarbeitet)
  -> Fallback aktiv: elementweise iterative Annäherung aus Rasterbild.
[WARN] AC0512_M.jpg: Differenzbild-Fehlerpixel sind nicht zufällig verteilt; Variante bleibt für einen Qualitäts-Nachbesserungslauf geöffnet (error_energy_concentrated_in_worst_tiles; largest_cluster_fraction=0.433708, localized_error_fraction=0.754292).
[INFO] Konvertiert AC0512_M.jpg | Parameter: mode=auto, label=M, variant_name=AC0512_M | Qualität: Optimierungsfehler/Pixel=0.012335, Mean-Delta²=3276.913330, RGB-RMSE/Kanal=33.050029, Raumscore=8971.921515, beste Composite-Iteration=n/a (direkte/semantische Pipeline), ausgeführt=64/64 | Dauer=1.0s
[INFO] Konvertiere AC0512_S.jpg | Parameter: Iterationen=64, max. Validierungsrunden=8

--- Verarbeite AC0512_S.jpg ---
Bildbeschreibung: Wie AC0511: Graues Rechteck hochkant, graue Umrandung, drei graue horizontale Linien, Farbverlauf dunkel-hell-dunkel. Offene Klappe mit 3 Schliessflächen. Geometrische Variante: 90° nach rechts gedreht.
Befehl erkannt: Fallback-Modus aktiv (Beschreibung wird ohne expliziten Compositing-Befehl verarbeitet)
  -> Fallback aktiv: elementweise iterative Annäherung aus Rasterbild.
[WARN] AC0512_S.jpg: Differenzbild-Fehlerpixel sind nicht zufällig verteilt; Variante bleibt für einen Qualitäts-Nachbesserungslauf geöffnet (upper_quartile_error_pixels_form_large_connected_component; largest_cluster_fraction=0.834906, localized_error_fraction=0.723413).
[INFO] Konvertiert AC0512_S.jpg | Parameter: mode=auto, label=M, variant_name=AC0512_S | Qualität: Optimierungsfehler/Pixel=0.027641, Mean-Delta²=4015.906250, RGB-RMSE/Kanal=36.587367, Raumscore=11583.644786, beste Composite-Iteration=n/a (direkte/semantische Pipeline), ausgeführt=64/64 | Dauer=0.9s
[INFO] Konvertiere AC0521_L.jpg | Parameter: Iterationen=64, max. Validierungsrunden=8

--- Verarbeite AC0521_L.jpg ---
Bildbeschreibung: Graues Rechteck hochkant, graue Umrandung, drei graue horizontale Linien, Farbverlauf dunkel-hell-dunkel. Offene Klappe mit 3 Schliessflächen Abweichung: anstelle von 3 grauen horizontalen dunkelgrauen Strichen drei kleinere vertikale dunkelgraue Striche. Es handelt sich um eine geschlossene Klappe mit der Schliessflächen.
Befehl erkannt: Fallback-Modus aktiv (Beschreibung wird ohne expliziten Compositing-Befehl verarbeitet)
  -> Fallback aktiv: verwende gerahmtes Farbuebergang-Panel aus Rasterfarben.
[WARN] AC0521_L.jpg: Differenzbild-Fehlerpixel sind nicht zufällig verteilt; Variante bleibt für einen Qualitäts-Nachbesserungslauf geöffnet (error_energy_concentrated_in_worst_tiles; largest_cluster_fraction=0.397561, localized_error_fraction=0.780280).
[INFO] Konvertiert AC0521_L.jpg | Parameter: mode=auto, label=M, variant_name=AC0521_L | Qualität: Optimierungsfehler/Pixel=0.006060, Mean-Delta²=2479.260010, RGB-RMSE/Kanal=28.747522, Raumscore=7015.270791, beste Composite-Iteration=n/a (direkte/semantische Pipeline), ausgeführt=64/64 | Dauer=0.1s
[INFO] Konvertiere AC0521_M.jpg | Parameter: Iterationen=64, max. Validierungsrunden=8

--- Verarbeite AC0521_M.jpg ---
Bildbeschreibung: Graues Rechteck hochkant, graue Umrandung, drei graue horizontale Linien, Farbverlauf dunkel-hell-dunkel. Offene Klappe mit 3 Schliessflächen Abweichung: anstelle von 3 grauen horizontalen dunkelgrauen Strichen drei kleinere vertikale dunkelgraue Striche. Es handelt sich um eine geschlossene Klappe mit der Schliessflächen.
Befehl erkannt: Fallback-Modus aktiv (Beschreibung wird ohne expliziten Compositing-Befehl verarbeitet)
  -> Fallback aktiv: verwende gerahmtes Farbuebergang-Panel aus Rasterfarben.
[WARN] AC0521_M.jpg: Differenzbild-Fehlerpixel sind nicht zufällig verteilt; Variante bleibt für einen Qualitäts-Nachbesserungslauf geöffnet (upper_quartile_error_pixels_form_large_connected_component; largest_cluster_fraction=0.838641, localized_error_fraction=0.846026).
[INFO] Konvertiert AC0521_M.jpg | Parameter: mode=auto, label=M, variant_name=AC0521_M | Qualität: Optimierungsfehler/Pixel=0.010297, Mean-Delta²=2364.161621, RGB-RMSE/Kanal=28.072297, Raumscore=7890.416091, beste Composite-Iteration=n/a (direkte/semantische Pipeline), ausgeführt=64/64 | Dauer=0.1s
[INFO] Konvertiere AC0521_S.jpg | Parameter: Iterationen=64, max. Validierungsrunden=8

--- Verarbeite AC0521_S.jpg ---
Bildbeschreibung: Graues Rechteck hochkant, graue Umrandung, drei graue horizontale Linien, Farbverlauf dunkel-hell-dunkel. Offene Klappe mit 3 Schliessflächen Abweichung: anstelle von 3 grauen horizontalen dunkelgrauen Strichen drei kleinere vertikale dunkelgraue Striche. Es handelt sich um eine geschlossene Klappe mit der Schliessflächen.
Befehl erkannt: Fallback-Modus aktiv (Beschreibung wird ohne expliziten Compositing-Befehl verarbeitet)
  -> Fallback aktiv: verwende gerahmtes Farbuebergang-Panel aus Rasterfarben.
[WARN] AC0521_S.jpg: Differenzbild-Fehlerpixel sind nicht zufällig verteilt; Variante bleibt für einen Qualitäts-Nachbesserungslauf geöffnet (error_energy_concentrated_in_worst_tiles; largest_cluster_fraction=0.406091, localized_error_fraction=0.869080).
[INFO] Konvertiert AC0521_S.jpg | Parameter: mode=auto, label=M, variant_name=AC0521_S | Qualität: Optimierungsfehler/Pixel=0.025138, Mean-Delta²=3073.004883, RGB-RMSE/Kanal=32.005233, Raumscore=9835.547618, beste Composite-Iteration=n/a (direkte/semantische Pipeline), ausgeführt=64/64 | Dauer=0.1s
[INFO] Konvertiere AC0522_L.jpg | Parameter: Iterationen=64, max. Validierungsrunden=8

--- Verarbeite AC0522_L.jpg ---
Bildbeschreibung: Wie AC0521: Wie AC0511, jedoch anstelle von 3 grauen horizontalen dunkelgrauen Strichen drei kleinere vertikale dunkelgraue Striche. Es handelt sich um eine geschlossene Klappe mit der Schliessflächen. . Geometrische Variante: 90° nach rechts gedreht.
Befehl erkannt: Fallback-Modus aktiv (Beschreibung wird ohne expliziten Compositing-Befehl verarbeitet)
  -> Fallback aktiv: verwende gerahmtes Farbuebergang-Panel aus Rasterfarben.
[WARN] AC0522_L.jpg: Differenzbild-Fehlerpixel sind nicht zufällig verteilt; Variante bleibt für einen Qualitäts-Nachbesserungslauf geöffnet (error_energy_concentrated_in_worst_tiles; largest_cluster_fraction=0.343182, localized_error_fraction=0.830059).
[INFO] Konvertiert AC0522_L.jpg | Parameter: mode=auto, label=M, variant_name=AC0522_L | Qualität: Optimierungsfehler/Pixel=0.005633, Mean-Delta²=2589.349365, RGB-RMSE/Kanal=29.378844, Raumscore=7672.521474, beste Composite-Iteration=n/a (direkte/semantische Pipeline), ausgeführt=64/64 | Dauer=0.1s
[INFO] Konvertiere AC0522_M.jpg | Parameter: Iterationen=64, max. Validierungsrunden=8

--- Verarbeite AC0522_M.jpg ---
Bildbeschreibung: Wie AC0521: Wie AC0511, jedoch anstelle von 3 grauen horizontalen dunkelgrauen Strichen drei kleinere vertikale dunkelgraue Striche. Es handelt sich um eine geschlossene Klappe mit der Schliessflächen. . Geometrische Variante: 90° nach rechts gedreht.
Befehl erkannt: Fallback-Modus aktiv (Beschreibung wird ohne expliziten Compositing-Befehl verarbeitet)
  -> Fallback aktiv: verwende gerahmtes Farbuebergang-Panel aus Rasterfarben.
[WARN] AC0522_M.jpg: Differenzbild-Fehlerpixel sind nicht zufällig verteilt; Variante bleibt für einen Qualitäts-Nachbesserungslauf geöffnet (upper_quartile_error_pixels_form_large_connected_component; largest_cluster_fraction=0.556169, localized_error_fraction=0.843192).
[INFO] Konvertiert AC0522_M.jpg | Parameter: mode=auto, label=M, variant_name=AC0522_M | Qualität: Optimierungsfehler/Pixel=0.009969, Mean-Delta²=2538.306641, RGB-RMSE/Kanal=29.087836, Raumscore=8243.621953, beste Composite-Iteration=n/a (direkte/semantische Pipeline), ausgeführt=64/64 | Dauer=0.1s
[INFO] Konvertiere AC0522_S.jpg | Parameter: Iterationen=64, max. Validierungsrunden=8

--- Verarbeite AC0522_S.jpg ---
Bildbeschreibung: Wie AC0521: Wie AC0511, jedoch anstelle von 3 grauen horizontalen dunkelgrauen Strichen drei kleinere vertikale dunkelgraue Striche. Es handelt sich um eine geschlossene Klappe mit der Schliessflächen. . Geometrische Variante: 90° nach rechts gedreht.
Befehl erkannt: Fallback-Modus aktiv (Beschreibung wird ohne expliziten Compositing-Befehl verarbeitet)
  -> Fallback aktiv: verwende gerahmtes Farbuebergang-Panel aus Rasterfarben.
[WARN] AC0522_S.jpg: Differenzbild-Fehlerpixel sind nicht zufällig verteilt; Variante bleibt für einen Qualitäts-Nachbesserungslauf geöffnet (error_energy_concentrated_in_worst_tiles; largest_cluster_fraction=0.283843, localized_error_fraction=0.893377).
[INFO] Konvertiert AC0522_S.jpg | Parameter: mode=auto, label=M, variant_name=AC0522_S | Qualität: Optimierungsfehler/Pixel=0.024060, Mean-Delta²=3191.876221, RGB-RMSE/Kanal=32.618380, Raumscore=10280.175290, beste Composite-Iteration=n/a (direkte/semantische Pipeline), ausgeführt=64/64 | Dauer=0.1s
[INFO] Konvertiere AC0531_1S_sia.jpg | Parameter: Iterationen=64, max. Validierungsrunden=8

--- Verarbeite AC0531_1S_sia.jpg ---
Bildbeschreibung: Wie AC0501: Klappensymbol: Rechteck hochkant, graue Umrandung. Graue Diagonale von unten links nach oben Rechts, in der Mitte ein dunkelgrauer Punkt. Farbverlauf Hintergrund: Dunkelgrau, hellgrau, dunkelgrau. Geometrische Variante: identisch zur Referenz.
Befehl erkannt: Fallback-Modus aktiv (Beschreibung wird ohne expliziten Compositing-Befehl verarbeitet)
  -> Fallback aktiv: elementweise iterative Annäherung aus Rasterbild.
[WARN] AC0531_1S_sia.jpg: Differenzbild-Fehlerpixel sind nicht zufällig verteilt; Variante bleibt für einen Qualitäts-Nachbesserungslauf geöffnet (error_energy_concentrated_in_worst_tiles; largest_cluster_fraction=0.375000, localized_error_fraction=0.909138).
[INFO] Konvertiert AC0531_1S_sia.jpg | Parameter: mode=auto, label=M, variant_name=AC0531_1S_SIA | Qualität: Optimierungsfehler/Pixel=0.022759, Mean-Delta²=6242.096191, RGB-RMSE/Kanal=45.614677, Raumscore=21383.418502, beste Composite-Iteration=n/a (direkte/semantische Pipeline), ausgeführt=64/64 | Dauer=0.8s
[INFO] Konvertiere AC0531_1_L.jpg | Parameter: Iterationen=64, max. Validierungsrunden=8

--- Verarbeite AC0531_1_L.jpg ---
Bildbeschreibung: Wie AC0501: Klappensymbol: Rechteck hochkant, graue Umrandung. Graue Diagonale von unten links nach oben Rechts, in der Mitte ein dunkelgrauer Punkt. Farbverlauf Hintergrund: Dunkelgrau, hellgrau, dunkelgrau. Geometrische Variante: identisch zur Referenz.
Befehl erkannt: Fallback-Modus aktiv (Beschreibung wird ohne expliziten Compositing-Befehl verarbeitet)
  -> Fallback aktiv: elementweise iterative Annäherung aus Rasterbild.
[WARN] AC0531_1_L.jpg: Differenzbild-Fehlerpixel sind nicht zufällig verteilt; Variante bleibt für einen Qualitäts-Nachbesserungslauf geöffnet (upper_quartile_error_pixels_form_large_connected_component; largest_cluster_fraction=0.547051, localized_error_fraction=0.387851).
[INFO] Konvertiert AC0531_1_L.jpg | Parameter: mode=auto, label=M, variant_name=AC0531_1_L | Qualität: Optimierungsfehler/Pixel=0.010378, Mean-Delta²=5215.003906, RGB-RMSE/Kanal=41.693340, Raumscore=8898.253375, beste Composite-Iteration=n/a (direkte/semantische Pipeline), ausgeführt=64/64 | Dauer=1.5s
[INFO] Konvertiere AC0531_1_M.jpg | Parameter: Iterationen=64, max. Validierungsrunden=8

--- Verarbeite AC0531_1_M.jpg ---
Bildbeschreibung: Wie AC0501: Klappensymbol: Rechteck hochkant, graue Umrandung. Graue Diagonale von unten links nach oben Rechts, in der Mitte ein dunkelgrauer Punkt. Farbverlauf Hintergrund: Dunkelgrau, hellgrau, dunkelgrau. Geometrische Variante: identisch zur Referenz.
Befehl erkannt: Fallback-Modus aktiv (Beschreibung wird ohne expliziten Compositing-Befehl verarbeitet)
  -> Fallback aktiv: elementweise iterative Annäherung aus Rasterbild.
[WARN] AC0531_1_M.jpg: Differenzbild-Fehlerpixel sind nicht zufällig verteilt; Variante bleibt für einen Qualitäts-Nachbesserungslauf geöffnet (upper_quartile_error_pixels_form_large_connected_component; largest_cluster_fraction=0.577778, localized_error_fraction=0.352960).
[INFO] Konvertiert AC0531_1_M.jpg | Parameter: mode=auto, label=M, variant_name=AC0531_1_M | Qualität: Optimierungsfehler/Pixel=0.017699, Mean-Delta²=4516.412109, RGB-RMSE/Kanal=38.800396, Raumscore=7069.351938, beste Composite-Iteration=n/a (direkte/semantische Pipeline), ausgeführt=64/64 | Dauer=1.0s
[INFO] Konvertiere AC0531_1_S.jpg | Parameter: Iterationen=64, max. Validierungsrunden=8

--- Verarbeite AC0531_1_S.jpg ---
Bildbeschreibung: Wie AC0501: Klappensymbol: Rechteck hochkant, graue Umrandung. Graue Diagonale von unten links nach oben Rechts, in der Mitte ein dunkelgrauer Punkt. Farbverlauf Hintergrund: Dunkelgrau, hellgrau, dunkelgrau. Geometrische Variante: identisch zur Referenz.
Befehl erkannt: Fallback-Modus aktiv (Beschreibung wird ohne expliziten Compositing-Befehl verarbeitet)
  -> Fallback aktiv: elementweise iterative Annäherung aus Rasterbild.
[INFO] Konvertiert AC0531_1_S.jpg | Parameter: mode=auto, label=M, variant_name=AC0531_1_S | Qualität: Optimierungsfehler/Pixel=0.036346, Mean-Delta²=3871.536133, RGB-RMSE/Kanal=35.923698, Raumscore=5514.492254, beste Composite-Iteration=n/a (direkte/semantische Pipeline), ausgeführt=64/64 | Dauer=0.8s
[INFO] Konvertiere AC0531_2S_sia.jpg | Parameter: Iterationen=64, max. Validierungsrunden=8

--- Verarbeite AC0531_2S_sia.jpg ---
Bildbeschreibung: Wie AC0501: Klappensymbol: Rechteck hochkant, graue Umrandung. Graue Diagonale von unten links nach oben Rechts, in der Mitte ein dunkelgrauer Punkt. Farbverlauf Hintergrund: Dunkelgrau, hellgrau, dunkelgrau. Geometrische Variante: identisch zur Referenz.
Befehl erkannt: Fallback-Modus aktiv (Beschreibung wird ohne expliziten Compositing-Befehl verarbeitet)
  -> Fallback aktiv: elementweise iterative Annäherung aus Rasterbild.
[WARN] AC0531_2S_sia.jpg: Differenzbild-Fehlerpixel sind nicht zufällig verteilt; Variante bleibt für einen Qualitäts-Nachbesserungslauf geöffnet (error_energy_concentrated_in_worst_tiles; largest_cluster_fraction=0.239130, localized_error_fraction=0.842269).
[INFO] Konvertiert AC0531_2S_sia.jpg | Parameter: mode=auto, label=M, variant_name=AC0531_2S_SIA | Qualität: Optimierungsfehler/Pixel=0.020769, Mean-Delta²=4263.417480, RGB-RMSE/Kanal=37.697999, Raumscore=13080.889986, beste Composite-Iteration=n/a (direkte/semantische Pipeline), ausgeführt=64/64 | Dauer=0.8s
[INFO] Konvertiere AC0531_2_L.jpg | Parameter: Iterationen=64, max. Validierungsrunden=8

--- Verarbeite AC0531_2_L.jpg ---
Bildbeschreibung: Wie AC0501: Klappensymbol: Rechteck hochkant, graue Umrandung. Graue Diagonale von unten links nach oben Rechts, in der Mitte ein dunkelgrauer Punkt. Farbverlauf Hintergrund: Dunkelgrau, hellgrau, dunkelgrau. Geometrische Variante: identisch zur Referenz.
Befehl erkannt: Fallback-Modus aktiv (Beschreibung wird ohne expliziten Compositing-Befehl verarbeitet)
  -> Fallback aktiv: elementweise iterative Annäherung aus Rasterbild.
[INFO] Konvertiert AC0531_2_L.jpg | Parameter: mode=auto, label=M, variant_name=AC0531_2_L | Qualität: Optimierungsfehler/Pixel=0.009636, Mean-Delta²=3922.991211, RGB-RMSE/Kanal=36.161633, Raumscore=6361.221284, beste Composite-Iteration=n/a (direkte/semantische Pipeline), ausgeführt=64/64 | Dauer=1.2s
[INFO] Konvertiere AC0531_2_M.jpg | Parameter: Iterationen=64, max. Validierungsrunden=8

--- Verarbeite AC0531_2_M.jpg ---
Bildbeschreibung: Wie AC0501: Klappensymbol: Rechteck hochkant, graue Umrandung. Graue Diagonale von unten links nach oben Rechts, in der Mitte ein dunkelgrauer Punkt. Farbverlauf Hintergrund: Dunkelgrau, hellgrau, dunkelgrau. Geometrische Variante: identisch zur Referenz.
Befehl erkannt: Fallback-Modus aktiv (Beschreibung wird ohne expliziten Compositing-Befehl verarbeitet)
  -> Fallback aktiv: elementweise iterative Annäherung aus Rasterbild.
[INFO] Konvertiert AC0531_2_M.jpg | Parameter: mode=auto, label=M, variant_name=AC0531_2_M | Qualität: Optimierungsfehler/Pixel=0.016729, Mean-Delta²=3561.122803, RGB-RMSE/Kanal=34.453460, Raumscore=5687.788236, beste Composite-Iteration=n/a (direkte/semantische Pipeline), ausgeführt=64/64 | Dauer=1.0s
[INFO] Konvertiere AC0531_2_S.jpg | Parameter: Iterationen=64, max. Validierungsrunden=8

--- Verarbeite AC0531_2_S.jpg ---
Bildbeschreibung: Wie AC0501: Klappensymbol: Rechteck hochkant, graue Umrandung. Graue Diagonale von unten links nach oben Rechts, in der Mitte ein dunkelgrauer Punkt. Farbverlauf Hintergrund: Dunkelgrau, hellgrau, dunkelgrau. Geometrische Variante: identisch zur Referenz.
Befehl erkannt: Fallback-Modus aktiv (Beschreibung wird ohne expliziten Compositing-Befehl verarbeitet)
  -> Fallback aktiv: elementweise iterative Annäherung aus Rasterbild.
[INFO] Konvertiert AC0531_2_S.jpg | Parameter: mode=auto, label=M, variant_name=AC0531_2_S | Qualität: Optimierungsfehler/Pixel=0.032803, Mean-Delta²=2837.568848, RGB-RMSE/Kanal=30.754777, Raumscore=4215.823195, beste Composite-Iteration=n/a (direkte/semantische Pipeline), ausgeführt=64/64 | Dauer=1.0s
[INFO] Konvertiere AC0531_L.jpg | Parameter: Iterationen=64, max. Validierungsrunden=8

--- Verarbeite AC0531_L.jpg ---
Bildbeschreibung: Wie AC0501: Klappensymbol: Rechteck hochkant, graue Umrandung. Graue Diagonale von unten links nach oben Rechts, in der Mitte ein dunkelgrauer Punkt. Farbverlauf Hintergrund: Dunkelgrau, hellgrau, dunkelgrau. Geometrische Variante: identisch zur Referenz.
Befehl erkannt: Fallback-Modus aktiv (Beschreibung wird ohne expliziten Compositing-Befehl verarbeitet)
  -> Fallback aktiv: elementweise iterative Annäherung aus Rasterbild.
[WARN] AC0531_L.jpg: Differenzbild-Fehlerpixel sind nicht zufällig verteilt; Variante bleibt für einen Qualitäts-Nachbesserungslauf geöffnet (error_energy_concentrated_in_worst_tiles; largest_cluster_fraction=0.346017, localized_error_fraction=0.893983).
[INFO] Konvertiert AC0531_L.jpg | Parameter: mode=auto, label=M, variant_name=AC0531_L | Qualität: Optimierungsfehler/Pixel=0.004544, Mean-Delta²=2467.803467, RGB-RMSE/Kanal=28.681024, Raumscore=9010.880180, beste Composite-Iteration=n/a (direkte/semantische Pipeline), ausgeführt=64/64 | Dauer=0.8s
[INFO] Konvertiere AC0531_L_sia.jpg | Parameter: Iterationen=64, max. Validierungsrunden=8

--- Verarbeite AC0531_L_sia.jpg ---
Bildbeschreibung: Wie AC0501: Klappensymbol: Rechteck hochkant, graue Umrandung. Graue Diagonale von unten links nach oben Rechts, in der Mitte ein dunkelgrauer Punkt. Farbverlauf Hintergrund: Dunkelgrau, hellgrau, dunkelgrau. Geometrische Variante: identisch zur Referenz.
Befehl erkannt: Fallback-Modus aktiv (Beschreibung wird ohne expliziten Compositing-Befehl verarbeitet)
  -> Fallback aktiv: elementweise iterative Annäherung aus Rasterbild.
[WARN] AC0531_L_sia.jpg: Differenzbild-Fehlerpixel sind nicht zufällig verteilt; Variante bleibt für einen Qualitäts-Nachbesserungslauf geöffnet (error_energy_concentrated_in_worst_tiles; largest_cluster_fraction=0.414097, localized_error_fraction=0.879305).
[INFO] Konvertiert AC0531_L_sia.jpg | Parameter: mode=auto, label=M, variant_name=AC0531_L_SIA | Qualität: Optimierungsfehler/Pixel=0.003152, Mean-Delta²=2289.496826, RGB-RMSE/Kanal=27.625452, Raumscore=7602.352165, beste Composite-Iteration=n/a (direkte/semantische Pipeline), ausgeführt=64/64 | Dauer=0.9s
[INFO] Konvertiere AC0531_M.jpg | Parameter: Iterationen=64, max. Validierungsrunden=8

--- Verarbeite AC0531_M.jpg ---
Bildbeschreibung: Wie AC0501: Klappensymbol: Rechteck hochkant, graue Umrandung. Graue Diagonale von unten links nach oben Rechts, in der Mitte ein dunkelgrauer Punkt. Farbverlauf Hintergrund: Dunkelgrau, hellgrau, dunkelgrau. Geometrische Variante: identisch zur Referenz.
Befehl erkannt: Fallback-Modus aktiv (Beschreibung wird ohne expliziten Compositing-Befehl verarbeitet)
  -> Fallback aktiv: elementweise iterative Annäherung aus Rasterbild.
[WARN] AC0531_M.jpg: Differenzbild-Fehlerpixel sind nicht zufällig verteilt; Variante bleibt für einen Qualitäts-Nachbesserungslauf geöffnet (error_energy_concentrated_in_worst_tiles; largest_cluster_fraction=0.385859, localized_error_fraction=0.851220).
[INFO] Konvertiert AC0531_M.jpg | Parameter: mode=auto, label=M, variant_name=AC0531_M | Qualität: Optimierungsfehler/Pixel=0.007865, Mean-Delta²=1937.060059, RGB-RMSE/Kanal=25.410366, Raumscore=6558.771639, beste Composite-Iteration=n/a (direkte/semantische Pipeline), ausgeführt=64/64 | Dauer=0.8s
[INFO] Konvertiere AC0531_M_sia.jpg | Parameter: Iterationen=64, max. Validierungsrunden=8

--- Verarbeite AC0531_M_sia.jpg ---
Bildbeschreibung: Wie AC0501: Klappensymbol: Rechteck hochkant, graue Umrandung. Graue Diagonale von unten links nach oben Rechts, in der Mitte ein dunkelgrauer Punkt. Farbverlauf Hintergrund: Dunkelgrau, hellgrau, dunkelgrau. Geometrische Variante: identisch zur Referenz.
Befehl erkannt: Fallback-Modus aktiv (Beschreibung wird ohne expliziten Compositing-Befehl verarbeitet)
  -> Fallback aktiv: elementweise iterative Annäherung aus Rasterbild.
[WARN] AC0531_M_sia.jpg: Differenzbild-Fehlerpixel sind nicht zufällig verteilt; Variante bleibt für einen Qualitäts-Nachbesserungslauf geöffnet (error_energy_concentrated_in_worst_tiles; largest_cluster_fraction=0.289655, localized_error_fraction=0.835253).
[INFO] Konvertiert AC0531_M_sia.jpg | Parameter: mode=auto, label=M, variant_name=AC0531_M_SIA | Qualität: Optimierungsfehler/Pixel=0.005830, Mean-Delta²=2291.103271, RGB-RMSE/Kanal=27.635142, Raumscore=7119.177095, beste Composite-Iteration=n/a (direkte/semantische Pipeline), ausgeführt=64/64 | Dauer=0.9s
[INFO] Konvertiere AC0531_S.jpg | Parameter: Iterationen=64, max. Validierungsrunden=8

--- Verarbeite AC0531_S.jpg ---
Bildbeschreibung: Wie AC0501: Klappensymbol: Rechteck hochkant, graue Umrandung. Graue Diagonale von unten links nach oben Rechts, in der Mitte ein dunkelgrauer Punkt. Farbverlauf Hintergrund: Dunkelgrau, hellgrau, dunkelgrau. Geometrische Variante: identisch zur Referenz.
Befehl erkannt: Fallback-Modus aktiv (Beschreibung wird ohne expliziten Compositing-Befehl verarbeitet)
  -> Fallback aktiv: elementweise iterative Annäherung aus Rasterbild.
[WARN] AC0531_S.jpg: Differenzbild-Fehlerpixel sind nicht zufällig verteilt; Variante bleibt für einen Qualitäts-Nachbesserungslauf geöffnet (error_energy_concentrated_in_worst_tiles; largest_cluster_fraction=0.494898, localized_error_fraction=0.733313).
[INFO] Konvertiert AC0531_S.jpg | Parameter: mode=auto, label=M, variant_name=AC0531_S | Qualität: Optimierungsfehler/Pixel=0.013388, Mean-Delta²=734.047485, RGB-RMSE/Kanal=15.642330, Raumscore=2166.695315, beste Composite-Iteration=n/a (direkte/semantische Pipeline), ausgeführt=64/64 | Dauer=0.7s
[INFO] Konvertiere AC0531_S_sia.jpg | Parameter: Iterationen=64, max. Validierungsrunden=8

--- Verarbeite AC0531_S_sia.jpg ---
Bildbeschreibung: Wie AC0501: Klappensymbol: Rechteck hochkant, graue Umrandung. Graue Diagonale von unten links nach oben Rechts, in der Mitte ein dunkelgrauer Punkt. Farbverlauf Hintergrund: Dunkelgrau, hellgrau, dunkelgrau. Geometrische Variante: identisch zur Referenz.
Befehl erkannt: Fallback-Modus aktiv (Beschreibung wird ohne expliziten Compositing-Befehl verarbeitet)
  -> Fallback aktiv: elementweise iterative Annäherung aus Rasterbild.
[WARN] AC0531_S_sia.jpg: Differenzbild-Fehlerpixel sind nicht zufällig verteilt; Variante bleibt für einen Qualitäts-Nachbesserungslauf geöffnet (error_energy_concentrated_in_worst_tiles; largest_cluster_fraction=0.468354, localized_error_fraction=0.929784).
[INFO] Konvertiert AC0531_S_sia.jpg | Parameter: mode=auto, label=M, variant_name=AC0531_S_SIA | Qualität: Optimierungsfehler/Pixel=0.010897, Mean-Delta²=1387.237549, RGB-RMSE/Kanal=21.503779, Raumscore=4818.630752, beste Composite-Iteration=n/a (direkte/semantische Pipeline), ausgeführt=64/64 | Dauer=0.7s
[INFO] Konvertiere AC0532_1S_sia.jpg | Parameter: Iterationen=64, max. Validierungsrunden=8

--- Verarbeite AC0532_1S_sia.jpg ---
Bildbeschreibung: Wie AC0501: Klappensymbol: Rechteck hochkant, graue Umrandung. Graue Diagonale von unten links nach oben Rechts, in der Mitte ein dunkelgrauer Punkt. Farbverlauf Hintergrund: Dunkelgrau, hellgrau, dunkelgrau. Geometrische Variante: 90° nach rechts gedreht.
Befehl erkannt: Fallback-Modus aktiv (Beschreibung wird ohne expliziten Compositing-Befehl verarbeitet)
  -> Fallback aktiv: elementweise iterative Annäherung aus Rasterbild.
[WARN] AC0532_1S_sia.jpg: Differenzbild-Fehlerpixel sind nicht zufällig verteilt; Variante bleibt für einen Qualitäts-Nachbesserungslauf geöffnet (upper_quartile_error_pixels_form_large_connected_component; largest_cluster_fraction=0.732558, localized_error_fraction=0.915915).
[INFO] Konvertiert AC0532_1S_sia.jpg | Parameter: mode=auto, label=M, variant_name=AC0532_1S_SIA | Qualität: Optimierungsfehler/Pixel=0.013541, Mean-Delta²=2473.824951, RGB-RMSE/Kanal=28.715994, Raumscore=8821.495581, beste Composite-Iteration=n/a (direkte/semantische Pipeline), ausgeführt=64/64 | Dauer=0.9s
[INFO] Konvertiere AC0532_1_L.jpg | Parameter: Iterationen=64, max. Validierungsrunden=8

--- Verarbeite AC0532_1_L.jpg ---
Bildbeschreibung: Wie AC0501: Klappensymbol: Rechteck hochkant, graue Umrandung. Graue Diagonale von unten links nach oben Rechts, in der Mitte ein dunkelgrauer Punkt. Farbverlauf Hintergrund: Dunkelgrau, hellgrau, dunkelgrau. Geometrische Variante: 90° nach rechts gedreht.
Befehl erkannt: Fallback-Modus aktiv (Beschreibung wird ohne expliziten Compositing-Befehl verarbeitet)
  -> Fallback aktiv: elementweise iterative Annäherung aus Rasterbild.
[WARN] AC0532_1_L.jpg: Differenzbild-Fehlerpixel sind nicht zufällig verteilt; Variante bleibt für einen Qualitäts-Nachbesserungslauf geöffnet (upper_quartile_error_pixels_form_large_connected_component; largest_cluster_fraction=0.526841, localized_error_fraction=0.411931).
[INFO] Konvertiert AC0532_1_L.jpg | Parameter: mode=auto, label=M, variant_name=AC0532_1_L | Qualität: Optimierungsfehler/Pixel=0.010832, Mean-Delta²=5559.794922, RGB-RMSE/Kanal=43.049564, Raumscore=9663.313986, beste Composite-Iteration=n/a (direkte/semantische Pipeline), ausgeführt=64/64 | Dauer=1.0s
[INFO] Konvertiere AC0532_1_M.jpg | Parameter: Iterationen=64, max. Validierungsrunden=8

--- Verarbeite AC0532_1_M.jpg ---
Bildbeschreibung: Wie AC0501: Klappensymbol: Rechteck hochkant, graue Umrandung. Graue Diagonale von unten links nach oben Rechts, in der Mitte ein dunkelgrauer Punkt. Farbverlauf Hintergrund: Dunkelgrau, hellgrau, dunkelgrau. Geometrische Variante: 90° nach rechts gedreht.
Befehl erkannt: Fallback-Modus aktiv (Beschreibung wird ohne expliziten Compositing-Befehl verarbeitet)
  -> Fallback aktiv: elementweise iterative Annäherung aus Rasterbild.
[INFO] Konvertiert AC0532_1_M.jpg | Parameter: mode=auto, label=M, variant_name=AC0532_1_M | Qualität: Optimierungsfehler/Pixel=0.018408, Mean-Delta²=4905.039062, RGB-RMSE/Kanal=40.435294, Raumscore=7245.314125, beste Composite-Iteration=n/a (direkte/semantische Pipeline), ausgeführt=64/64 | Dauer=0.9s
[INFO] Konvertiere AC0532_1_S.jpg | Parameter: Iterationen=64, max. Validierungsrunden=8

--- Verarbeite AC0532_1_S.jpg ---
Bildbeschreibung: Wie AC0501: Klappensymbol: Rechteck hochkant, graue Umrandung. Graue Diagonale von unten links nach oben Rechts, in der Mitte ein dunkelgrauer Punkt. Farbverlauf Hintergrund: Dunkelgrau, hellgrau, dunkelgrau. Geometrische Variante: 90° nach rechts gedreht.
Befehl erkannt: Fallback-Modus aktiv (Beschreibung wird ohne expliziten Compositing-Befehl verarbeitet)
  -> Fallback aktiv: elementweise iterative Annäherung aus Rasterbild.
[INFO] Konvertiert AC0532_1_S.jpg | Parameter: mode=auto, label=M, variant_name=AC0532_1_S | Qualität: Optimierungsfehler/Pixel=0.036761, Mean-Delta²=3925.320068, RGB-RMSE/Kanal=36.172365, Raumscore=5317.470815, beste Composite-Iteration=n/a (direkte/semantische Pipeline), ausgeführt=64/64 | Dauer=1.1s
[INFO] Konvertiere AC0532_2S_sia.jpg | Parameter: Iterationen=64, max. Validierungsrunden=8

--- Verarbeite AC0532_2S_sia.jpg ---
Bildbeschreibung: Wie AC0501: Klappensymbol: Rechteck hochkant, graue Umrandung. Graue Diagonale von unten links nach oben Rechts, in der Mitte ein dunkelgrauer Punkt. Farbverlauf Hintergrund: Dunkelgrau, hellgrau, dunkelgrau. Geometrische Variante: 90° nach rechts gedreht.
Befehl erkannt: Fallback-Modus aktiv (Beschreibung wird ohne expliziten Compositing-Befehl verarbeitet)
  -> Fallback aktiv: elementweise iterative Annäherung aus Rasterbild.
[WARN] AC0532_2S_sia.jpg: Differenzbild-Fehlerpixel sind nicht zufällig verteilt; Variante bleibt für einen Qualitäts-Nachbesserungslauf geöffnet (upper_quartile_error_pixels_form_large_connected_component; largest_cluster_fraction=0.670455, localized_error_fraction=0.911636).
[INFO] Konvertiert AC0532_2S_sia.jpg | Parameter: mode=auto, label=M, variant_name=AC0532_2S_SIA | Qualität: Optimierungsfehler/Pixel=0.010572, Mean-Delta²=1541.276245, RGB-RMSE/Kanal=22.666247, Raumscore=5518.270511, beste Composite-Iteration=n/a (direkte/semantische Pipeline), ausgeführt=64/64 | Dauer=0.9s
[INFO] Konvertiere AC0532_2_L.jpg | Parameter: Iterationen=64, max. Validierungsrunden=8

--- Verarbeite AC0532_2_L.jpg ---
Bildbeschreibung: Wie AC0501: Klappensymbol: Rechteck hochkant, graue Umrandung. Graue Diagonale von unten links nach oben Rechts, in der Mitte ein dunkelgrauer Punkt. Farbverlauf Hintergrund: Dunkelgrau, hellgrau, dunkelgrau. Geometrische Variante: 90° nach rechts gedreht.
Befehl erkannt: Fallback-Modus aktiv (Beschreibung wird ohne expliziten Compositing-Befehl verarbeitet)
  -> Fallback aktiv: elementweise iterative Annäherung aus Rasterbild.
[INFO] Konvertiert AC0532_2_L.jpg | Parameter: mode=auto, label=M, variant_name=AC0532_2_L | Qualität: Optimierungsfehler/Pixel=0.010532, Mean-Delta²=4506.429199, RGB-RMSE/Kanal=38.757490, Raumscore=7733.389945, beste Composite-Iteration=n/a (direkte/semantische Pipeline), ausgeführt=64/64 | Dauer=1.1s
[INFO] Konvertiere AC0532_2_M.jpg | Parameter: Iterationen=64, max. Validierungsrunden=8

--- Verarbeite AC0532_2_M.jpg ---
Bildbeschreibung: Wie AC0501: Klappensymbol: Rechteck hochkant, graue Umrandung. Graue Diagonale von unten links nach oben Rechts, in der Mitte ein dunkelgrauer Punkt. Farbverlauf Hintergrund: Dunkelgrau, hellgrau, dunkelgrau. Geometrische Variante: 90° nach rechts gedreht.
Befehl erkannt: Fallback-Modus aktiv (Beschreibung wird ohne expliziten Compositing-Befehl verarbeitet)
  -> Fallback aktiv: elementweise iterative Annäherung aus Rasterbild.
[INFO] Konvertiert AC0532_2_M.jpg | Parameter: mode=auto, label=M, variant_name=AC0532_2_M | Qualität: Optimierungsfehler/Pixel=0.016955, Mean-Delta²=3578.653809, RGB-RMSE/Kanal=34.538162, Raumscore=5580.739562, beste Composite-Iteration=n/a (direkte/semantische Pipeline), ausgeführt=64/64 | Dauer=1.1s
[INFO] Konvertiere AC0532_2_S.jpg | Parameter: Iterationen=64, max. Validierungsrunden=8

--- Verarbeite AC0532_2_S.jpg ---
Bildbeschreibung: Wie AC0501: Klappensymbol: Rechteck hochkant, graue Umrandung. Graue Diagonale von unten links nach oben Rechts, in der Mitte ein dunkelgrauer Punkt. Farbverlauf Hintergrund: Dunkelgrau, hellgrau, dunkelgrau. Geometrische Variante: 90° nach rechts gedreht.
Befehl erkannt: Fallback-Modus aktiv (Beschreibung wird ohne expliziten Compositing-Befehl verarbeitet)
  -> Fallback aktiv: elementweise iterative Annäherung aus Rasterbild.
[INFO] Konvertiert AC0532_2_S.jpg | Parameter: mode=auto, label=M, variant_name=AC0532_2_S | Qualität: Optimierungsfehler/Pixel=0.034781, Mean-Delta²=2933.034912, RGB-RMSE/Kanal=31.267848, Raumscore=4459.471196, beste Composite-Iteration=n/a (direkte/semantische Pipeline), ausgeführt=64/64 | Dauer=1.0s
[INFO] Konvertiere AC0532_L.jpg | Parameter: Iterationen=64, max. Validierungsrunden=8

--- Verarbeite AC0532_L.jpg ---
Bildbeschreibung: Wie AC0501: Klappensymbol: Rechteck hochkant, graue Umrandung. Graue Diagonale von unten links nach oben Rechts, in der Mitte ein dunkelgrauer Punkt. Farbverlauf Hintergrund: Dunkelgrau, hellgrau, dunkelgrau. Geometrische Variante: 90° nach rechts gedreht.
Befehl erkannt: Fallback-Modus aktiv (Beschreibung wird ohne expliziten Compositing-Befehl verarbeitet)
  -> Fallback aktiv: elementweise iterative Annäherung aus Rasterbild.
[WARN] AC0532_L.jpg: Differenzbild-Fehlerpixel sind nicht zufällig verteilt; Variante bleibt für einen Qualitäts-Nachbesserungslauf geöffnet (upper_quartile_error_pixels_form_large_connected_component; largest_cluster_fraction=0.817834, localized_error_fraction=0.913610).
[INFO] Konvertiert AC0532_L.jpg | Parameter: mode=auto, label=M, variant_name=AC0532_L | Qualität: Optimierungsfehler/Pixel=0.004628, Mean-Delta²=2877.969727, RGB-RMSE/Kanal=30.972944, Raumscore=11235.747307, beste Composite-Iteration=n/a (direkte/semantische Pipeline), ausgeführt=64/64 | Dauer=0.9s
[INFO] Konvertiere AC0532_L_sia.jpg | Parameter: Iterationen=64, max. Validierungsrunden=8

--- Verarbeite AC0532_L_sia.jpg ---
Bildbeschreibung: Wie AC0501: Klappensymbol: Rechteck hochkant, graue Umrandung. Graue Diagonale von unten links nach oben Rechts, in der Mitte ein dunkelgrauer Punkt. Farbverlauf Hintergrund: Dunkelgrau, hellgrau, dunkelgrau. Geometrische Variante: 90° nach rechts gedreht.
Befehl erkannt: Fallback-Modus aktiv (Beschreibung wird ohne expliziten Compositing-Befehl verarbeitet)
  -> Fallback aktiv: elementweise iterative Annäherung aus Rasterbild.
[WARN] AC0532_L_sia.jpg: Differenzbild-Fehlerpixel sind nicht zufällig verteilt; Variante bleibt für einen Qualitäts-Nachbesserungslauf geöffnet (upper_quartile_error_pixels_form_large_connected_component; largest_cluster_fraction=0.552885, localized_error_fraction=0.928553).
[INFO] Konvertiert AC0532_L_sia.jpg | Parameter: mode=auto, label=M, variant_name=AC0532_L_SIA | Qualität: Optimierungsfehler/Pixel=0.002348, Mean-Delta²=1716.611206, RGB-RMSE/Kanal=23.920780, Raumscore=6223.683622, beste Composite-Iteration=n/a (direkte/semantische Pipeline), ausgeführt=64/64 | Dauer=1.0s
[INFO] Konvertiere AC0532_M.jpg | Parameter: Iterationen=64, max. Validierungsrunden=8

--- Verarbeite AC0532_M.jpg ---
Bildbeschreibung: Wie AC0501: Klappensymbol: Rechteck hochkant, graue Umrandung. Graue Diagonale von unten links nach oben Rechts, in der Mitte ein dunkelgrauer Punkt. Farbverlauf Hintergrund: Dunkelgrau, hellgrau, dunkelgrau. Geometrische Variante: 90° nach rechts gedreht.
Befehl erkannt: Fallback-Modus aktiv (Beschreibung wird ohne expliziten Compositing-Befehl verarbeitet)
  -> Fallback aktiv: elementweise iterative Annäherung aus Rasterbild.
[WARN] AC0532_M.jpg: Differenzbild-Fehlerpixel sind nicht zufällig verteilt; Variante bleibt für einen Qualitäts-Nachbesserungslauf geöffnet (error_energy_concentrated_in_worst_tiles; largest_cluster_fraction=0.425110, localized_error_fraction=0.866993).
[INFO] Konvertiert AC0532_M.jpg | Parameter: mode=auto, label=M, variant_name=AC0532_M | Qualität: Optimierungsfehler/Pixel=0.007675, Mean-Delta²=1947.017212, RGB-RMSE/Kanal=25.475591, Raumscore=6810.833679, beste Composite-Iteration=n/a (direkte/semantische Pipeline), ausgeführt=64/64 | Dauer=0.9s
[INFO] Konvertiere AC0532_M_sia.jpg | Parameter: Iterationen=64, max. Validierungsrunden=8

--- Verarbeite AC0532_M_sia.jpg ---
Bildbeschreibung: Wie AC0501: Klappensymbol: Rechteck hochkant, graue Umrandung. Graue Diagonale von unten links nach oben Rechts, in der Mitte ein dunkelgrauer Punkt. Farbverlauf Hintergrund: Dunkelgrau, hellgrau, dunkelgrau. Geometrische Variante: 90° nach rechts gedreht.
Befehl erkannt: Fallback-Modus aktiv (Beschreibung wird ohne expliziten Compositing-Befehl verarbeitet)
  -> Fallback aktiv: elementweise iterative Annäherung aus Rasterbild.
[WARN] AC0532_M_sia.jpg: Differenzbild-Fehlerpixel sind nicht zufällig verteilt; Variante bleibt für einen Qualitäts-Nachbesserungslauf geöffnet (error_energy_concentrated_in_worst_tiles; largest_cluster_fraction=0.485714, localized_error_fraction=0.974977).
[INFO] Konvertiert AC0532_M_sia.jpg | Parameter: mode=auto, label=M, variant_name=AC0532_M_SIA | Qualität: Optimierungsfehler/Pixel=0.004627, Mean-Delta²=1825.441650, RGB-RMSE/Kanal=24.667399, Raumscore=6761.622867, beste Composite-Iteration=n/a (direkte/semantische Pipeline), ausgeführt=64/64 | Dauer=0.9s
[INFO] Konvertiere AC0532_S.jpg | Parameter: Iterationen=64, max. Validierungsrunden=8

--- Verarbeite AC0532_S.jpg ---
Bildbeschreibung: Wie AC0501: Klappensymbol: Rechteck hochkant, graue Umrandung. Graue Diagonale von unten links nach oben Rechts, in der Mitte ein dunkelgrauer Punkt. Farbverlauf Hintergrund: Dunkelgrau, hellgrau, dunkelgrau. Geometrische Variante: 90° nach rechts gedreht.
Befehl erkannt: Fallback-Modus aktiv (Beschreibung wird ohne expliziten Compositing-Befehl verarbeitet)
  -> Fallback aktiv: elementweise iterative Annäherung aus Rasterbild.
[WARN] AC0532_S.jpg: Differenzbild-Fehlerpixel sind nicht zufällig verteilt; Variante bleibt für einen Qualitäts-Nachbesserungslauf geöffnet (upper_quartile_error_pixels_form_large_connected_component; largest_cluster_fraction=0.723958, localized_error_fraction=0.679874).
[INFO] Konvertiert AC0532_S.jpg | Parameter: mode=auto, label=M, variant_name=AC0532_S | Qualität: Optimierungsfehler/Pixel=0.011934, Mean-Delta²=544.695007, RGB-RMSE/Kanal=13.474606, Raumscore=1582.421160, beste Composite-Iteration=n/a (direkte/semantische Pipeline), ausgeführt=64/64 | Dauer=0.8s
[INFO] Konvertiere AC0532_S_sia.jpg | Parameter: Iterationen=64, max. Validierungsrunden=8

--- Verarbeite AC0532_S_sia.jpg ---
Bildbeschreibung: Wie AC0501: Klappensymbol: Rechteck hochkant, graue Umrandung. Graue Diagonale von unten links nach oben Rechts, in der Mitte ein dunkelgrauer Punkt. Farbverlauf Hintergrund: Dunkelgrau, hellgrau, dunkelgrau. Geometrische Variante: 90° nach rechts gedreht.
Befehl erkannt: Fallback-Modus aktiv (Beschreibung wird ohne expliziten Compositing-Befehl verarbeitet)
  -> Fallback aktiv: elementweise iterative Annäherung aus Rasterbild.
[WARN] AC0532_S_sia.jpg: Differenzbild-Fehlerpixel sind nicht zufällig verteilt; Variante bleibt für einen Qualitäts-Nachbesserungslauf geöffnet (upper_quartile_error_pixels_form_large_connected_component; largest_cluster_fraction=0.637500, localized_error_fraction=0.938193).
[INFO] Konvertiert AC0532_S_sia.jpg | Parameter: mode=auto, label=M, variant_name=AC0532_S_SIA | Qualität: Optimierungsfehler/Pixel=0.009325, Mean-Delta²=1228.267456, RGB-RMSE/Kanal=20.234191, Raumscore=4644.721194, beste Composite-Iteration=n/a (direkte/semantische Pipeline), ausgeführt=64/64 | Dauer=0.8s
[INFO] Konvertiere AC0502_1_S.jpg | Parameter: Iterationen=65, max. Validierungsrunden=7

--- Verarbeite AC0502_1_S.jpg ---
Bildbeschreibung: Wie AC0501: Klappensymbol: Rechteck hochkant, graue Umrandung. Graue Diagonale von unten links nach oben Rechts, in der Mitte ein dunkelgrauer Punkt. Farbverlauf Hintergrund: Dunkelgrau, hellgrau, dunkelgrau. Geometrische Variante: 90° nach rechts gedreht.
Befehl erkannt: Fallback-Modus aktiv (Beschreibung wird ohne expliziten Compositing-Befehl verarbeitet)
  -> Fallback aktiv: elementweise iterative Annäherung aus Rasterbild.
[WARN] AC0502_1_S.jpg: Differenzbild-Fehlerpixel sind nicht zufällig verteilt; Variante bleibt für einen Qualitäts-Nachbesserungslauf geöffnet (upper_quartile_error_pixels_form_large_connected_component; largest_cluster_fraction=0.505000, localized_error_fraction=0.377403).
[INFO] Konvertiert AC0502_1_S.jpg | Parameter: mode=auto, label=M, variant_name=AC0502_1_S | Qualität: Optimierungsfehler/Pixel=0.035387, Mean-Delta²=3659.502441, RGB-RMSE/Kanal=34.926124, Raumscore=5680.071421, beste Composite-Iteration=n/a (direkte/semantische Pipeline), ausgeführt=65/65 | Dauer=1.0s
[INFO] Konvertiere AC0504_1S_sia.jpg | Parameter: Iterationen=65, max. Validierungsrunden=7

--- Verarbeite AC0504_1S_sia.jpg ---
Bildbeschreibung: Unzugeordnete Wurzelform aus der Serie AC0504_1S_sia. Das Symbol liegt derzeit nur als einzelnes, noch nicht fachlich klassifiziertes Bildobjekt vor. Dokumentiert ist die dokumentierte Variante (sia). Bitte einer finalen Wurzelform-Kategorie zuordnen.
Befehl erkannt: MANUELL: Beschreibung fordert manuelle Zuordnung zu einer finalen Wurzelform-Kategorie.
  -> Plan B aktiv: elementweise iterative Annäherung aus Rasterbild.
  -> Plan B Vergleich aktiv: verwende generierte Vektor-Lösung (status=manual_review_elementwise_symbol_fit, err=27.890).
[WARN] AC0504_1S_sia.jpg: Differenzbild-Fehlerpixel sind nicht zufällig verteilt; Variante bleibt für einen Qualitäts-Nachbesserungslauf geöffnet (upper_quartile_error_pixels_form_large_connected_component; largest_cluster_fraction=0.685950, localized_error_fraction=0.794362).
[INFO] Konvertiert AC0504_1S_sia.jpg | Parameter: mode=manual_review, label=, variant_name=AC0504_1S_SIA | Qualität: Optimierungsfehler/Pixel=0.035067, Mean-Delta²=7483.148926, RGB-RMSE/Kanal=49.943798, Raumscore=23219.213500, beste Composite-Iteration=n/a (direkte/semantische Pipeline), ausgeführt=65/65 | Dauer=0.2s
[INFO] Konvertiere AC0503_1S_sia.jpg | Parameter: Iterationen=65, max. Validierungsrunden=7

--- Verarbeite AC0503_1S_sia.jpg ---
Bildbeschreibung: Unzugeordnete Wurzelform aus der Serie AC0503_1S_sia. Das Symbol liegt derzeit nur als einzelnes, noch nicht fachlich klassifiziertes Bildobjekt vor. Dokumentiert ist die dokumentierte Variante (sia). Bitte einer finalen Wurzelform-Kategorie zuordnen.
Befehl erkannt: MANUELL: Beschreibung fordert manuelle Zuordnung zu einer finalen Wurzelform-Kategorie.
  -> Plan B aktiv: elementweise iterative Annäherung aus Rasterbild.
  -> Plan B Vergleich aktiv: verwende generierte Vektor-Lösung (status=manual_review_elementwise_symbol_fit, err=29.806).
[WARN] AC0503_1S_sia.jpg: Differenzbild-Fehlerpixel sind nicht zufällig verteilt; Variante bleibt für einen Qualitäts-Nachbesserungslauf geöffnet (upper_quartile_error_pixels_form_large_connected_component; largest_cluster_fraction=0.577320, localized_error_fraction=0.832278).
[INFO] Konvertiert AC0503_1S_sia.jpg | Parameter: mode=manual_review, label=, variant_name=AC0503_1S_SIA | Qualität: Optimierungsfehler/Pixel=0.037033, Mean-Delta²=8352.752930, RGB-RMSE/Kanal=52.766002, Raumscore=26174.139219, beste Composite-Iteration=n/a (direkte/semantische Pipeline), ausgeführt=65/65 | Dauer=0.2s
[INFO] Konvertiere AC0504_2S_sia.jpg | Parameter: Iterationen=65, max. Validierungsrunden=7

--- Verarbeite AC0504_2S_sia.jpg ---
Bildbeschreibung: Unzugeordnete Wurzelform aus der Serie AC0504_2S_sia. Das Symbol liegt derzeit nur als einzelnes, noch nicht fachlich klassifiziertes Bildobjekt vor. Dokumentiert ist die dokumentierte Variante (sia). Bitte einer finalen Wurzelform-Kategorie zuordnen.
Befehl erkannt: MANUELL: Beschreibung fordert manuelle Zuordnung zu einer finalen Wurzelform-Kategorie.
  -> Plan B aktiv: elementweise iterative Annäherung aus Rasterbild.
  -> Plan B Vergleich aktiv: verwende generierte Vektor-Lösung (status=manual_review_elementwise_symbol_fit, err=27.511).
[WARN] AC0504_2S_sia.jpg: Differenzbild-Fehlerpixel sind nicht zufällig verteilt; Variante bleibt für einen Qualitäts-Nachbesserungslauf geöffnet (upper_quartile_error_pixels_form_large_connected_component; largest_cluster_fraction=0.533333, localized_error_fraction=0.754509).
[INFO] Konvertiert AC0504_2S_sia.jpg | Parameter: mode=manual_review, label=, variant_name=AC0504_2S_SIA | Qualität: Optimierungsfehler/Pixel=0.034389, Mean-Delta²=6123.890137, RGB-RMSE/Kanal=45.180712, Raumscore=17746.034749, beste Composite-Iteration=n/a (direkte/semantische Pipeline), ausgeführt=65/65 | Dauer=0.2s
[INFO] Konvertiere AC0501_2_S.jpg | Parameter: Iterationen=65, max. Validierungsrunden=7

--- Verarbeite AC0501_2_S.jpg ---
Bildbeschreibung: Klappensymbol: Rechteck hochkant, graue Umrandung. Graue Diagonale von unten links nach oben Rechts, in der Mitte ein dunkelgrauer Punkt. Farbverlauf Hintergrund: Dunkelgrau, hellgrau, dunkelgrau
Befehl erkannt: Fallback-Modus aktiv (Beschreibung wird ohne expliziten Compositing-Befehl verarbeitet)
  -> Fallback aktiv: elementweise iterative Annäherung aus Rasterbild.
[INFO] Konvertiert AC0501_2_S.jpg | Parameter: mode=auto, label=M, variant_name=AC0501_2_S | Qualität: Optimierungsfehler/Pixel=0.031349, Mean-Delta²=2621.276367, RGB-RMSE/Kanal=29.559411, Raumscore=3983.264742, beste Composite-Iteration=n/a (direkte/semantische Pipeline), ausgeführt=65/65 | Dauer=1.0s
[INFO] Konvertiere AC0511_S.jpg | Parameter: Iterationen=65, max. Validierungsrunden=7

--- Verarbeite AC0511_S.jpg ---
Bildbeschreibung: Graues Rechteck hochkant, graue Umrandung, drei graue horizontale Linien, Farbverlauf dunkel-hell-dunkel. Offene Klappe mit 3 Schliessflächen
Befehl erkannt: Fallback-Modus aktiv (Beschreibung wird ohne expliziten Compositing-Befehl verarbeitet)
  -> Fallback aktiv: elementweise iterative Annäherung aus Rasterbild.
[WARN] AC0511_S.jpg: Differenzbild-Fehlerpixel sind nicht zufällig verteilt; Variante bleibt für einen Qualitäts-Nachbesserungslauf geöffnet (upper_quartile_error_pixels_form_large_connected_component; largest_cluster_fraction=0.603960, localized_error_fraction=0.664755).
[INFO] Konvertiert AC0511_S.jpg | Parameter: mode=auto, label=M, variant_name=AC0511_S | Qualität: Optimierungsfehler/Pixel=0.028087, Mean-Delta²=3764.527588, RGB-RMSE/Kanal=35.423757, Raumscore=9722.189619, beste Composite-Iteration=n/a (direkte/semantische Pipeline), ausgeführt=65/65 | Dauer=0.8s
[INFO] Konvertiere AC0512_S.jpg | Parameter: Iterationen=65, max. Validierungsrunden=7

--- Verarbeite AC0512_S.jpg ---
Bildbeschreibung: Wie AC0511: Graues Rechteck hochkant, graue Umrandung, drei graue horizontale Linien, Farbverlauf dunkel-hell-dunkel. Offene Klappe mit 3 Schliessflächen. Geometrische Variante: 90° nach rechts gedreht.
Befehl erkannt: Fallback-Modus aktiv (Beschreibung wird ohne expliziten Compositing-Befehl verarbeitet)
  -> Fallback aktiv: elementweise iterative Annäherung aus Rasterbild.
[WARN] AC0512_S.jpg: Differenzbild-Fehlerpixel sind nicht zufällig verteilt; Variante bleibt für einen Qualitäts-Nachbesserungslauf geöffnet (upper_quartile_error_pixels_form_large_connected_component; largest_cluster_fraction=0.810185, localized_error_fraction=0.722935).
[INFO] Konvertiert AC0512_S.jpg | Parameter: mode=auto, label=M, variant_name=AC0512_S | Qualität: Optimierungsfehler/Pixel=0.027638, Mean-Delta²=3992.406250, RGB-RMSE/Kanal=36.480160, Raumscore=11446.388001, beste Composite-Iteration=n/a (direkte/semantische Pipeline), ausgeführt=65/65 | Dauer=0.9s
[INFO] Konvertiere AC0521_S.jpg | Parameter: Iterationen=65, max. Validierungsrunden=7

--- Verarbeite AC0521_S.jpg ---
Bildbeschreibung: Graues Rechteck hochkant, graue Umrandung, drei graue horizontale Linien, Farbverlauf dunkel-hell-dunkel. Offene Klappe mit 3 Schliessflächen Abweichung: anstelle von 3 grauen horizontalen dunkelgrauen Strichen drei kleinere vertikale dunkelgraue Striche. Es handelt sich um eine geschlossene Klappe mit der Schliessflächen.
Befehl erkannt: Fallback-Modus aktiv (Beschreibung wird ohne expliziten Compositing-Befehl verarbeitet)
  -> Fallback aktiv: verwende gerahmtes Farbuebergang-Panel aus Rasterfarben.
[WARN] AC0521_S.jpg: Differenzbild-Fehlerpixel sind nicht zufällig verteilt; Variante bleibt für einen Qualitäts-Nachbesserungslauf geöffnet (error_energy_concentrated_in_worst_tiles; largest_cluster_fraction=0.406091, localized_error_fraction=0.869080).
[INFO] Konvertiert AC0521_S.jpg | Parameter: mode=auto, label=M, variant_name=AC0521_S | Qualität: Optimierungsfehler/Pixel=0.025195, Mean-Delta²=3073.004883, RGB-RMSE/Kanal=32.005233, Raumscore=9835.547618, beste Composite-Iteration=n/a (direkte/semantische Pipeline), ausgeführt=65/65 | Dauer=0.1s
[INFO] Konvertiere AC0503_S_sia.jpg | Parameter: Iterationen=65, max. Validierungsrunden=7

--- Verarbeite AC0503_S_sia.jpg ---
Bildbeschreibung: Unzugeordnete Wurzelform aus der Serie AC0503_S_sia. Das Symbol liegt derzeit nur als einzelnes, noch nicht fachlich klassifiziertes Bildobjekt vor. Dokumentiert ist die dokumentierte Variante (sia). Bitte einer finalen Wurzelform-Kategorie zuordnen.
Befehl erkannt: MANUELL: Beschreibung fordert manuelle Zuordnung zu einer finalen Wurzelform-Kategorie.
  -> Plan B aktiv: elementweise iterative Annäherung aus Rasterbild.
  -> Plan B Vergleich aktiv: verwende generierte Vektor-Lösung (status=manual_review_elementwise_symbol_fit, err=19.696).
[WARN] AC0503_S_sia.jpg: Differenzbild-Fehlerpixel sind nicht zufällig verteilt; Variante bleibt für einen Qualitäts-Nachbesserungslauf geöffnet (upper_quartile_error_pixels_form_large_connected_component; largest_cluster_fraction=0.508197, localized_error_fraction=0.626076).
[INFO] Konvertiert AC0503_S_sia.jpg | Parameter: mode=manual_review, label=, variant_name=AC0503_S_SIA | Qualität: Optimierungsfehler/Pixel=0.024362, Mean-Delta²=3046.830078, RGB-RMSE/Kanal=31.868637, Raumscore=7478.338826, beste Composite-Iteration=n/a (direkte/semantische Pipeline), ausgeführt=65/65 | Dauer=0.3s
[INFO] Konvertiere AC0522_S.jpg | Parameter: Iterationen=65, max. Validierungsrunden=7

--- Verarbeite AC0522_S.jpg ---
Bildbeschreibung: Wie AC0521: Wie AC0511, jedoch anstelle von 3 grauen horizontalen dunkelgrauen Strichen drei kleinere vertikale dunkelgraue Striche. Es handelt sich um eine geschlossene Klappe mit der Schliessflächen. . Geometrische Variante: 90° nach rechts gedreht.
Befehl erkannt: Fallback-Modus aktiv (Beschreibung wird ohne expliziten Compositing-Befehl verarbeitet)
  -> Fallback aktiv: verwende gerahmtes Farbuebergang-Panel aus Rasterfarben.
[WARN] AC0522_S.jpg: Differenzbild-Fehlerpixel sind nicht zufällig verteilt; Variante bleibt für einen Qualitäts-Nachbesserungslauf geöffnet (error_energy_concentrated_in_worst_tiles; largest_cluster_fraction=0.480000, localized_error_fraction=0.898243).
[INFO] Konvertiert AC0522_S.jpg | Parameter: mode=auto, label=M, variant_name=AC0522_S | Qualität: Optimierungsfehler/Pixel=0.023230, Mean-Delta²=3115.693848, RGB-RMSE/Kanal=32.226769, Raumscore=10361.542526, beste Composite-Iteration=n/a (direkte/semantische Pipeline), ausgeführt=65/65 | Dauer=0.1s
[INFO] Konvertiere AC0531_1S_sia.jpg | Parameter: Iterationen=65, max. Validierungsrunden=7

--- Verarbeite AC0531_1S_sia.jpg ---
Bildbeschreibung: Wie AC0501: Klappensymbol: Rechteck hochkant, graue Umrandung. Graue Diagonale von unten links nach oben Rechts, in der Mitte ein dunkelgrauer Punkt. Farbverlauf Hintergrund: Dunkelgrau, hellgrau, dunkelgrau. Geometrische Variante: identisch zur Referenz.
Befehl erkannt: Fallback-Modus aktiv (Beschreibung wird ohne expliziten Compositing-Befehl verarbeitet)
  -> Fallback aktiv: elementweise iterative Annäherung aus Rasterbild.
[WARN] AC0531_1S_sia.jpg: Differenzbild-Fehlerpixel sind nicht zufällig verteilt; Variante bleibt für einen Qualitäts-Nachbesserungslauf geöffnet (error_energy_concentrated_in_worst_tiles; largest_cluster_fraction=0.375000, localized_error_fraction=0.909138).
[INFO] Konvertiert AC0531_1S_sia.jpg | Parameter: mode=auto, label=M, variant_name=AC0531_1S_SIA | Qualität: Optimierungsfehler/Pixel=0.022779, Mean-Delta²=6242.096191, RGB-RMSE/Kanal=45.614677, Raumscore=21383.418502, beste Composite-Iteration=n/a (direkte/semantische Pipeline), ausgeführt=65/65 | Dauer=0.8s
[INFO] Konvertiere AC0501_1S_sia.jpg | Parameter: Iterationen=65, max. Validierungsrunden=7

--- Verarbeite AC0501_1S_sia.jpg ---
Bildbeschreibung: Klappensymbol: Rechteck hochkant, graue Umrandung. Graue Diagonale von unten links nach oben Rechts, in der Mitte ein dunkelgrauer Punkt. Farbverlauf Hintergrund: Dunkelgrau, hellgrau, dunkelgrau
Befehl erkannt: Fallback-Modus aktiv (Beschreibung wird ohne expliziten Compositing-Befehl verarbeitet)
  -> Fallback aktiv: elementweise iterative Annäherung aus Rasterbild.
[WARN] AC0501_1S_sia.jpg: Differenzbild-Fehlerpixel sind nicht zufällig verteilt; Variante bleibt für einen Qualitäts-Nachbesserungslauf geöffnet (upper_quartile_error_pixels_form_large_connected_component; largest_cluster_fraction=0.634409, localized_error_fraction=0.921379).
[INFO] Konvertiert AC0501_1S_sia.jpg | Parameter: mode=auto, label=M, variant_name=AC0501_1S_SIA | Qualität: Optimierungsfehler/Pixel=0.021591, Mean-Delta²=5513.568848, RGB-RMSE/Kanal=42.870226, Raumscore=20186.782800, beste Composite-Iteration=n/a (direkte/semantische Pipeline), ausgeführt=65/65 | Dauer=0.8s
[INFO] Konvertiere AC0501_2S_sia.jpg | Parameter: Iterationen=65, max. Validierungsrunden=7

--- Verarbeite AC0501_2S_sia.jpg ---
Bildbeschreibung: Klappensymbol: Rechteck hochkant, graue Umrandung. Graue Diagonale von unten links nach oben Rechts, in der Mitte ein dunkelgrauer Punkt. Farbverlauf Hintergrund: Dunkelgrau, hellgrau, dunkelgrau
Befehl erkannt: Fallback-Modus aktiv (Beschreibung wird ohne expliziten Compositing-Befehl verarbeitet)
  -> Fallback aktiv: elementweise iterative Annäherung aus Rasterbild.
[WARN] AC0501_2S_sia.jpg: Differenzbild-Fehlerpixel sind nicht zufällig verteilt; Variante bleibt für einen Qualitäts-Nachbesserungslauf geöffnet (error_energy_concentrated_in_worst_tiles; largest_cluster_fraction=0.242105, localized_error_fraction=0.866617).
[INFO] Konvertiert AC0501_2S_sia.jpg | Parameter: mode=auto, label=M, variant_name=AC0501_2S_SIA | Qualität: Optimierungsfehler/Pixel=0.021179, Mean-Delta²=4283.206055, RGB-RMSE/Kanal=37.785385, Raumscore=13304.020617, beste Composite-Iteration=n/a (direkte/semantische Pipeline), ausgeführt=65/65 | Dauer=0.8s
[INFO] Konvertiere AC0531_2S_sia.jpg | Parameter: Iterationen=65, max. Validierungsrunden=7

--- Verarbeite AC0531_2S_sia.jpg ---
Bildbeschreibung: Wie AC0501: Klappensymbol: Rechteck hochkant, graue Umrandung. Graue Diagonale von unten links nach oben Rechts, in der Mitte ein dunkelgrauer Punkt. Farbverlauf Hintergrund: Dunkelgrau, hellgrau, dunkelgrau. Geometrische Variante: identisch zur Referenz.
Befehl erkannt: Fallback-Modus aktiv (Beschreibung wird ohne expliziten Compositing-Befehl verarbeitet)
  -> Fallback aktiv: elementweise iterative Annäherung aus Rasterbild.
[WARN] AC0531_2S_sia.jpg: Differenzbild-Fehlerpixel sind nicht zufällig verteilt; Variante bleibt für einen Qualitäts-Nachbesserungslauf geöffnet (error_energy_concentrated_in_worst_tiles; largest_cluster_fraction=0.239130, localized_error_fraction=0.842269).
[INFO] Konvertiert AC0531_2S_sia.jpg | Parameter: mode=auto, label=M, variant_name=AC0531_2S_SIA | Qualität: Optimierungsfehler/Pixel=0.020740, Mean-Delta²=4263.417480, RGB-RMSE/Kanal=37.697999, Raumscore=13080.889986, beste Composite-Iteration=n/a (direkte/semantische Pipeline), ausgeführt=65/65 | Dauer=0.8s
[INFO] Konvertiere AC0531_1_M.jpg | Parameter: Iterationen=65, max. Validierungsrunden=7

--- Verarbeite AC0531_1_M.jpg ---
Bildbeschreibung: Wie AC0501: Klappensymbol: Rechteck hochkant, graue Umrandung. Graue Diagonale von unten links nach oben Rechts, in der Mitte ein dunkelgrauer Punkt. Farbverlauf Hintergrund: Dunkelgrau, hellgrau, dunkelgrau. Geometrische Variante: identisch zur Referenz.
Befehl erkannt: Fallback-Modus aktiv (Beschreibung wird ohne expliziten Compositing-Befehl verarbeitet)
  -> Fallback aktiv: elementweise iterative Annäherung aus Rasterbild.
[INFO] Konvertiert AC0531_1_M.jpg | Parameter: mode=auto, label=M, variant_name=AC0531_1_M | Qualität: Optimierungsfehler/Pixel=0.017726, Mean-Delta²=4471.661621, RGB-RMSE/Kanal=38.607692, Raumscore=6768.741608, beste Composite-Iteration=n/a (direkte/semantische Pipeline), ausgeführt=65/65 | Dauer=1.1s
[INFO] Konvertiere AC0502_S.jpg | Parameter: Iterationen=65, max. Validierungsrunden=7

--- Verarbeite AC0502_S.jpg ---
Bildbeschreibung: Wie AC0501: Klappensymbol: Rechteck hochkant, graue Umrandung. Graue Diagonale von unten links nach oben Rechts, in der Mitte ein dunkelgrauer Punkt. Farbverlauf Hintergrund: Dunkelgrau, hellgrau, dunkelgrau. Geometrische Variante: 90° nach rechts gedreht.
Befehl erkannt: Fallback-Modus aktiv (Beschreibung wird ohne expliziten Compositing-Befehl verarbeitet)
  -> Fallback aktiv: elementweise iterative Annäherung aus Rasterbild.
[WARN] AC0502_S.jpg: Differenzbild-Fehlerpixel sind nicht zufällig verteilt; Variante bleibt für einen Qualitäts-Nachbesserungslauf geöffnet (upper_quartile_error_pixels_form_large_connected_component; largest_cluster_fraction=0.680203, localized_error_fraction=0.614157).
[INFO] Konvertiert AC0502_S.jpg | Parameter: mode=auto, label=M, variant_name=AC0502_S | Qualität: Optimierungsfehler/Pixel=0.017169, Mean-Delta²=1031.946289, RGB-RMSE/Kanal=18.546754, Raumscore=2691.611644, beste Composite-Iteration=n/a (direkte/semantische Pipeline), ausgeführt=65/65 | Dauer=0.9s
[INFO] Konvertiere AC0502_1S_sia.jpg | Parameter: Iterationen=65, max. Validierungsrunden=7

--- Verarbeite AC0502_1S_sia.jpg ---
Bildbeschreibung: Wie AC0501: Klappensymbol: Rechteck hochkant, graue Umrandung. Graue Diagonale von unten links nach oben Rechts, in der Mitte ein dunkelgrauer Punkt. Farbverlauf Hintergrund: Dunkelgrau, hellgrau, dunkelgrau. Geometrische Variante: 90° nach rechts gedreht.
Befehl erkannt: Fallback-Modus aktiv (Beschreibung wird ohne expliziten Compositing-Befehl verarbeitet)
  -> Fallback aktiv: elementweise iterative Annäherung aus Rasterbild.
[WARN] AC0502_1S_sia.jpg: Differenzbild-Fehlerpixel sind nicht zufällig verteilt; Variante bleibt für einen Qualitäts-Nachbesserungslauf geöffnet (upper_quartile_error_pixels_form_large_connected_component; largest_cluster_fraction=0.739130, localized_error_fraction=0.913644).
[INFO] Konvertiert AC0502_1S_sia.jpg | Parameter: mode=auto, label=M, variant_name=AC0502_1S_SIA | Qualität: Optimierungsfehler/Pixel=0.014495, Mean-Delta²=2721.783691, RGB-RMSE/Kanal=30.120777, Raumscore=9586.182565, beste Composite-Iteration=n/a (direkte/semantische Pipeline), ausgeführt=65/65 | Dauer=0.9s
[INFO] Konvertiere AC0532_1S_sia.jpg | Parameter: Iterationen=65, max. Validierungsrunden=7

--- Verarbeite AC0532_1S_sia.jpg ---
Bildbeschreibung: Wie AC0501: Klappensymbol: Rechteck hochkant, graue Umrandung. Graue Diagonale von unten links nach oben Rechts, in der Mitte ein dunkelgrauer Punkt. Farbverlauf Hintergrund: Dunkelgrau, hellgrau, dunkelgrau. Geometrische Variante: 90° nach rechts gedreht.
Befehl erkannt: Fallback-Modus aktiv (Beschreibung wird ohne expliziten Compositing-Befehl verarbeitet)
  -> Fallback aktiv: elementweise iterative Annäherung aus Rasterbild.
[WARN] AC0532_1S_sia.jpg: Differenzbild-Fehlerpixel sind nicht zufällig verteilt; Variante bleibt für einen Qualitäts-Nachbesserungslauf geöffnet (upper_quartile_error_pixels_form_large_connected_component; largest_cluster_fraction=0.732558, localized_error_fraction=0.915915).
[INFO] Konvertiert AC0532_1S_sia.jpg | Parameter: mode=auto, label=M, variant_name=AC0532_1S_SIA | Qualität: Optimierungsfehler/Pixel=0.013590, Mean-Delta²=2473.824951, RGB-RMSE/Kanal=28.715994, Raumscore=8821.495581, beste Composite-Iteration=n/a (direkte/semantische Pipeline), ausgeführt=65/65 | Dauer=0.9s
[INFO] Konvertiere AC0531_S.jpg | Parameter: Iterationen=65, max. Validierungsrunden=7

--- Verarbeite AC0531_S.jpg ---
Bildbeschreibung: Wie AC0501: Klappensymbol: Rechteck hochkant, graue Umrandung. Graue Diagonale von unten links nach oben Rechts, in der Mitte ein dunkelgrauer Punkt. Farbverlauf Hintergrund: Dunkelgrau, hellgrau, dunkelgrau. Geometrische Variante: identisch zur Referenz.
Befehl erkannt: Fallback-Modus aktiv (Beschreibung wird ohne expliziten Compositing-Befehl verarbeitet)
  -> Fallback aktiv: elementweise iterative Annäherung aus Rasterbild.
[WARN] AC0531_S.jpg: Differenzbild-Fehlerpixel sind nicht zufällig verteilt; Variante bleibt für einen Qualitäts-Nachbesserungslauf geöffnet (error_energy_concentrated_in_worst_tiles; largest_cluster_fraction=0.494898, localized_error_fraction=0.733313).
[INFO] Konvertiert AC0531_S.jpg | Parameter: mode=auto, label=M, variant_name=AC0531_S | Qualität: Optimierungsfehler/Pixel=0.013850, Mean-Delta²=734.047485, RGB-RMSE/Kanal=15.642330, Raumscore=2166.695315, beste Composite-Iteration=n/a (direkte/semantische Pipeline), ausgeführt=65/65 | Dauer=0.8s
[INFO] Konvertiere AC0501_S_sia.jpg | Parameter: Iterationen=65, max. Validierungsrunden=7

--- Verarbeite AC0501_S_sia.jpg ---
Bildbeschreibung: Klappensymbol: Rechteck hochkant, graue Umrandung. Graue Diagonale von unten links nach oben Rechts, in der Mitte ein dunkelgrauer Punkt. Farbverlauf Hintergrund: Dunkelgrau, hellgrau, dunkelgrau
Befehl erkannt: Fallback-Modus aktiv (Beschreibung wird ohne expliziten Compositing-Befehl verarbeitet)
  -> Fallback aktiv: elementweise iterative Annäherung aus Rasterbild.
[WARN] AC0501_S_sia.jpg: Differenzbild-Fehlerpixel sind nicht zufällig verteilt; Variante bleibt für einen Qualitäts-Nachbesserungslauf geöffnet (error_energy_concentrated_in_worst_tiles; largest_cluster_fraction=0.265823, localized_error_fraction=0.857459).
[INFO] Konvertiert AC0501_S_sia.jpg | Parameter: mode=auto, label=M, variant_name=AC0501_S_SIA | Qualität: Optimierungsfehler/Pixel=0.013164, Mean-Delta²=1951.196289, RGB-RMSE/Kanal=25.502917, Raumscore=6292.776686, beste Composite-Iteration=n/a (direkte/semantische Pipeline), ausgeführt=65/65 | Dauer=0.8s
[INFO] Konvertiere AC0512_M.jpg | Parameter: Iterationen=65, max. Validierungsrunden=7

--- Verarbeite AC0512_M.jpg ---
Bildbeschreibung: Wie AC0511: Graues Rechteck hochkant, graue Umrandung, drei graue horizontale Linien, Farbverlauf dunkel-hell-dunkel. Offene Klappe mit 3 Schliessflächen. Geometrische Variante: 90° nach rechts gedreht.
Befehl erkannt: Fallback-Modus aktiv (Beschreibung wird ohne expliziten Compositing-Befehl verarbeitet)
  -> Fallback aktiv: elementweise iterative Annäherung aus Rasterbild.
[WARN] AC0512_M.jpg: Differenzbild-Fehlerpixel sind nicht zufällig verteilt; Variante bleibt für einen Qualitäts-Nachbesserungslauf geöffnet (error_energy_concentrated_in_worst_tiles; largest_cluster_fraction=0.433708, localized_error_fraction=0.754292).
[INFO] Konvertiert AC0512_M.jpg | Parameter: mode=auto, label=M, variant_name=AC0512_M | Qualität: Optimierungsfehler/Pixel=0.012258, Mean-Delta²=3276.913330, RGB-RMSE/Kanal=33.050029, Raumscore=8971.921515, beste Composite-Iteration=n/a (direkte/semantische Pipeline), ausgeführt=65/65 | Dauer=1.0s
[INFO] Konvertiere AC0511_M.jpg | Parameter: Iterationen=65, max. Validierungsrunden=7

--- Verarbeite AC0511_M.jpg ---
Bildbeschreibung: Graues Rechteck hochkant, graue Umrandung, drei graue horizontale Linien, Farbverlauf dunkel-hell-dunkel. Offene Klappe mit 3 Schliessflächen
Befehl erkannt: Fallback-Modus aktiv (Beschreibung wird ohne expliziten Compositing-Befehl verarbeitet)
  -> Fallback aktiv: elementweise iterative Annäherung aus Rasterbild.
[WARN] AC0511_M.jpg: Differenzbild-Fehlerpixel sind nicht zufällig verteilt; Variante bleibt für einen Qualitäts-Nachbesserungslauf geöffnet (upper_quartile_error_pixels_form_large_connected_component; largest_cluster_fraction=0.997908, localized_error_fraction=0.770528).
[INFO] Konvertiert AC0511_M.jpg | Parameter: mode=auto, label=M, variant_name=AC0511_M | Qualität: Optimierungsfehler/Pixel=0.012181, Mean-Delta²=3355.056641, RGB-RMSE/Kanal=33.441773, Raumscore=10217.726162, beste Composite-Iteration=n/a (direkte/semantische Pipeline), ausgeführt=65/65 | Dauer=1.0s
[INFO] Konvertiere AC0532_S.jpg | Parameter: Iterationen=65, max. Validierungsrunden=7

--- Verarbeite AC0532_S.jpg ---
Bildbeschreibung: Wie AC0501: Klappensymbol: Rechteck hochkant, graue Umrandung. Graue Diagonale von unten links nach oben Rechts, in der Mitte ein dunkelgrauer Punkt. Farbverlauf Hintergrund: Dunkelgrau, hellgrau, dunkelgrau. Geometrische Variante: 90° nach rechts gedreht.
Befehl erkannt: Fallback-Modus aktiv (Beschreibung wird ohne expliziten Compositing-Befehl verarbeitet)
  -> Fallback aktiv: elementweise iterative Annäherung aus Rasterbild.
[WARN] AC0532_S.jpg: Differenzbild-Fehlerpixel sind nicht zufällig verteilt; Variante bleibt für einen Qualitäts-Nachbesserungslauf geöffnet (upper_quartile_error_pixels_form_large_connected_component; largest_cluster_fraction=0.643902, localized_error_fraction=0.667330).
[INFO] Konvertiert AC0532_S.jpg | Parameter: mode=auto, label=M, variant_name=AC0532_S | Qualität: Optimierungsfehler/Pixel=0.011459, Mean-Delta²=512.287476, RGB-RMSE/Kanal=13.067612, Raumscore=1445.264286, beste Composite-Iteration=n/a (direkte/semantische Pipeline), ausgeführt=65/65 | Dauer=0.9s
[INFO] Konvertiere AC0502_2S_sia.jpg | Parameter: Iterationen=65, max. Validierungsrunden=7

--- Verarbeite AC0502_2S_sia.jpg ---
Bildbeschreibung: Wie AC0501: Klappensymbol: Rechteck hochkant, graue Umrandung. Graue Diagonale von unten links nach oben Rechts, in der Mitte ein dunkelgrauer Punkt. Farbverlauf Hintergrund: Dunkelgrau, hellgrau, dunkelgrau. Geometrische Variante: 90° nach rechts gedreht.
Befehl erkannt: Fallback-Modus aktiv (Beschreibung wird ohne expliziten Compositing-Befehl verarbeitet)
  -> Fallback aktiv: elementweise iterative Annäherung aus Rasterbild.
[WARN] AC0502_2S_sia.jpg: Differenzbild-Fehlerpixel sind nicht zufällig verteilt; Variante bleibt für einen Qualitäts-Nachbesserungslauf geöffnet (upper_quartile_error_pixels_form_large_connected_component; largest_cluster_fraction=0.692308, localized_error_fraction=0.922867).
[INFO] Konvertiert AC0502_2S_sia.jpg | Parameter: mode=auto, label=M, variant_name=AC0502_2S_SIA | Qualität: Optimierungsfehler/Pixel=0.011084, Mean-Delta²=1643.655029, RGB-RMSE/Kanal=23.406944, Raumscore=5870.145860, beste Composite-Iteration=n/a (direkte/semantische Pipeline), ausgeführt=65/65 | Dauer=0.9s
[INFO] Konvertiere AC0531_S_sia.jpg | Parameter: Iterationen=65, max. Validierungsrunden=7

--- Verarbeite AC0531_S_sia.jpg ---
Bildbeschreibung: Wie AC0501: Klappensymbol: Rechteck hochkant, graue Umrandung. Graue Diagonale von unten links nach oben Rechts, in der Mitte ein dunkelgrauer Punkt. Farbverlauf Hintergrund: Dunkelgrau, hellgrau, dunkelgrau. Geometrische Variante: identisch zur Referenz.
Befehl erkannt: Fallback-Modus aktiv (Beschreibung wird ohne expliziten Compositing-Befehl verarbeitet)
  -> Fallback aktiv: elementweise iterative Annäherung aus Rasterbild.
[WARN] AC0531_S_sia.jpg: Differenzbild-Fehlerpixel sind nicht zufällig verteilt; Variante bleibt für einen Qualitäts-Nachbesserungslauf geöffnet (error_energy_concentrated_in_worst_tiles; largest_cluster_fraction=0.468354, localized_error_fraction=0.929784).
[INFO] Konvertiert AC0531_S_sia.jpg | Parameter: mode=auto, label=M, variant_name=AC0531_S_SIA | Qualität: Optimierungsfehler/Pixel=0.010964, Mean-Delta²=1387.237549, RGB-RMSE/Kanal=21.503779, Raumscore=4818.630752, beste Composite-Iteration=n/a (direkte/semantische Pipeline), ausgeführt=65/65 | Dauer=0.8s
[INFO] Konvertiere AC0532_1_L.jpg | Parameter: Iterationen=65, max. Validierungsrunden=7

--- Verarbeite AC0532_1_L.jpg ---
Bildbeschreibung: Wie AC0501: Klappensymbol: Rechteck hochkant, graue Umrandung. Graue Diagonale von unten links nach oben Rechts, in der Mitte ein dunkelgrauer Punkt. Farbverlauf Hintergrund: Dunkelgrau, hellgrau, dunkelgrau. Geometrische Variante: 90° nach rechts gedreht.
Befehl erkannt: Fallback-Modus aktiv (Beschreibung wird ohne expliziten Compositing-Befehl verarbeitet)
  -> Fallback aktiv: elementweise iterative Annäherung aus Rasterbild.
[WARN] AC0532_1_L.jpg: Differenzbild-Fehlerpixel sind nicht zufällig verteilt; Variante bleibt für einen Qualitäts-Nachbesserungslauf geöffnet (upper_quartile_error_pixels_form_large_connected_component; largest_cluster_fraction=0.526841, localized_error_fraction=0.411931).
[INFO] Konvertiert AC0532_1_L.jpg | Parameter: mode=auto, label=M, variant_name=AC0532_1_L | Qualität: Optimierungsfehler/Pixel=0.010785, Mean-Delta²=5559.794922, RGB-RMSE/Kanal=43.049564, Raumscore=9663.313986, beste Composite-Iteration=n/a (direkte/semantische Pipeline), ausgeführt=65/65 | Dauer=1.1s
[INFO] Konvertiere AC0532_2S_sia.jpg | Parameter: Iterationen=65, max. Validierungsrunden=7

--- Verarbeite AC0532_2S_sia.jpg ---
Bildbeschreibung: Wie AC0501: Klappensymbol: Rechteck hochkant, graue Umrandung. Graue Diagonale von unten links nach oben Rechts, in der Mitte ein dunkelgrauer Punkt. Farbverlauf Hintergrund: Dunkelgrau, hellgrau, dunkelgrau. Geometrische Variante: 90° nach rechts gedreht.
Befehl erkannt: Fallback-Modus aktiv (Beschreibung wird ohne expliziten Compositing-Befehl verarbeitet)
  -> Fallback aktiv: elementweise iterative Annäherung aus Rasterbild.
[WARN] AC0532_2S_sia.jpg: Differenzbild-Fehlerpixel sind nicht zufällig verteilt; Variante bleibt für einen Qualitäts-Nachbesserungslauf geöffnet (upper_quartile_error_pixels_form_large_connected_component; largest_cluster_fraction=0.670455, localized_error_fraction=0.911636).
[INFO] Konvertiert AC0532_2S_sia.jpg | Parameter: mode=auto, label=M, variant_name=AC0532_2S_SIA | Qualität: Optimierungsfehler/Pixel=0.010214, Mean-Delta²=1541.276245, RGB-RMSE/Kanal=22.666247, Raumscore=5518.270511, beste Composite-Iteration=n/a (direkte/semantische Pipeline), ausgeführt=65/65 | Dauer=0.9s
[INFO] Konvertiere AC0531_1_L.jpg | Parameter: Iterationen=65, max. Validierungsrunden=7

--- Verarbeite AC0531_1_L.jpg ---
Bildbeschreibung: Wie AC0501: Klappensymbol: Rechteck hochkant, graue Umrandung. Graue Diagonale von unten links nach oben Rechts, in der Mitte ein dunkelgrauer Punkt. Farbverlauf Hintergrund: Dunkelgrau, hellgrau, dunkelgrau. Geometrische Variante: identisch zur Referenz.
Befehl erkannt: Fallback-Modus aktiv (Beschreibung wird ohne expliziten Compositing-Befehl verarbeitet)
  -> Fallback aktiv: elementweise iterative Annäherung aus Rasterbild.
[INFO] Konvertiert AC0531_1_L.jpg | Parameter: mode=auto, label=M, variant_name=AC0531_1_L | Qualität: Optimierungsfehler/Pixel=0.010258, Mean-Delta²=5071.451172, RGB-RMSE/Kanal=41.115493, Raumscore=8206.864701, beste Composite-Iteration=n/a (direkte/semantische Pipeline), ausgeführt=65/65 | Dauer=1.6s
[INFO] Konvertiere AC0521_M.jpg | Parameter: Iterationen=65, max. Validierungsrunden=7

--- Verarbeite AC0521_M.jpg ---
Bildbeschreibung: Graues Rechteck hochkant, graue Umrandung, drei graue horizontale Linien, Farbverlauf dunkel-hell-dunkel. Offene Klappe mit 3 Schliessflächen Abweichung: anstelle von 3 grauen horizontalen dunkelgrauen Strichen drei kleinere vertikale dunkelgraue Striche. Es handelt sich um eine geschlossene Klappe mit der Schliessflächen.
Befehl erkannt: Fallback-Modus aktiv (Beschreibung wird ohne expliziten Compositing-Befehl verarbeitet)
  -> Fallback aktiv: verwende gerahmtes Farbuebergang-Panel aus Rasterfarben.
[WARN] AC0521_M.jpg: Differenzbild-Fehlerpixel sind nicht zufällig verteilt; Variante bleibt für einen Qualitäts-Nachbesserungslauf geöffnet (upper_quartile_error_pixels_form_large_connected_component; largest_cluster_fraction=0.819502, localized_error_fraction=0.845030).
[INFO] Konvertiert AC0521_M.jpg | Parameter: mode=auto, label=M, variant_name=AC0521_M | Qualität: Optimierungsfehler/Pixel=0.010264, Mean-Delta²=2366.948242, RGB-RMSE/Kanal=28.088837, Raumscore=7862.603295, beste Composite-Iteration=n/a (direkte/semantische Pipeline), ausgeführt=65/65 | Dauer=0.1s
[INFO] Konvertiere AC0522_M.jpg | Parameter: Iterationen=65, max. Validierungsrunden=7

--- Verarbeite AC0522_M.jpg ---
Bildbeschreibung: Wie AC0521: Wie AC0511, jedoch anstelle von 3 grauen horizontalen dunkelgrauen Strichen drei kleinere vertikale dunkelgraue Striche. Es handelt sich um eine geschlossene Klappe mit der Schliessflächen. . Geometrische Variante: 90° nach rechts gedreht.
Befehl erkannt: Fallback-Modus aktiv (Beschreibung wird ohne expliziten Compositing-Befehl verarbeitet)
  -> Fallback aktiv: verwende gerahmtes Farbuebergang-Panel aus Rasterfarben.
[WARN] AC0522_M.jpg: Differenzbild-Fehlerpixel sind nicht zufällig verteilt; Variante bleibt für einen Qualitäts-Nachbesserungslauf geöffnet (error_energy_concentrated_in_worst_tiles; largest_cluster_fraction=0.240246, localized_error_fraction=0.837334).
[INFO] Konvertiert AC0522_M.jpg | Parameter: mode=auto, label=M, variant_name=AC0522_M | Qualität: Optimierungsfehler/Pixel=0.010065, Mean-Delta²=2584.161621, RGB-RMSE/Kanal=29.349399, Raumscore=8012.153681, beste Composite-Iteration=n/a (direkte/semantische Pipeline), ausgeführt=65/65 | Dauer=0.1s
[INFO] Konvertiere AC0502_S_sia.jpg | Parameter: Iterationen=65, max. Validierungsrunden=7

--- Verarbeite AC0502_S_sia.jpg ---
Bildbeschreibung: Wie AC0501: Klappensymbol: Rechteck hochkant, graue Umrandung. Graue Diagonale von unten links nach oben Rechts, in der Mitte ein dunkelgrauer Punkt. Farbverlauf Hintergrund: Dunkelgrau, hellgrau, dunkelgrau. Geometrische Variante: 90° nach rechts gedreht.
Befehl erkannt: Fallback-Modus aktiv (Beschreibung wird ohne expliziten Compositing-Befehl verarbeitet)
  -> Fallback aktiv: elementweise iterative Annäherung aus Rasterbild.
[WARN] AC0502_S_sia.jpg: Differenzbild-Fehlerpixel sind nicht zufällig verteilt; Variante bleibt für einen Qualitäts-Nachbesserungslauf geöffnet (error_energy_concentrated_in_worst_tiles; largest_cluster_fraction=0.333333, localized_error_fraction=0.948572).
[INFO] Konvertiert AC0502_S_sia.jpg | Parameter: mode=auto, label=M, variant_name=AC0502_S_SIA | Qualität: Optimierungsfehler/Pixel=0.009467, Mean-Delta²=1281.161255, RGB-RMSE/Kanal=20.665279, Raumscore=4605.235787, beste Composite-Iteration=n/a (direkte/semantische Pipeline), ausgeführt=65/65 | Dauer=0.9s
[INFO] Konvertiere AC0532_S_sia.jpg | Parameter: Iterationen=65, max. Validierungsrunden=7

--- Verarbeite AC0532_S_sia.jpg ---
Bildbeschreibung: Wie AC0501: Klappensymbol: Rechteck hochkant, graue Umrandung. Graue Diagonale von unten links nach oben Rechts, in der Mitte ein dunkelgrauer Punkt. Farbverlauf Hintergrund: Dunkelgrau, hellgrau, dunkelgrau. Geometrische Variante: 90° nach rechts gedreht.
Befehl erkannt: Fallback-Modus aktiv (Beschreibung wird ohne expliziten Compositing-Befehl verarbeitet)
  -> Fallback aktiv: elementweise iterative Annäherung aus Rasterbild.
[WARN] AC0532_S_sia.jpg: Differenzbild-Fehlerpixel sind nicht zufällig verteilt; Variante bleibt für einen Qualitäts-Nachbesserungslauf geöffnet (error_energy_concentrated_in_worst_tiles; largest_cluster_fraction=0.370370, localized_error_fraction=0.947320).
[INFO] Konvertiert AC0532_S_sia.jpg | Parameter: mode=auto, label=M, variant_name=AC0532_S_SIA | Qualität: Optimierungsfehler/Pixel=0.009038, Mean-Delta²=1215.765015, RGB-RMSE/Kanal=20.130946, Raumscore=4473.588032, beste Composite-Iteration=n/a (direkte/semantische Pipeline), ausgeführt=65/65 | Dauer=0.6s
[INFO] Konvertiere AC0531_M.jpg | Parameter: Iterationen=65, max. Validierungsrunden=7

--- Verarbeite AC0531_M.jpg ---
Bildbeschreibung: Wie AC0501: Klappensymbol: Rechteck hochkant, graue Umrandung. Graue Diagonale von unten links nach oben Rechts, in der Mitte ein dunkelgrauer Punkt. Farbverlauf Hintergrund: Dunkelgrau, hellgrau, dunkelgrau. Geometrische Variante: identisch zur Referenz.
Befehl erkannt: Fallback-Modus aktiv (Beschreibung wird ohne expliziten Compositing-Befehl verarbeitet)
  -> Fallback aktiv: elementweise iterative Annäherung aus Rasterbild.
[WARN] AC0531_M.jpg: Differenzbild-Fehlerpixel sind nicht zufällig verteilt; Variante bleibt für einen Qualitäts-Nachbesserungslauf geöffnet (error_energy_concentrated_in_worst_tiles; largest_cluster_fraction=0.385859, localized_error_fraction=0.851220).
[INFO] Konvertiert AC0531_M.jpg | Parameter: mode=auto, label=M, variant_name=AC0531_M | Qualität: Optimierungsfehler/Pixel=0.007908, Mean-Delta²=1937.060059, RGB-RMSE/Kanal=25.410366, Raumscore=6558.771639, beste Composite-Iteration=n/a (direkte/semantische Pipeline), ausgeführt=65/65 | Dauer=0.8s
[INFO] Konvertiere AC0532_M.jpg | Parameter: Iterationen=65, max. Validierungsrunden=7

--- Verarbeite AC0532_M.jpg ---
Bildbeschreibung: Wie AC0501: Klappensymbol: Rechteck hochkant, graue Umrandung. Graue Diagonale von unten links nach oben Rechts, in der Mitte ein dunkelgrauer Punkt. Farbverlauf Hintergrund: Dunkelgrau, hellgrau, dunkelgrau. Geometrische Variante: 90° nach rechts gedreht.
Befehl erkannt: Fallback-Modus aktiv (Beschreibung wird ohne expliziten Compositing-Befehl verarbeitet)
  -> Fallback aktiv: elementweise iterative Annäherung aus Rasterbild.
[WARN] AC0532_M.jpg: Differenzbild-Fehlerpixel sind nicht zufällig verteilt; Variante bleibt für einen Qualitäts-Nachbesserungslauf geöffnet (error_energy_concentrated_in_worst_tiles; largest_cluster_fraction=0.263374, localized_error_fraction=0.868429).
[INFO] Konvertiert AC0532_M.jpg | Parameter: mode=auto, label=M, variant_name=AC0532_M | Qualität: Optimierungsfehler/Pixel=0.007694, Mean-Delta²=1954.577759, RGB-RMSE/Kanal=25.525006, Raumscore=6658.994843, beste Composite-Iteration=n/a (direkte/semantische Pipeline), ausgeführt=65/65 | Dauer=0.9s
[INFO] Konvertiere AC0504_M_sia.jpg | Parameter: Iterationen=65, max. Validierungsrunden=7

--- Verarbeite AC0504_M_sia.jpg ---
Bildbeschreibung: Unzugeordnete Wurzelform aus der Serie AC0504_M_sia. Das Symbol liegt derzeit nur als einzelnes, noch nicht fachlich klassifiziertes Bildobjekt vor. Dokumentiert ist die dokumentierte Variante (sia). Bitte einer finalen Wurzelform-Kategorie zuordnen.
Befehl erkannt: MANUELL: Beschreibung fordert manuelle Zuordnung zu einer finalen Wurzelform-Kategorie.
  -> Plan B aktiv: elementweise iterative Annäherung aus Rasterbild.
  -> Plan B Vergleich aktiv: verwende generierte Vektor-Lösung (status=manual_review_elementwise_symbol_fit, err=17.168).
[WARN] AC0504_M_sia.jpg: Differenzbild-Fehlerpixel sind nicht zufällig verteilt; Variante bleibt für einen Qualitäts-Nachbesserungslauf geöffnet (upper_quartile_error_pixels_form_large_connected_component; largest_cluster_fraction=0.784232, localized_error_fraction=0.822273).
[INFO] Konvertiert AC0504_M_sia.jpg | Parameter: mode=manual_review, label=, variant_name=AC0504_M_SIA | Qualität: Optimierungsfehler/Pixel=0.009567, Mean-Delta²=3822.671631, RGB-RMSE/Kanal=35.696273, Raumscore=12117.972586, beste Composite-Iteration=n/a (direkte/semantische Pipeline), ausgeführt=65/65 | Dauer=0.3s
[INFO] Konvertiere AC0503_M_sia.jpg | Parameter: Iterationen=65, max. Validierungsrunden=7

--- Verarbeite AC0503_M_sia.jpg ---
Bildbeschreibung: Unzugeordnete Wurzelform aus der Serie AC0503_M_sia. Das Symbol liegt derzeit nur als einzelnes, noch nicht fachlich klassifiziertes Bildobjekt vor. Dokumentiert ist die dokumentierte Variante (sia). Bitte einer finalen Wurzelform-Kategorie zuordnen.
Befehl erkannt: MANUELL: Beschreibung fordert manuelle Zuordnung zu einer finalen Wurzelform-Kategorie.
  -> Plan B aktiv: elementweise iterative Annäherung aus Rasterbild.
  -> Plan B Vergleich aktiv: verwende generierte Vektor-Lösung (status=manual_review_elementwise_symbol_fit, err=17.665).
[WARN] AC0503_M_sia.jpg: Differenzbild-Fehlerpixel sind nicht zufällig verteilt; Variante bleibt für einen Qualitäts-Nachbesserungslauf geöffnet (upper_quartile_error_pixels_form_large_connected_component; largest_cluster_fraction=0.600639, localized_error_fraction=0.755452).
[INFO] Konvertiert AC0503_M_sia.jpg | Parameter: mode=manual_review, label=, variant_name=AC0503_M_SIA | Qualität: Optimierungsfehler/Pixel=0.009790, Mean-Delta²=3636.270020, RGB-RMSE/Kanal=34.815083, Raumscore=10440.145075, beste Composite-Iteration=n/a (direkte/semantische Pipeline), ausgeführt=65/65 | Dauer=0.3s
[INFO] Konvertiere AC0512_L.jpg | Parameter: Iterationen=65, max. Validierungsrunden=7

--- Verarbeite AC0512_L.jpg ---
Bildbeschreibung: Wie AC0511: Graues Rechteck hochkant, graue Umrandung, drei graue horizontale Linien, Farbverlauf dunkel-hell-dunkel. Offene Klappe mit 3 Schliessflächen. Geometrische Variante: 90° nach rechts gedreht.
Befehl erkannt: Fallback-Modus aktiv (Beschreibung wird ohne expliziten Compositing-Befehl verarbeitet)
  -> Fallback aktiv: elementweise iterative Annäherung aus Rasterbild.
[WARN] AC0512_L.jpg: Differenzbild-Fehlerpixel sind nicht zufällig verteilt; Variante bleibt für einen Qualitäts-Nachbesserungslauf geöffnet (upper_quartile_error_pixels_form_large_connected_component; largest_cluster_fraction=0.872749, localized_error_fraction=0.672914).
[INFO] Konvertiert AC0512_L.jpg | Parameter: mode=auto, label=M, variant_name=AC0512_L | Qualität: Optimierungsfehler/Pixel=0.007091, Mean-Delta²=3684.276611, RGB-RMSE/Kanal=35.044146, Raumscore=10181.530186, beste Composite-Iteration=n/a (direkte/semantische Pipeline), ausgeführt=65/65 | Dauer=1.1s
[INFO] Konvertiere AC0502_M.jpg | Parameter: Iterationen=65, max. Validierungsrunden=7

--- Verarbeite AC0502_M.jpg ---
Bildbeschreibung: Wie AC0501: Klappensymbol: Rechteck hochkant, graue Umrandung. Graue Diagonale von unten links nach oben Rechts, in der Mitte ein dunkelgrauer Punkt. Farbverlauf Hintergrund: Dunkelgrau, hellgrau, dunkelgrau. Geometrische Variante: 90° nach rechts gedreht.
Befehl erkannt: Fallback-Modus aktiv (Beschreibung wird ohne expliziten Compositing-Befehl verarbeitet)
  -> Fallback aktiv: elementweise iterative Annäherung aus Rasterbild.
[WARN] AC0502_M.jpg: Differenzbild-Fehlerpixel sind nicht zufällig verteilt; Variante bleibt für einen Qualitäts-Nachbesserungslauf geöffnet (error_energy_concentrated_in_worst_tiles; largest_cluster_fraction=0.404110, localized_error_fraction=0.811783).
[INFO] Konvertiert AC0502_M.jpg | Parameter: mode=auto, label=M, variant_name=AC0502_M | Qualität: Optimierungsfehler/Pixel=0.007092, Mean-Delta²=1526.181152, RGB-RMSE/Kanal=22.554978, Raumscore=5336.081146, beste Composite-Iteration=n/a (direkte/semantische Pipeline), ausgeführt=65/65 | Dauer=0.9s
[INFO] Konvertiere AC0501_M.jpg | Parameter: Iterationen=65, max. Validierungsrunden=7

--- Verarbeite AC0501_M.jpg ---
Bildbeschreibung: Klappensymbol: Rechteck hochkant, graue Umrandung. Graue Diagonale von unten links nach oben Rechts, in der Mitte ein dunkelgrauer Punkt. Farbverlauf Hintergrund: Dunkelgrau, hellgrau, dunkelgrau
Befehl erkannt: Fallback-Modus aktiv (Beschreibung wird ohne expliziten Compositing-Befehl verarbeitet)
  -> Fallback aktiv: elementweise iterative Annäherung aus Rasterbild.
[WARN] AC0501_M.jpg: Differenzbild-Fehlerpixel sind nicht zufällig verteilt; Variante bleibt für einen Qualitäts-Nachbesserungslauf geöffnet (error_energy_concentrated_in_worst_tiles; largest_cluster_fraction=0.476091, localized_error_fraction=0.798817).
[INFO] Konvertiert AC0501_M.jpg | Parameter: mode=auto, label=M, variant_name=AC0501_M | Qualität: Optimierungsfehler/Pixel=0.007094, Mean-Delta²=1482.488892, RGB-RMSE/Kanal=22.229777, Raumscore=5131.877091, beste Composite-Iteration=n/a (direkte/semantische Pipeline), ausgeführt=65/65 | Dauer=0.8s
[INFO] Konvertiere AC0511_L.jpg | Parameter: Iterationen=65, max. Validierungsrunden=7

--- Verarbeite AC0511_L.jpg ---
Bildbeschreibung: Graues Rechteck hochkant, graue Umrandung, drei graue horizontale Linien, Farbverlauf dunkel-hell-dunkel. Offene Klappe mit 3 Schliessflächen
Befehl erkannt: Fallback-Modus aktiv (Beschreibung wird ohne expliziten Compositing-Befehl verarbeitet)
  -> Fallback aktiv: elementweise iterative Annäherung aus Rasterbild.
[WARN] AC0511_L.jpg: Differenzbild-Fehlerpixel sind nicht zufällig verteilt; Variante bleibt für einen Qualitäts-Nachbesserungslauf geöffnet (upper_quartile_error_pixels_form_large_connected_component; largest_cluster_fraction=0.987578, localized_error_fraction=0.643605).
[INFO] Konvertiert AC0511_L.jpg | Parameter: mode=auto, label=M, variant_name=AC0511_L | Qualität: Optimierungsfehler/Pixel=0.006972, Mean-Delta²=3340.997803, RGB-RMSE/Kanal=33.371634, Raumscore=9134.135329, beste Composite-Iteration=n/a (direkte/semantische Pipeline), ausgeführt=65/65 | Dauer=1.1s
[INFO] Konvertiere AC0501_M_sia.jpg | Parameter: Iterationen=65, max. Validierungsrunden=7

--- Verarbeite AC0501_M_sia.jpg ---
Bildbeschreibung: Klappensymbol: Rechteck hochkant, graue Umrandung. Graue Diagonale von unten links nach oben Rechts, in der Mitte ein dunkelgrauer Punkt. Farbverlauf Hintergrund: Dunkelgrau, hellgrau, dunkelgrau
Befehl erkannt: Fallback-Modus aktiv (Beschreibung wird ohne expliziten Compositing-Befehl verarbeitet)
  -> Fallback aktiv: elementweise iterative Annäherung aus Rasterbild.
[WARN] AC0501_M_sia.jpg: Differenzbild-Fehlerpixel sind nicht zufällig verteilt; Variante bleibt für einen Qualitäts-Nachbesserungslauf geöffnet (error_energy_concentrated_in_worst_tiles; largest_cluster_fraction=0.333333, localized_error_fraction=0.917143).
[INFO] Konvertiert AC0501_M_sia.jpg | Parameter: mode=auto, label=M, variant_name=AC0501_M_SIA | Qualität: Optimierungsfehler/Pixel=0.006775, Mean-Delta²=2630.476562, RGB-RMSE/Kanal=29.611240, Raumscore=8594.610702, beste Composite-Iteration=n/a (direkte/semantische Pipeline), ausgeführt=65/65 | Dauer=0.9s
[INFO] Konvertiere AC0521_L.jpg | Parameter: Iterationen=65, max. Validierungsrunden=7

--- Verarbeite AC0521_L.jpg ---
Bildbeschreibung: Graues Rechteck hochkant, graue Umrandung, drei graue horizontale Linien, Farbverlauf dunkel-hell-dunkel. Offene Klappe mit 3 Schliessflächen Abweichung: anstelle von 3 grauen horizontalen dunkelgrauen Strichen drei kleinere vertikale dunkelgraue Striche. Es handelt sich um eine geschlossene Klappe mit der Schliessflächen.
Befehl erkannt: Fallback-Modus aktiv (Beschreibung wird ohne expliziten Compositing-Befehl verarbeitet)
  -> Fallback aktiv: verwende gerahmtes Farbuebergang-Panel aus Rasterfarben.
[WARN] AC0521_L.jpg: Differenzbild-Fehlerpixel sind nicht zufällig verteilt; Variante bleibt für einen Qualitäts-Nachbesserungslauf geöffnet (error_energy_concentrated_in_worst_tiles; largest_cluster_fraction=0.386445, localized_error_fraction=0.779222).
[INFO] Konvertiert AC0521_L.jpg | Parameter: mode=auto, label=M, variant_name=AC0521_L | Qualität: Optimierungsfehler/Pixel=0.006015, Mean-Delta²=2481.245605, RGB-RMSE/Kanal=28.759031, Raumscore=6992.101586, beste Composite-Iteration=n/a (direkte/semantische Pipeline), ausgeführt=65/65 | Dauer=0.1s
[INFO] Konvertiere AC0531_M_sia.jpg | Parameter: Iterationen=65, max. Validierungsrunden=7

--- Verarbeite AC0531_M_sia.jpg ---
Bildbeschreibung: Wie AC0501: Klappensymbol: Rechteck hochkant, graue Umrandung. Graue Diagonale von unten links nach oben Rechts, in der Mitte ein dunkelgrauer Punkt. Farbverlauf Hintergrund: Dunkelgrau, hellgrau, dunkelgrau. Geometrische Variante: identisch zur Referenz.
Befehl erkannt: Fallback-Modus aktiv (Beschreibung wird ohne expliziten Compositing-Befehl verarbeitet)
  -> Fallback aktiv: elementweise iterative Annäherung aus Rasterbild.
[WARN] AC0531_M_sia.jpg: Differenzbild-Fehlerpixel sind nicht zufällig verteilt; Variante bleibt für einen Qualitäts-Nachbesserungslauf geöffnet (error_energy_concentrated_in_worst_tiles; largest_cluster_fraction=0.291667, localized_error_fraction=0.838439).
[INFO] Konvertiert AC0531_M_sia.jpg | Parameter: mode=auto, label=M, variant_name=AC0531_M_SIA | Qualität: Optimierungsfehler/Pixel=0.005802, Mean-Delta²=2226.378418, RGB-RMSE/Kanal=27.241992, Raumscore=6944.975132, beste Composite-Iteration=n/a (direkte/semantische Pipeline), ausgeführt=65/65 | Dauer=1.0s
[INFO] Konvertiere AC0502_L.jpg | Parameter: Iterationen=65, max. Validierungsrunden=7

--- Verarbeite AC0502_L.jpg ---
Bildbeschreibung: Wie AC0501: Klappensymbol: Rechteck hochkant, graue Umrandung. Graue Diagonale von unten links nach oben Rechts, in der Mitte ein dunkelgrauer Punkt. Farbverlauf Hintergrund: Dunkelgrau, hellgrau, dunkelgrau. Geometrische Variante: 90° nach rechts gedreht.
Befehl erkannt: Fallback-Modus aktiv (Beschreibung wird ohne expliziten Compositing-Befehl verarbeitet)
  -> Fallback aktiv: elementweise iterative Annäherung aus Rasterbild.
[WARN] AC0502_L.jpg: Differenzbild-Fehlerpixel sind nicht zufällig verteilt; Variante bleibt für einen Qualitäts-Nachbesserungslauf geöffnet (upper_quartile_error_pixels_form_large_connected_component; largest_cluster_fraction=0.926061, localized_error_fraction=0.832425).
[INFO] Konvertiert AC0502_L.jpg | Parameter: mode=auto, label=M, variant_name=AC0502_L | Qualität: Optimierungsfehler/Pixel=0.005695, Mean-Delta²=3182.136230, RGB-RMSE/Kanal=32.568575, Raumscore=11518.987148, beste Composite-Iteration=n/a (direkte/semantische Pipeline), ausgeführt=65/65 | Dauer=1.0s
[INFO] Konvertiere AC0522_L.jpg | Parameter: Iterationen=65, max. Validierungsrunden=7

--- Verarbeite AC0522_L.jpg ---
Bildbeschreibung: Wie AC0521: Wie AC0511, jedoch anstelle von 3 grauen horizontalen dunkelgrauen Strichen drei kleinere vertikale dunkelgraue Striche. Es handelt sich um eine geschlossene Klappe mit der Schliessflächen. . Geometrische Variante: 90° nach rechts gedreht.
Befehl erkannt: Fallback-Modus aktiv (Beschreibung wird ohne expliziten Compositing-Befehl verarbeitet)
  -> Fallback aktiv: verwende gerahmtes Farbuebergang-Panel aus Rasterfarben.
[WARN] AC0522_L.jpg: Differenzbild-Fehlerpixel sind nicht zufällig verteilt; Variante bleibt für einen Qualitäts-Nachbesserungslauf geöffnet (error_energy_concentrated_in_worst_tiles; largest_cluster_fraction=0.341250, localized_error_fraction=0.834932).
[INFO] Konvertiert AC0522_L.jpg | Parameter: mode=auto, label=M, variant_name=AC0522_L | Qualität: Optimierungsfehler/Pixel=0.005563, Mean-Delta²=2548.433105, RGB-RMSE/Kanal=29.145801, Raumscore=7621.017790, beste Composite-Iteration=n/a (direkte/semantische Pipeline), ausgeführt=65/65 | Dauer=0.1s
[INFO] Konvertiere AC0502_M_sia.jpg | Parameter: Iterationen=65, max. Validierungsrunden=7

--- Verarbeite AC0502_M_sia.jpg ---
Bildbeschreibung: Wie AC0501: Klappensymbol: Rechteck hochkant, graue Umrandung. Graue Diagonale von unten links nach oben Rechts, in der Mitte ein dunkelgrauer Punkt. Farbverlauf Hintergrund: Dunkelgrau, hellgrau, dunkelgrau. Geometrische Variante: 90° nach rechts gedreht.
Befehl erkannt: Fallback-Modus aktiv (Beschreibung wird ohne expliziten Compositing-Befehl verarbeitet)
  -> Fallback aktiv: elementweise iterative Annäherung aus Rasterbild.
[WARN] AC0502_M_sia.jpg: Differenzbild-Fehlerpixel sind nicht zufällig verteilt; Variante bleibt für einen Qualitäts-Nachbesserungslauf geöffnet (upper_quartile_error_pixels_form_large_connected_component; largest_cluster_fraction=0.755396, localized_error_fraction=0.980308).
[INFO] Konvertiert AC0502_M_sia.jpg | Parameter: mode=auto, label=M, variant_name=AC0502_M_SIA | Qualität: Optimierungsfehler/Pixel=0.003850, Mean-Delta²=1548.026611, RGB-RMSE/Kanal=22.715829, Raumscore=6143.250980, beste Composite-Iteration=n/a (direkte/semantische Pipeline), ausgeführt=65/65 | Dauer=0.9s
[INFO] Konvertiere AC0532_L.jpg | Parameter: Iterationen=65, max. Validierungsrunden=7

--- Verarbeite AC0532_L.jpg ---
Bildbeschreibung: Wie AC0501: Klappensymbol: Rechteck hochkant, graue Umrandung. Graue Diagonale von unten links nach oben Rechts, in der Mitte ein dunkelgrauer Punkt. Farbverlauf Hintergrund: Dunkelgrau, hellgrau, dunkelgrau. Geometrische Variante: 90° nach rechts gedreht.
Befehl erkannt: Fallback-Modus aktiv (Beschreibung wird ohne expliziten Compositing-Befehl verarbeitet)
  -> Fallback aktiv: elementweise iterative Annäherung aus Rasterbild.
[WARN] AC0532_L.jpg: Differenzbild-Fehlerpixel sind nicht zufällig verteilt; Variante bleibt für einen Qualitäts-Nachbesserungslauf geöffnet (upper_quartile_error_pixels_form_large_connected_component; largest_cluster_fraction=0.817834, localized_error_fraction=0.913610).
[INFO] Konvertiert AC0532_L.jpg | Parameter: mode=auto, label=M, variant_name=AC0532_L | Qualität: Optimierungsfehler/Pixel=0.004662, Mean-Delta²=2877.969727, RGB-RMSE/Kanal=30.972944, Raumscore=11235.747307, beste Composite-Iteration=n/a (direkte/semantische Pipeline), ausgeführt=65/65 | Dauer=1.0s
[INFO] Konvertiere AC0532_M_sia.jpg | Parameter: Iterationen=65, max. Validierungsrunden=7

--- Verarbeite AC0532_M_sia.jpg ---
Bildbeschreibung: Wie AC0501: Klappensymbol: Rechteck hochkant, graue Umrandung. Graue Diagonale von unten links nach oben Rechts, in der Mitte ein dunkelgrauer Punkt. Farbverlauf Hintergrund: Dunkelgrau, hellgrau, dunkelgrau. Geometrische Variante: 90° nach rechts gedreht.
Befehl erkannt: Fallback-Modus aktiv (Beschreibung wird ohne expliziten Compositing-Befehl verarbeitet)
  -> Fallback aktiv: elementweise iterative Annäherung aus Rasterbild.
[WARN] AC0532_M_sia.jpg: Differenzbild-Fehlerpixel sind nicht zufällig verteilt; Variante bleibt für einen Qualitäts-Nachbesserungslauf geöffnet (error_energy_concentrated_in_worst_tiles; largest_cluster_fraction=0.485714, localized_error_fraction=0.974977).
[INFO] Konvertiert AC0532_M_sia.jpg | Parameter: mode=auto, label=M, variant_name=AC0532_M_SIA | Qualität: Optimierungsfehler/Pixel=0.004737, Mean-Delta²=1825.441650, RGB-RMSE/Kanal=24.667399, Raumscore=6761.622867, beste Composite-Iteration=n/a (direkte/semantische Pipeline), ausgeführt=65/65 | Dauer=1.0s
[INFO] Konvertiere AC0531_L.jpg | Parameter: Iterationen=65, max. Validierungsrunden=7

--- Verarbeite AC0531_L.jpg ---
Bildbeschreibung: Wie AC0501: Klappensymbol: Rechteck hochkant, graue Umrandung. Graue Diagonale von unten links nach oben Rechts, in der Mitte ein dunkelgrauer Punkt. Farbverlauf Hintergrund: Dunkelgrau, hellgrau, dunkelgrau. Geometrische Variante: identisch zur Referenz.
Befehl erkannt: Fallback-Modus aktiv (Beschreibung wird ohne expliziten Compositing-Befehl verarbeitet)
  -> Fallback aktiv: elementweise iterative Annäherung aus Rasterbild.
[WARN] AC0531_L.jpg: Differenzbild-Fehlerpixel sind nicht zufällig verteilt; Variante bleibt für einen Qualitäts-Nachbesserungslauf geöffnet (error_energy_concentrated_in_worst_tiles; largest_cluster_fraction=0.346863, localized_error_fraction=0.891786).
[INFO] Konvertiert AC0531_L.jpg | Parameter: mode=auto, label=M, variant_name=AC0531_L | Qualität: Optimierungsfehler/Pixel=0.004577, Mean-Delta²=2469.038818, RGB-RMSE/Kanal=28.688202, Raumscore=9006.073504, beste Composite-Iteration=n/a (direkte/semantische Pipeline), ausgeführt=65/65 | Dauer=0.9s
[INFO] Konvertiere AC0501_L.jpg | Parameter: Iterationen=65, max. Validierungsrunden=7

--- Verarbeite AC0501_L.jpg ---
Bildbeschreibung: Klappensymbol: Rechteck hochkant, graue Umrandung. Graue Diagonale von unten links nach oben Rechts, in der Mitte ein dunkelgrauer Punkt. Farbverlauf Hintergrund: Dunkelgrau, hellgrau, dunkelgrau
Befehl erkannt: Fallback-Modus aktiv (Beschreibung wird ohne expliziten Compositing-Befehl verarbeitet)
  -> Fallback aktiv: elementweise iterative Annäherung aus Rasterbild.
[WARN] AC0501_L.jpg: Differenzbild-Fehlerpixel sind nicht zufällig verteilt; Variante bleibt für einen Qualitäts-Nachbesserungslauf geöffnet (error_energy_concentrated_in_worst_tiles; largest_cluster_fraction=0.452785, localized_error_fraction=0.869298).
[INFO] Konvertiert AC0501_L.jpg | Parameter: mode=auto, label=M, variant_name=AC0501_L | Qualität: Optimierungsfehler/Pixel=0.004139, Mean-Delta²=2007.414062, RGB-RMSE/Kanal=25.867702, Raumscore=7548.495644, beste Composite-Iteration=n/a (direkte/semantische Pipeline), ausgeführt=65/65 | Dauer=0.5s
[INFO] Konvertiere AC0503_L_sia.jpg | Parameter: Iterationen=65, max. Validierungsrunden=7

--- Verarbeite AC0503_L_sia.jpg ---
Bildbeschreibung: Unzugeordnete Wurzelform aus der Serie AC0503_L_sia. Das Symbol liegt derzeit nur als einzelnes, noch nicht fachlich klassifiziertes Bildobjekt vor. Dokumentiert ist die dokumentierte Variante (sia). Bitte einer finalen Wurzelform-Kategorie zuordnen.
Befehl erkannt: MANUELL: Beschreibung fordert manuelle Zuordnung zu einer finalen Wurzelform-Kategorie.
  -> Plan B aktiv: elementweise iterative Annäherung aus Rasterbild.
  -> Plan B Vergleich aktiv: verwende generierte Vektor-Lösung (status=manual_review_elementwise_symbol_fit, err=16.669).
[WARN] AC0503_L_sia.jpg: Differenzbild-Fehlerpixel sind nicht zufällig verteilt; Variante bleibt für einen Qualitäts-Nachbesserungslauf geöffnet (upper_quartile_error_pixels_form_large_connected_component; largest_cluster_fraction=0.616519, localized_error_fraction=0.809436).
[INFO] Konvertiert AC0503_L_sia.jpg | Parameter: mode=manual_review, label=, variant_name=AC0503_L_SIA | Qualität: Optimierungsfehler/Pixel=0.005215, Mean-Delta²=3272.183350, RGB-RMSE/Kanal=33.026168, Raumscore=10099.906427, beste Composite-Iteration=n/a (direkte/semantische Pipeline), ausgeführt=65/65 | Dauer=0.3s
[INFO] Konvertiere AC0504_L_sia.jpg | Parameter: Iterationen=65, max. Validierungsrunden=7

--- Verarbeite AC0504_L_sia.jpg ---
Bildbeschreibung: Unzugeordnete Wurzelform aus der Serie AC0504_L_sia. Das Symbol liegt derzeit nur als einzelnes, noch nicht fachlich klassifiziertes Bildobjekt vor. Dokumentiert ist die dokumentierte Variante (sia). Bitte einer finalen Wurzelform-Kategorie zuordnen.
Befehl erkannt: MANUELL: Beschreibung fordert manuelle Zuordnung zu einer finalen Wurzelform-Kategorie.
  -> Plan B aktiv: elementweise iterative Annäherung aus Rasterbild.
  -> Plan B Vergleich aktiv: verwende generierte Vektor-Lösung (status=manual_review_elementwise_symbol_fit, err=14.536).
[WARN] AC0504_L_sia.jpg: Differenzbild-Fehlerpixel sind nicht zufällig verteilt; Variante bleibt für einen Qualitäts-Nachbesserungslauf geöffnet (upper_quartile_error_pixels_form_large_connected_component; largest_cluster_fraction=0.705314, localized_error_fraction=0.898774).
[INFO] Konvertiert AC0504_L_sia.jpg | Parameter: mode=manual_review, label=, variant_name=AC0504_L_SIA | Qualität: Optimierungsfehler/Pixel=0.004538, Mean-Delta²=3470.690674, RGB-RMSE/Kanal=34.013187, Raumscore=12165.839152, beste Composite-Iteration=n/a (direkte/semantische Pipeline), ausgeführt=65/65 | Dauer=0.3s
[INFO] Konvertiere AC0501_L_sia.jpg | Parameter: Iterationen=65, max. Validierungsrunden=7

--- Verarbeite AC0501_L_sia.jpg ---
Bildbeschreibung: Klappensymbol: Rechteck hochkant, graue Umrandung. Graue Diagonale von unten links nach oben Rechts, in der Mitte ein dunkelgrauer Punkt. Farbverlauf Hintergrund: Dunkelgrau, hellgrau, dunkelgrau
Befehl erkannt: Fallback-Modus aktiv (Beschreibung wird ohne expliziten Compositing-Befehl verarbeitet)
  -> Fallback aktiv: elementweise iterative Annäherung aus Rasterbild.
[WARN] AC0501_L_sia.jpg: Differenzbild-Fehlerpixel sind nicht zufällig verteilt; Variante bleibt für einen Qualitäts-Nachbesserungslauf geöffnet (error_energy_concentrated_in_worst_tiles; largest_cluster_fraction=0.378855, localized_error_fraction=0.909484).
[INFO] Konvertiert AC0501_L_sia.jpg | Parameter: mode=auto, label=M, variant_name=AC0501_L_SIA | Qualität: Optimierungsfehler/Pixel=0.003493, Mean-Delta²=2682.657227, RGB-RMSE/Kanal=29.903496, Raumscore=9071.361917, beste Composite-Iteration=n/a (direkte/semantische Pipeline), ausgeführt=65/65 | Dauer=0.9s
[INFO] Konvertiere AC0531_L_sia.jpg | Parameter: Iterationen=65, max. Validierungsrunden=7

--- Verarbeite AC0531_L_sia.jpg ---
Bildbeschreibung: Wie AC0501: Klappensymbol: Rechteck hochkant, graue Umrandung. Graue Diagonale von unten links nach oben Rechts, in der Mitte ein dunkelgrauer Punkt. Farbverlauf Hintergrund: Dunkelgrau, hellgrau, dunkelgrau. Geometrische Variante: identisch zur Referenz.
Befehl erkannt: Fallback-Modus aktiv (Beschreibung wird ohne expliziten Compositing-Befehl verarbeitet)
  -> Fallback aktiv: elementweise iterative Annäherung aus Rasterbild.
[WARN] AC0531_L_sia.jpg: Differenzbild-Fehlerpixel sind nicht zufällig verteilt; Variante bleibt für einen Qualitäts-Nachbesserungslauf geöffnet (error_energy_concentrated_in_worst_tiles; largest_cluster_fraction=0.414097, localized_error_fraction=0.879305).
[INFO] Konvertiert AC0531_L_sia.jpg | Parameter: mode=auto, label=M, variant_name=AC0531_L_SIA | Qualität: Optimierungsfehler/Pixel=0.003147, Mean-Delta²=2289.496826, RGB-RMSE/Kanal=27.625452, Raumscore=7602.352165, beste Composite-Iteration=n/a (direkte/semantische Pipeline), ausgeführt=65/65 | Dauer=1.0s
[INFO] Konvertiere AC0532_L_sia.jpg | Parameter: Iterationen=65, max. Validierungsrunden=7

--- Verarbeite AC0532_L_sia.jpg ---
Bildbeschreibung: Wie AC0501: Klappensymbol: Rechteck hochkant, graue Umrandung. Graue Diagonale von unten links nach oben Rechts, in der Mitte ein dunkelgrauer Punkt. Farbverlauf Hintergrund: Dunkelgrau, hellgrau, dunkelgrau. Geometrische Variante: 90° nach rechts gedreht.
Befehl erkannt: Fallback-Modus aktiv (Beschreibung wird ohne expliziten Compositing-Befehl verarbeitet)
  -> Fallback aktiv: elementweise iterative Annäherung aus Rasterbild.
[WARN] AC0532_L_sia.jpg: Differenzbild-Fehlerpixel sind nicht zufällig verteilt; Variante bleibt für einen Qualitäts-Nachbesserungslauf geöffnet (upper_quartile_error_pixels_form_large_connected_component; largest_cluster_fraction=0.563725, localized_error_fraction=0.929419).
[INFO] Konvertiert AC0532_L_sia.jpg | Parameter: mode=auto, label=M, variant_name=AC0532_L_SIA | Qualität: Optimierungsfehler/Pixel=0.002350, Mean-Delta²=1710.657227, RGB-RMSE/Kanal=23.879260, Raumscore=6219.311484, beste Composite-Iteration=n/a (direkte/semantische Pipeline), ausgeführt=65/65 | Dauer=1.0s
[INFO] Konvertiere AC0502_L_sia.jpg | Parameter: Iterationen=65, max. Validierungsrunden=7

--- Verarbeite AC0502_L_sia.jpg ---
Bildbeschreibung: Wie AC0501: Klappensymbol: Rechteck hochkant, graue Umrandung. Graue Diagonale von unten links nach oben Rechts, in der Mitte ein dunkelgrauer Punkt. Farbverlauf Hintergrund: Dunkelgrau, hellgrau, dunkelgrau. Geometrische Variante: 90° nach rechts gedreht.
Befehl erkannt: Fallback-Modus aktiv (Beschreibung wird ohne expliziten Compositing-Befehl verarbeitet)
  -> Fallback aktiv: elementweise iterative Annäherung aus Rasterbild.
[WARN] AC0502_L_sia.jpg: Differenzbild-Fehlerpixel sind nicht zufällig verteilt; Variante bleibt für einen Qualitäts-Nachbesserungslauf geöffnet (upper_quartile_error_pixels_form_large_connected_component; largest_cluster_fraction=0.776190, localized_error_fraction=0.952059).
[INFO] Konvertiert AC0502_L_sia.jpg | Parameter: mode=auto, label=M, variant_name=AC0502_L_SIA | Qualität: Optimierungsfehler/Pixel=0.002087, Mean-Delta²=1543.016235, RGB-RMSE/Kanal=22.679038, Raumscore=5986.415247, beste Composite-Iteration=n/a (direkte/semantische Pipeline), ausgeführt=65/65 | Dauer=1.0s
[INFO] Konvertiere AC0503_1S_sia.jpg | Parameter: Iterationen=92, max. Validierungsrunden=9

--- Verarbeite AC0503_1S_sia.jpg ---
Bildbeschreibung: Unzugeordnete Wurzelform aus der Serie AC0503_1S_sia. Das Symbol liegt derzeit nur als einzelnes, noch nicht fachlich klassifiziertes Bildobjekt vor. Dokumentiert ist die dokumentierte Variante (sia). Bitte einer finalen Wurzelform-Kategorie zuordnen.
Befehl erkannt: MANUELL: Beschreibung fordert manuelle Zuordnung zu einer finalen Wurzelform-Kategorie.
  -> Plan B aktiv: elementweise iterative Annäherung aus Rasterbild.
  -> Plan B Vergleich aktiv: verwende generierte Vektor-Lösung (status=manual_review_elementwise_symbol_fit, err=29.806).
[WARN] AC0503_1S_sia.jpg: Differenzbild-Fehlerpixel sind nicht zufällig verteilt; Variante bleibt für einen Qualitäts-Nachbesserungslauf geöffnet (upper_quartile_error_pixels_form_large_connected_component; largest_cluster_fraction=0.583333, localized_error_fraction=0.835794).
[INFO] Konvertiert AC0503_1S_sia.jpg | Parameter: mode=manual_review, label=, variant_name=AC0503_1S_SIA | Qualität: Optimierungsfehler/Pixel=0.036652, Mean-Delta²=8291.745117, RGB-RMSE/Kanal=52.572950, Raumscore=26083.307339, beste Composite-Iteration=n/a (direkte/semantische Pipeline), ausgeführt=92/92 | Dauer=0.2s
[INFO] Konvertiere AC0502_1_S.jpg | Parameter: Iterationen=92, max. Validierungsrunden=9

--- Verarbeite AC0502_1_S.jpg ---
Bildbeschreibung: Wie AC0501: Klappensymbol: Rechteck hochkant, graue Umrandung. Graue Diagonale von unten links nach oben Rechts, in der Mitte ein dunkelgrauer Punkt. Farbverlauf Hintergrund: Dunkelgrau, hellgrau, dunkelgrau. Geometrische Variante: 90° nach rechts gedreht.
Befehl erkannt: Fallback-Modus aktiv (Beschreibung wird ohne expliziten Compositing-Befehl verarbeitet)
  -> Fallback aktiv: elementweise iterative Annäherung aus Rasterbild.
[WARN] AC0502_1_S.jpg: Differenzbild-Fehlerpixel sind nicht zufällig verteilt; Variante bleibt für einen Qualitäts-Nachbesserungslauf geöffnet (upper_quartile_error_pixels_form_large_connected_component; largest_cluster_fraction=0.505000, localized_error_fraction=0.377403).
[INFO] Konvertiert AC0502_1_S.jpg | Parameter: mode=auto, label=M, variant_name=AC0502_1_S | Qualität: Optimierungsfehler/Pixel=0.036773, Mean-Delta²=3659.502441, RGB-RMSE/Kanal=34.926124, Raumscore=5680.071421, beste Composite-Iteration=n/a (direkte/semantische Pipeline), ausgeführt=92/92 | Dauer=1.0s
[INFO] Konvertiere AC0504_1S_sia.jpg | Parameter: Iterationen=92, max. Validierungsrunden=9

--- Verarbeite AC0504_1S_sia.jpg ---
Bildbeschreibung: Unzugeordnete Wurzelform aus der Serie AC0504_1S_sia. Das Symbol liegt derzeit nur als einzelnes, noch nicht fachlich klassifiziertes Bildobjekt vor. Dokumentiert ist die dokumentierte Variante (sia). Bitte einer finalen Wurzelform-Kategorie zuordnen.
Befehl erkannt: MANUELL: Beschreibung fordert manuelle Zuordnung zu einer finalen Wurzelform-Kategorie.
  -> Plan B aktiv: elementweise iterative Annäherung aus Rasterbild.
  -> Plan B Vergleich aktiv: verwende generierte Vektor-Lösung (status=manual_review_elementwise_symbol_fit, err=27.890).
[WARN] AC0504_1S_sia.jpg: Differenzbild-Fehlerpixel sind nicht zufällig verteilt; Variante bleibt für einen Qualitäts-Nachbesserungslauf geöffnet (upper_quartile_error_pixels_form_large_connected_component; largest_cluster_fraction=0.685950, localized_error_fraction=0.794362).
[INFO] Konvertiert AC0504_1S_sia.jpg | Parameter: mode=manual_review, label=, variant_name=AC0504_1S_SIA | Qualität: Optimierungsfehler/Pixel=0.035082, Mean-Delta²=7483.148926, RGB-RMSE/Kanal=49.943798, Raumscore=23219.213500, beste Composite-Iteration=n/a (direkte/semantische Pipeline), ausgeführt=92/92 | Dauer=0.2s
[INFO] Konvertiere AC0504_2S_sia.jpg | Parameter: Iterationen=92, max. Validierungsrunden=9

--- Verarbeite AC0504_2S_sia.jpg ---
Bildbeschreibung: Unzugeordnete Wurzelform aus der Serie AC0504_2S_sia. Das Symbol liegt derzeit nur als einzelnes, noch nicht fachlich klassifiziertes Bildobjekt vor. Dokumentiert ist die dokumentierte Variante (sia). Bitte einer finalen Wurzelform-Kategorie zuordnen.
Befehl erkannt: MANUELL: Beschreibung fordert manuelle Zuordnung zu einer finalen Wurzelform-Kategorie.
  -> Plan B aktiv: elementweise iterative Annäherung aus Rasterbild.
  -> Plan B Vergleich aktiv: verwende generierte Vektor-Lösung (status=manual_review_elementwise_symbol_fit, err=27.511).
[WARN] AC0504_2S_sia.jpg: Differenzbild-Fehlerpixel sind nicht zufällig verteilt; Variante bleibt für einen Qualitäts-Nachbesserungslauf geöffnet (upper_quartile_error_pixels_form_large_connected_component; largest_cluster_fraction=0.533333, localized_error_fraction=0.754509).
[INFO] Konvertiert AC0504_2S_sia.jpg | Parameter: mode=manual_review, label=, variant_name=AC0504_2S_SIA | Qualität: Optimierungsfehler/Pixel=0.034424, Mean-Delta²=6123.890137, RGB-RMSE/Kanal=45.180712, Raumscore=17746.034749, beste Composite-Iteration=n/a (direkte/semantische Pipeline), ausgeführt=92/92 | Dauer=0.2s
[INFO] Konvertiere AC0511_S.jpg | Parameter: Iterationen=92, max. Validierungsrunden=9

--- Verarbeite AC0511_S.jpg ---
Bildbeschreibung: Graues Rechteck hochkant, graue Umrandung, drei graue horizontale Linien, Farbverlauf dunkel-hell-dunkel. Offene Klappe mit 3 Schliessflächen
Befehl erkannt: Fallback-Modus aktiv (Beschreibung wird ohne expliziten Compositing-Befehl verarbeitet)
  -> Fallback aktiv: elementweise iterative Annäherung aus Rasterbild.
[WARN] AC0511_S.jpg: Differenzbild-Fehlerpixel sind nicht zufällig verteilt; Variante bleibt für einen Qualitäts-Nachbesserungslauf geöffnet (upper_quartile_error_pixels_form_large_connected_component; largest_cluster_fraction=0.618357, localized_error_fraction=0.662415).
[INFO] Konvertiert AC0511_S.jpg | Parameter: mode=auto, label=M, variant_name=AC0511_S | Qualität: Optimierungsfehler/Pixel=0.028172, Mean-Delta²=3733.057617, RGB-RMSE/Kanal=35.275381, Raumscore=9628.201227, beste Composite-Iteration=n/a (direkte/semantische Pipeline), ausgeführt=92/92 | Dauer=0.8s
[INFO] Konvertiere AC0512_S.jpg | Parameter: Iterationen=92, max. Validierungsrunden=9

--- Verarbeite AC0512_S.jpg ---
Bildbeschreibung: Wie AC0511: Graues Rechteck hochkant, graue Umrandung, drei graue horizontale Linien, Farbverlauf dunkel-hell-dunkel. Offene Klappe mit 3 Schliessflächen. Geometrische Variante: 90° nach rechts gedreht.
Befehl erkannt: Fallback-Modus aktiv (Beschreibung wird ohne expliziten Compositing-Befehl verarbeitet)
  -> Fallback aktiv: elementweise iterative Annäherung aus Rasterbild.
[WARN] AC0512_S.jpg: Differenzbild-Fehlerpixel sind nicht zufällig verteilt; Variante bleibt für einen Qualitäts-Nachbesserungslauf geöffnet (upper_quartile_error_pixels_form_large_connected_component; largest_cluster_fraction=0.810185, localized_error_fraction=0.722935).
[INFO] Konvertiert AC0512_S.jpg | Parameter: mode=auto, label=M, variant_name=AC0512_S | Qualität: Optimierungsfehler/Pixel=0.027265, Mean-Delta²=3992.406250, RGB-RMSE/Kanal=36.480160, Raumscore=11446.388001, beste Composite-Iteration=n/a (direkte/semantische Pipeline), ausgeführt=92/92 | Dauer=1.0s
[INFO] Konvertiere AC0521_S.jpg | Parameter: Iterationen=92, max. Validierungsrunden=9

--- Verarbeite AC0521_S.jpg ---
Bildbeschreibung: Graues Rechteck hochkant, graue Umrandung, drei graue horizontale Linien, Farbverlauf dunkel-hell-dunkel. Offene Klappe mit 3 Schliessflächen Abweichung: anstelle von 3 grauen horizontalen dunkelgrauen Strichen drei kleinere vertikale dunkelgraue Striche. Es handelt sich um eine geschlossene Klappe mit der Schliessflächen.
Befehl erkannt: Fallback-Modus aktiv (Beschreibung wird ohne expliziten Compositing-Befehl verarbeitet)
  -> Fallback aktiv: verwende gerahmtes Farbuebergang-Panel aus Rasterfarben.
[WARN] AC0521_S.jpg: Differenzbild-Fehlerpixel sind nicht zufällig verteilt; Variante bleibt für einen Qualitäts-Nachbesserungslauf geöffnet (error_energy_concentrated_in_worst_tiles; largest_cluster_fraction=0.406091, localized_error_fraction=0.869080).
[INFO] Konvertiert AC0521_S.jpg | Parameter: mode=auto, label=M, variant_name=AC0521_S | Qualität: Optimierungsfehler/Pixel=0.025245, Mean-Delta²=3073.004883, RGB-RMSE/Kanal=32.005233, Raumscore=9835.547618, beste Composite-Iteration=n/a (direkte/semantische Pipeline), ausgeführt=92/92 | Dauer=0.1s
[INFO] Konvertiere AC0503_S_sia.jpg | Parameter: Iterationen=92, max. Validierungsrunden=9

--- Verarbeite AC0503_S_sia.jpg ---
Bildbeschreibung: Unzugeordnete Wurzelform aus der Serie AC0503_S_sia. Das Symbol liegt derzeit nur als einzelnes, noch nicht fachlich klassifiziertes Bildobjekt vor. Dokumentiert ist die dokumentierte Variante (sia). Bitte einer finalen Wurzelform-Kategorie zuordnen.
Befehl erkannt: MANUELL: Beschreibung fordert manuelle Zuordnung zu einer finalen Wurzelform-Kategorie.
  -> Plan B aktiv: elementweise iterative Annäherung aus Rasterbild.
  -> Plan B Vergleich aktiv: verwende generierte Vektor-Lösung (status=manual_review_elementwise_symbol_fit, err=19.696).
[WARN] AC0503_S_sia.jpg: Differenzbild-Fehlerpixel sind nicht zufällig verteilt; Variante bleibt für einen Qualitäts-Nachbesserungslauf geöffnet (upper_quartile_error_pixels_form_large_connected_component; largest_cluster_fraction=0.508197, localized_error_fraction=0.626076).
[INFO] Konvertiert AC0503_S_sia.jpg | Parameter: mode=manual_review, label=, variant_name=AC0503_S_SIA | Qualität: Optimierungsfehler/Pixel=0.024588, Mean-Delta²=3046.830078, RGB-RMSE/Kanal=31.868637, Raumscore=7478.338826, beste Composite-Iteration=n/a (direkte/semantische Pipeline), ausgeführt=92/92 | Dauer=0.2s
[INFO] Konvertiere AC0522_S.jpg | Parameter: Iterationen=92, max. Validierungsrunden=9

--- Verarbeite AC0522_S.jpg ---
Bildbeschreibung: Wie AC0521: Wie AC0511, jedoch anstelle von 3 grauen horizontalen dunkelgrauen Strichen drei kleinere vertikale dunkelgraue Striche. Es handelt sich um eine geschlossene Klappe mit der Schliessflächen. . Geometrische Variante: 90° nach rechts gedreht.
Befehl erkannt: Fallback-Modus aktiv (Beschreibung wird ohne expliziten Compositing-Befehl verarbeitet)
  -> Fallback aktiv: verwende gerahmtes Farbuebergang-Panel aus Rasterfarben.
[WARN] AC0522_S.jpg: Differenzbild-Fehlerpixel sind nicht zufällig verteilt; Variante bleibt für einen Qualitäts-Nachbesserungslauf geöffnet (error_energy_concentrated_in_worst_tiles; largest_cluster_fraction=0.497817, localized_error_fraction=0.899145).
[INFO] Konvertiert AC0522_S.jpg | Parameter: mode=auto, label=M, variant_name=AC0522_S | Qualität: Optimierungsfehler/Pixel=0.023192, Mean-Delta²=3116.648682, RGB-RMSE/Kanal=32.231706, Raumscore=10447.399707, beste Composite-Iteration=n/a (direkte/semantische Pipeline), ausgeführt=92/92 | Dauer=0.1s
[INFO] Konvertiere AC0531_1S_sia.jpg | Parameter: Iterationen=92, max. Validierungsrunden=9

--- Verarbeite AC0531_1S_sia.jpg ---
Bildbeschreibung: Wie AC0501: Klappensymbol: Rechteck hochkant, graue Umrandung. Graue Diagonale von unten links nach oben Rechts, in der Mitte ein dunkelgrauer Punkt. Farbverlauf Hintergrund: Dunkelgrau, hellgrau, dunkelgrau. Geometrische Variante: identisch zur Referenz.
Befehl erkannt: Fallback-Modus aktiv (Beschreibung wird ohne expliziten Compositing-Befehl verarbeitet)
  -> Fallback aktiv: elementweise iterative Annäherung aus Rasterbild.
[WARN] AC0531_1S_sia.jpg: Differenzbild-Fehlerpixel sind nicht zufällig verteilt; Variante bleibt für einen Qualitäts-Nachbesserungslauf geöffnet (error_energy_concentrated_in_worst_tiles; largest_cluster_fraction=0.375000, localized_error_fraction=0.909138).
[INFO] Konvertiert AC0531_1S_sia.jpg | Parameter: mode=auto, label=M, variant_name=AC0531_1S_SIA | Qualität: Optimierungsfehler/Pixel=0.022525, Mean-Delta²=6242.096191, RGB-RMSE/Kanal=45.614677, Raumscore=21383.418502, beste Composite-Iteration=n/a (direkte/semantische Pipeline), ausgeführt=92/92 | Dauer=0.7s
[INFO] Konvertiere AC0501_1S_sia.jpg | Parameter: Iterationen=92, max. Validierungsrunden=9

--- Verarbeite AC0501_1S_sia.jpg ---
Bildbeschreibung: Klappensymbol: Rechteck hochkant, graue Umrandung. Graue Diagonale von unten links nach oben Rechts, in der Mitte ein dunkelgrauer Punkt. Farbverlauf Hintergrund: Dunkelgrau, hellgrau, dunkelgrau
Befehl erkannt: Fallback-Modus aktiv (Beschreibung wird ohne expliziten Compositing-Befehl verarbeitet)
  -> Fallback aktiv: elementweise iterative Annäherung aus Rasterbild.
[WARN] AC0501_1S_sia.jpg: Differenzbild-Fehlerpixel sind nicht zufällig verteilt; Variante bleibt für einen Qualitäts-Nachbesserungslauf geöffnet (upper_quartile_error_pixels_form_large_connected_component; largest_cluster_fraction=0.634409, localized_error_fraction=0.921379).
[INFO] Konvertiert AC0501_1S_sia.jpg | Parameter: mode=auto, label=M, variant_name=AC0501_1S_SIA | Qualität: Optimierungsfehler/Pixel=0.021639, Mean-Delta²=5513.568848, RGB-RMSE/Kanal=42.870226, Raumscore=20186.782800, beste Composite-Iteration=n/a (direkte/semantische Pipeline), ausgeführt=92/92 | Dauer=0.8s
[INFO] Konvertiere AC0501_2S_sia.jpg | Parameter: Iterationen=92, max. Validierungsrunden=9

--- Verarbeite AC0501_2S_sia.jpg ---
Bildbeschreibung: Klappensymbol: Rechteck hochkant, graue Umrandung. Graue Diagonale von unten links nach oben Rechts, in der Mitte ein dunkelgrauer Punkt. Farbverlauf Hintergrund: Dunkelgrau, hellgrau, dunkelgrau
Befehl erkannt: Fallback-Modus aktiv (Beschreibung wird ohne expliziten Compositing-Befehl verarbeitet)
  -> Fallback aktiv: elementweise iterative Annäherung aus Rasterbild.
[WARN] AC0501_2S_sia.jpg: Differenzbild-Fehlerpixel sind nicht zufällig verteilt; Variante bleibt für einen Qualitäts-Nachbesserungslauf geöffnet (error_energy_concentrated_in_worst_tiles; largest_cluster_fraction=0.242105, localized_error_fraction=0.866617).
[INFO] Konvertiert AC0501_2S_sia.jpg | Parameter: mode=auto, label=M, variant_name=AC0501_2S_SIA | Qualität: Optimierungsfehler/Pixel=0.021185, Mean-Delta²=4283.206055, RGB-RMSE/Kanal=37.785385, Raumscore=13304.020617, beste Composite-Iteration=n/a (direkte/semantische Pipeline), ausgeführt=92/92 | Dauer=0.8s
[INFO] Konvertiere AC0531_2S_sia.jpg | Parameter: Iterationen=92, max. Validierungsrunden=9

--- Verarbeite AC0531_2S_sia.jpg ---
Bildbeschreibung: Wie AC0501: Klappensymbol: Rechteck hochkant, graue Umrandung. Graue Diagonale von unten links nach oben Rechts, in der Mitte ein dunkelgrauer Punkt. Farbverlauf Hintergrund: Dunkelgrau, hellgrau, dunkelgrau. Geometrische Variante: identisch zur Referenz.
Befehl erkannt: Fallback-Modus aktiv (Beschreibung wird ohne expliziten Compositing-Befehl verarbeitet)
  -> Fallback aktiv: elementweise iterative Annäherung aus Rasterbild.
[WARN] AC0531_2S_sia.jpg: Differenzbild-Fehlerpixel sind nicht zufällig verteilt; Variante bleibt für einen Qualitäts-Nachbesserungslauf geöffnet (error_energy_concentrated_in_worst_tiles; largest_cluster_fraction=0.239130, localized_error_fraction=0.842269).
[INFO] Konvertiert AC0531_2S_sia.jpg | Parameter: mode=auto, label=M, variant_name=AC0531_2S_SIA | Qualität: Optimierungsfehler/Pixel=0.020843, Mean-Delta²=4263.417480, RGB-RMSE/Kanal=37.697999, Raumscore=13080.889986, beste Composite-Iteration=n/a (direkte/semantische Pipeline), ausgeführt=92/92 | Dauer=0.8s
[INFO] Konvertiere AC0502_S.jpg | Parameter: Iterationen=92, max. Validierungsrunden=9

--- Verarbeite AC0502_S.jpg ---
Bildbeschreibung: Wie AC0501: Klappensymbol: Rechteck hochkant, graue Umrandung. Graue Diagonale von unten links nach oben Rechts, in der Mitte ein dunkelgrauer Punkt. Farbverlauf Hintergrund: Dunkelgrau, hellgrau, dunkelgrau. Geometrische Variante: 90° nach rechts gedreht.
Befehl erkannt: Fallback-Modus aktiv (Beschreibung wird ohne expliziten Compositing-Befehl verarbeitet)
  -> Fallback aktiv: elementweise iterative Annäherung aus Rasterbild.
[WARN] AC0502_S.jpg: Differenzbild-Fehlerpixel sind nicht zufällig verteilt; Variante bleibt für einen Qualitäts-Nachbesserungslauf geöffnet (upper_quartile_error_pixels_form_large_connected_component; largest_cluster_fraction=0.680203, localized_error_fraction=0.614157).
[INFO] Konvertiert AC0502_S.jpg | Parameter: mode=auto, label=M, variant_name=AC0502_S | Qualität: Optimierungsfehler/Pixel=0.016186, Mean-Delta²=1031.946289, RGB-RMSE/Kanal=18.546754, Raumscore=2691.611644, beste Composite-Iteration=n/a (direkte/semantische Pipeline), ausgeführt=92/92 | Dauer=0.8s
[INFO] Konvertiere AC0502_1S_sia.jpg | Parameter: Iterationen=92, max. Validierungsrunden=9

--- Verarbeite AC0502_1S_sia.jpg ---
Bildbeschreibung: Wie AC0501: Klappensymbol: Rechteck hochkant, graue Umrandung. Graue Diagonale von unten links nach oben Rechts, in der Mitte ein dunkelgrauer Punkt. Farbverlauf Hintergrund: Dunkelgrau, hellgrau, dunkelgrau. Geometrische Variante: 90° nach rechts gedreht.
Befehl erkannt: Fallback-Modus aktiv (Beschreibung wird ohne expliziten Compositing-Befehl verarbeitet)
  -> Fallback aktiv: elementweise iterative Annäherung aus Rasterbild.
[WARN] AC0502_1S_sia.jpg: Differenzbild-Fehlerpixel sind nicht zufällig verteilt; Variante bleibt für einen Qualitäts-Nachbesserungslauf geöffnet (upper_quartile_error_pixels_form_large_connected_component; largest_cluster_fraction=0.739130, localized_error_fraction=0.913644).
[INFO] Konvertiert AC0502_1S_sia.jpg | Parameter: mode=auto, label=M, variant_name=AC0502_1S_SIA | Qualität: Optimierungsfehler/Pixel=0.014932, Mean-Delta²=2721.783691, RGB-RMSE/Kanal=30.120777, Raumscore=9586.182565, beste Composite-Iteration=n/a (direkte/semantische Pipeline), ausgeführt=92/92 | Dauer=0.8s
[INFO] Konvertiere AC0532_1S_sia.jpg | Parameter: Iterationen=92, max. Validierungsrunden=9

--- Verarbeite AC0532_1S_sia.jpg ---
Bildbeschreibung: Wie AC0501: Klappensymbol: Rechteck hochkant, graue Umrandung. Graue Diagonale von unten links nach oben Rechts, in der Mitte ein dunkelgrauer Punkt. Farbverlauf Hintergrund: Dunkelgrau, hellgrau, dunkelgrau. Geometrische Variante: 90° nach rechts gedreht.
Befehl erkannt: Fallback-Modus aktiv (Beschreibung wird ohne expliziten Compositing-Befehl verarbeitet)
  -> Fallback aktiv: elementweise iterative Annäherung aus Rasterbild.
[WARN] AC0532_1S_sia.jpg: Differenzbild-Fehlerpixel sind nicht zufällig verteilt; Variante bleibt für einen Qualitäts-Nachbesserungslauf geöffnet (upper_quartile_error_pixels_form_large_connected_component; largest_cluster_fraction=0.732558, localized_error_fraction=0.915915).
[INFO] Konvertiert AC0532_1S_sia.jpg | Parameter: mode=auto, label=M, variant_name=AC0532_1S_SIA | Qualität: Optimierungsfehler/Pixel=0.013439, Mean-Delta²=2473.824951, RGB-RMSE/Kanal=28.715994, Raumscore=8821.495581, beste Composite-Iteration=n/a (direkte/semantische Pipeline), ausgeführt=92/92 | Dauer=0.8s
[INFO] Konvertiere AC0531_S.jpg | Parameter: Iterationen=92, max. Validierungsrunden=9

--- Verarbeite AC0531_S.jpg ---
Bildbeschreibung: Wie AC0501: Klappensymbol: Rechteck hochkant, graue Umrandung. Graue Diagonale von unten links nach oben Rechts, in der Mitte ein dunkelgrauer Punkt. Farbverlauf Hintergrund: Dunkelgrau, hellgrau, dunkelgrau. Geometrische Variante: identisch zur Referenz.
Befehl erkannt: Fallback-Modus aktiv (Beschreibung wird ohne expliziten Compositing-Befehl verarbeitet)
  -> Fallback aktiv: elementweise iterative Annäherung aus Rasterbild.
[WARN] AC0531_S.jpg: Differenzbild-Fehlerpixel sind nicht zufällig verteilt; Variante bleibt für einen Qualitäts-Nachbesserungslauf geöffnet (error_energy_concentrated_in_worst_tiles; largest_cluster_fraction=0.489899, localized_error_fraction=0.724751).
[INFO] Konvertiert AC0531_S.jpg | Parameter: mode=auto, label=M, variant_name=AC0531_S | Qualität: Optimierungsfehler/Pixel=0.013436, Mean-Delta²=738.476257, RGB-RMSE/Kanal=15.689447, Raumscore=2159.962164, beste Composite-Iteration=n/a (direkte/semantische Pipeline), ausgeführt=92/92 | Dauer=0.8s
[INFO] Konvertiere AC0501_S_sia.jpg | Parameter: Iterationen=92, max. Validierungsrunden=9

--- Verarbeite AC0501_S_sia.jpg ---
Bildbeschreibung: Klappensymbol: Rechteck hochkant, graue Umrandung. Graue Diagonale von unten links nach oben Rechts, in der Mitte ein dunkelgrauer Punkt. Farbverlauf Hintergrund: Dunkelgrau, hellgrau, dunkelgrau
Befehl erkannt: Fallback-Modus aktiv (Beschreibung wird ohne expliziten Compositing-Befehl verarbeitet)
  -> Fallback aktiv: elementweise iterative Annäherung aus Rasterbild.
[WARN] AC0501_S_sia.jpg: Differenzbild-Fehlerpixel sind nicht zufällig verteilt; Variante bleibt für einen Qualitäts-Nachbesserungslauf geöffnet (error_energy_concentrated_in_worst_tiles; largest_cluster_fraction=0.265823, localized_error_fraction=0.857459).
[INFO] Konvertiert AC0501_S_sia.jpg | Parameter: mode=auto, label=M, variant_name=AC0501_S_SIA | Qualität: Optimierungsfehler/Pixel=0.013147, Mean-Delta²=1951.196289, RGB-RMSE/Kanal=25.502917, Raumscore=6292.776686, beste Composite-Iteration=n/a (direkte/semantische Pipeline), ausgeführt=92/92 | Dauer=0.8s
[INFO] Konvertiere AC0512_M.jpg | Parameter: Iterationen=92, max. Validierungsrunden=9

--- Verarbeite AC0512_M.jpg ---
Bildbeschreibung: Wie AC0511: Graues Rechteck hochkant, graue Umrandung, drei graue horizontale Linien, Farbverlauf dunkel-hell-dunkel. Offene Klappe mit 3 Schliessflächen. Geometrische Variante: 90° nach rechts gedreht.
Befehl erkannt: Fallback-Modus aktiv (Beschreibung wird ohne expliziten Compositing-Befehl verarbeitet)
  -> Fallback aktiv: elementweise iterative Annäherung aus Rasterbild.
[WARN] AC0512_M.jpg: Differenzbild-Fehlerpixel sind nicht zufällig verteilt; Variante bleibt für einen Qualitäts-Nachbesserungslauf geöffnet (error_energy_concentrated_in_worst_tiles; largest_cluster_fraction=0.442982, localized_error_fraction=0.746484).
[INFO] Konvertiert AC0512_M.jpg | Parameter: mode=auto, label=M, variant_name=AC0512_M | Qualität: Optimierungsfehler/Pixel=0.012369, Mean-Delta²=3250.678223, RGB-RMSE/Kanal=32.917464, Raumscore=8823.916935, beste Composite-Iteration=n/a (direkte/semantische Pipeline), ausgeführt=92/92 | Dauer=1.0s
[INFO] Konvertiere AC0511_M.jpg | Parameter: Iterationen=92, max. Validierungsrunden=9

--- Verarbeite AC0511_M.jpg ---
Bildbeschreibung: Graues Rechteck hochkant, graue Umrandung, drei graue horizontale Linien, Farbverlauf dunkel-hell-dunkel. Offene Klappe mit 3 Schliessflächen
Befehl erkannt: Fallback-Modus aktiv (Beschreibung wird ohne expliziten Compositing-Befehl verarbeitet)
  -> Fallback aktiv: elementweise iterative Annäherung aus Rasterbild.
[WARN] AC0511_M.jpg: Differenzbild-Fehlerpixel sind nicht zufällig verteilt; Variante bleibt für einen Qualitäts-Nachbesserungslauf geöffnet (upper_quartile_error_pixels_form_large_connected_component; largest_cluster_fraction=0.997908, localized_error_fraction=0.770528).
[INFO] Konvertiert AC0511_M.jpg | Parameter: mode=auto, label=M, variant_name=AC0511_M | Qualität: Optimierungsfehler/Pixel=0.012045, Mean-Delta²=3355.056641, RGB-RMSE/Kanal=33.441773, Raumscore=10217.726162, beste Composite-Iteration=n/a (direkte/semantische Pipeline), ausgeführt=92/92 | Dauer=0.9s
[INFO] Konvertiere AC0532_S.jpg | Parameter: Iterationen=92, max. Validierungsrunden=9

--- Verarbeite AC0532_S.jpg ---
Bildbeschreibung: Wie AC0501: Klappensymbol: Rechteck hochkant, graue Umrandung. Graue Diagonale von unten links nach oben Rechts, in der Mitte ein dunkelgrauer Punkt. Farbverlauf Hintergrund: Dunkelgrau, hellgrau, dunkelgrau. Geometrische Variante: 90° nach rechts gedreht.
Befehl erkannt: Fallback-Modus aktiv (Beschreibung wird ohne expliziten Compositing-Befehl verarbeitet)
  -> Fallback aktiv: elementweise iterative Annäherung aus Rasterbild.
[WARN] AC0532_S.jpg: Differenzbild-Fehlerpixel sind nicht zufällig verteilt; Variante bleibt für einen Qualitäts-Nachbesserungslauf geöffnet (upper_quartile_error_pixels_form_large_connected_component; largest_cluster_fraction=0.643902, localized_error_fraction=0.662110).
[INFO] Konvertiert AC0532_S.jpg | Parameter: mode=auto, label=M, variant_name=AC0532_S | Qualität: Optimierungsfehler/Pixel=0.011513, Mean-Delta²=510.765015, RGB-RMSE/Kanal=13.048180, Raumscore=1418.207367, beste Composite-Iteration=n/a (direkte/semantische Pipeline), ausgeführt=92/92 | Dauer=0.9s
[INFO] Konvertiere AC0502_2S_sia.jpg | Parameter: Iterationen=92, max. Validierungsrunden=9

--- Verarbeite AC0502_2S_sia.jpg ---
Bildbeschreibung: Wie AC0501: Klappensymbol: Rechteck hochkant, graue Umrandung. Graue Diagonale von unten links nach oben Rechts, in der Mitte ein dunkelgrauer Punkt. Farbverlauf Hintergrund: Dunkelgrau, hellgrau, dunkelgrau. Geometrische Variante: 90° nach rechts gedreht.
Befehl erkannt: Fallback-Modus aktiv (Beschreibung wird ohne expliziten Compositing-Befehl verarbeitet)
  -> Fallback aktiv: elementweise iterative Annäherung aus Rasterbild.
[WARN] AC0502_2S_sia.jpg: Differenzbild-Fehlerpixel sind nicht zufällig verteilt; Variante bleibt für einen Qualitäts-Nachbesserungslauf geöffnet (upper_quartile_error_pixels_form_large_connected_component; largest_cluster_fraction=0.692308, localized_error_fraction=0.922867).
[INFO] Konvertiert AC0502_2S_sia.jpg | Parameter: mode=auto, label=M, variant_name=AC0502_2S_SIA | Qualität: Optimierungsfehler/Pixel=0.011154, Mean-Delta²=1643.655029, RGB-RMSE/Kanal=23.406944, Raumscore=5870.145860, beste Composite-Iteration=n/a (direkte/semantische Pipeline), ausgeführt=92/92 | Dauer=1.0s
[INFO] Konvertiere AC0531_S_sia.jpg | Parameter: Iterationen=92, max. Validierungsrunden=9

--- Verarbeite AC0531_S_sia.jpg ---
Bildbeschreibung: Wie AC0501: Klappensymbol: Rechteck hochkant, graue Umrandung. Graue Diagonale von unten links nach oben Rechts, in der Mitte ein dunkelgrauer Punkt. Farbverlauf Hintergrund: Dunkelgrau, hellgrau, dunkelgrau. Geometrische Variante: identisch zur Referenz.
Befehl erkannt: Fallback-Modus aktiv (Beschreibung wird ohne expliziten Compositing-Befehl verarbeitet)
  -> Fallback aktiv: elementweise iterative Annäherung aus Rasterbild.
[WARN] AC0531_S_sia.jpg: Differenzbild-Fehlerpixel sind nicht zufällig verteilt; Variante bleibt für einen Qualitäts-Nachbesserungslauf geöffnet (error_energy_concentrated_in_worst_tiles; largest_cluster_fraction=0.455696, localized_error_fraction=0.930641).
[INFO] Konvertiert AC0531_S_sia.jpg | Parameter: mode=auto, label=M, variant_name=AC0531_S_SIA | Qualität: Optimierungsfehler/Pixel=0.010702, Mean-Delta²=1380.753784, RGB-RMSE/Kanal=21.453467, Raumscore=4785.358332, beste Composite-Iteration=n/a (direkte/semantische Pipeline), ausgeführt=92/92 | Dauer=0.8s
[INFO] Konvertiere AC0532_1_L.jpg | Parameter: Iterationen=92, max. Validierungsrunden=9

--- Verarbeite AC0532_1_L.jpg ---
Bildbeschreibung: Wie AC0501: Klappensymbol: Rechteck hochkant, graue Umrandung. Graue Diagonale von unten links nach oben Rechts, in der Mitte ein dunkelgrauer Punkt. Farbverlauf Hintergrund: Dunkelgrau, hellgrau, dunkelgrau. Geometrische Variante: 90° nach rechts gedreht.
Befehl erkannt: Fallback-Modus aktiv (Beschreibung wird ohne expliziten Compositing-Befehl verarbeitet)
  -> Fallback aktiv: elementweise iterative Annäherung aus Rasterbild.
[WARN] AC0532_1_L.jpg: Differenzbild-Fehlerpixel sind nicht zufällig verteilt; Variante bleibt für einen Qualitäts-Nachbesserungslauf geöffnet (upper_quartile_error_pixels_form_large_connected_component; largest_cluster_fraction=0.526841, localized_error_fraction=0.411931).
[INFO] Konvertiert AC0532_1_L.jpg | Parameter: mode=auto, label=M, variant_name=AC0532_1_L | Qualität: Optimierungsfehler/Pixel=0.011101, Mean-Delta²=5559.794922, RGB-RMSE/Kanal=43.049564, Raumscore=9663.313986, beste Composite-Iteration=n/a (direkte/semantische Pipeline), ausgeführt=92/92 | Dauer=1.0s
[INFO] Konvertiere AC0532_2S_sia.jpg | Parameter: Iterationen=92, max. Validierungsrunden=9

--- Verarbeite AC0532_2S_sia.jpg ---
Bildbeschreibung: Wie AC0501: Klappensymbol: Rechteck hochkant, graue Umrandung. Graue Diagonale von unten links nach oben Rechts, in der Mitte ein dunkelgrauer Punkt. Farbverlauf Hintergrund: Dunkelgrau, hellgrau, dunkelgrau. Geometrische Variante: 90° nach rechts gedreht.
Befehl erkannt: Fallback-Modus aktiv (Beschreibung wird ohne expliziten Compositing-Befehl verarbeitet)
  -> Fallback aktiv: elementweise iterative Annäherung aus Rasterbild.
[WARN] AC0532_2S_sia.jpg: Differenzbild-Fehlerpixel sind nicht zufällig verteilt; Variante bleibt für einen Qualitäts-Nachbesserungslauf geöffnet (upper_quartile_error_pixels_form_large_connected_component; largest_cluster_fraction=0.670455, localized_error_fraction=0.911636).
[INFO] Konvertiert AC0532_2S_sia.jpg | Parameter: mode=auto, label=M, variant_name=AC0532_2S_SIA | Qualität: Optimierungsfehler/Pixel=0.010218, Mean-Delta²=1541.276245, RGB-RMSE/Kanal=22.666247, Raumscore=5518.270511, beste Composite-Iteration=n/a (direkte/semantische Pipeline), ausgeführt=92/92 | Dauer=1.6s
[INFO] Konvertiere AC0521_M.jpg | Parameter: Iterationen=92, max. Validierungsrunden=9

--- Verarbeite AC0521_M.jpg ---
Bildbeschreibung: Graues Rechteck hochkant, graue Umrandung, drei graue horizontale Linien, Farbverlauf dunkel-hell-dunkel. Offene Klappe mit 3 Schliessflächen Abweichung: anstelle von 3 grauen horizontalen dunkelgrauen Strichen drei kleinere vertikale dunkelgraue Striche. Es handelt sich um eine geschlossene Klappe mit der Schliessflächen.
Befehl erkannt: Fallback-Modus aktiv (Beschreibung wird ohne expliziten Compositing-Befehl verarbeitet)
  -> Fallback aktiv: verwende gerahmtes Farbuebergang-Panel aus Rasterfarben.
[WARN] AC0521_M.jpg: Differenzbild-Fehlerpixel sind nicht zufällig verteilt; Variante bleibt für einen Qualitäts-Nachbesserungslauf geöffnet (upper_quartile_error_pixels_form_large_connected_component; largest_cluster_fraction=0.819502, localized_error_fraction=0.845030).
[INFO] Konvertiert AC0521_M.jpg | Parameter: mode=auto, label=M, variant_name=AC0521_M | Qualität: Optimierungsfehler/Pixel=0.010326, Mean-Delta²=2366.948242, RGB-RMSE/Kanal=28.088837, Raumscore=7862.603295, beste Composite-Iteration=n/a (direkte/semantische Pipeline), ausgeführt=92/92 | Dauer=0.1s
[INFO] Konvertiere AC0522_M.jpg | Parameter: Iterationen=92, max. Validierungsrunden=9

--- Verarbeite AC0522_M.jpg ---
Bildbeschreibung: Wie AC0521: Wie AC0511, jedoch anstelle von 3 grauen horizontalen dunkelgrauen Strichen drei kleinere vertikale dunkelgraue Striche. Es handelt sich um eine geschlossene Klappe mit der Schliessflächen. . Geometrische Variante: 90° nach rechts gedreht.
Befehl erkannt: Fallback-Modus aktiv (Beschreibung wird ohne expliziten Compositing-Befehl verarbeitet)
  -> Fallback aktiv: verwende gerahmtes Farbuebergang-Panel aus Rasterfarben.
[WARN] AC0522_M.jpg: Differenzbild-Fehlerpixel sind nicht zufällig verteilt; Variante bleibt für einen Qualitäts-Nachbesserungslauf geöffnet (error_energy_concentrated_in_worst_tiles; largest_cluster_fraction=0.240246, localized_error_fraction=0.837334).
[INFO] Konvertiert AC0522_M.jpg | Parameter: mode=auto, label=M, variant_name=AC0522_M | Qualität: Optimierungsfehler/Pixel=0.010106, Mean-Delta²=2584.161621, RGB-RMSE/Kanal=29.349399, Raumscore=8012.153681, beste Composite-Iteration=n/a (direkte/semantische Pipeline), ausgeführt=92/92 | Dauer=0.1s
[INFO] Konvertiere AC0504_M_sia.jpg | Parameter: Iterationen=92, max. Validierungsrunden=9

--- Verarbeite AC0504_M_sia.jpg ---
Bildbeschreibung: Unzugeordnete Wurzelform aus der Serie AC0504_M_sia. Das Symbol liegt derzeit nur als einzelnes, noch nicht fachlich klassifiziertes Bildobjekt vor. Dokumentiert ist die dokumentierte Variante (sia). Bitte einer finalen Wurzelform-Kategorie zuordnen.
Befehl erkannt: MANUELL: Beschreibung fordert manuelle Zuordnung zu einer finalen Wurzelform-Kategorie.
  -> Plan B aktiv: elementweise iterative Annäherung aus Rasterbild.
  -> Plan B Vergleich aktiv: verwende generierte Vektor-Lösung (status=manual_review_elementwise_symbol_fit, err=17.168).
[WARN] AC0504_M_sia.jpg: Differenzbild-Fehlerpixel sind nicht zufällig verteilt; Variante bleibt für einen Qualitäts-Nachbesserungslauf geöffnet (upper_quartile_error_pixels_form_large_connected_component; largest_cluster_fraction=0.784232, localized_error_fraction=0.822273).
[INFO] Konvertiert AC0504_M_sia.jpg | Parameter: mode=manual_review, label=, variant_name=AC0504_M_SIA | Qualität: Optimierungsfehler/Pixel=0.009576, Mean-Delta²=3822.671631, RGB-RMSE/Kanal=35.696273, Raumscore=12117.972586, beste Composite-Iteration=n/a (direkte/semantische Pipeline), ausgeführt=92/92 | Dauer=0.3s
[INFO] Konvertiere AC0502_S_sia.jpg | Parameter: Iterationen=92, max. Validierungsrunden=9

--- Verarbeite AC0502_S_sia.jpg ---
Bildbeschreibung: Wie AC0501: Klappensymbol: Rechteck hochkant, graue Umrandung. Graue Diagonale von unten links nach oben Rechts, in der Mitte ein dunkelgrauer Punkt. Farbverlauf Hintergrund: Dunkelgrau, hellgrau, dunkelgrau. Geometrische Variante: 90° nach rechts gedreht.
Befehl erkannt: Fallback-Modus aktiv (Beschreibung wird ohne expliziten Compositing-Befehl verarbeitet)
  -> Fallback aktiv: elementweise iterative Annäherung aus Rasterbild.
[WARN] AC0502_S_sia.jpg: Differenzbild-Fehlerpixel sind nicht zufällig verteilt; Variante bleibt für einen Qualitäts-Nachbesserungslauf geöffnet (error_energy_concentrated_in_worst_tiles; largest_cluster_fraction=0.346154, localized_error_fraction=0.957259).
[INFO] Konvertiert AC0502_S_sia.jpg | Parameter: mode=auto, label=M, variant_name=AC0502_S_SIA | Qualität: Optimierungsfehler/Pixel=0.009039, Mean-Delta²=1246.653809, RGB-RMSE/Kanal=20.385075, Raumscore=4543.261165, beste Composite-Iteration=n/a (direkte/semantische Pipeline), ausgeführt=92/92 | Dauer=0.8s
[INFO] Konvertiere AC0532_S_sia.jpg | Parameter: Iterationen=92, max. Validierungsrunden=9

--- Verarbeite AC0532_S_sia.jpg ---
Bildbeschreibung: Wie AC0501: Klappensymbol: Rechteck hochkant, graue Umrandung. Graue Diagonale von unten links nach oben Rechts, in der Mitte ein dunkelgrauer Punkt. Farbverlauf Hintergrund: Dunkelgrau, hellgrau, dunkelgrau. Geometrische Variante: 90° nach rechts gedreht.
Befehl erkannt: Fallback-Modus aktiv (Beschreibung wird ohne expliziten Compositing-Befehl verarbeitet)
  -> Fallback aktiv: elementweise iterative Annäherung aus Rasterbild.
[WARN] AC0532_S_sia.jpg: Differenzbild-Fehlerpixel sind nicht zufällig verteilt; Variante bleibt für einen Qualitäts-Nachbesserungslauf geöffnet (upper_quartile_error_pixels_form_large_connected_component; largest_cluster_fraction=0.569444, localized_error_fraction=0.945817).
[INFO] Konvertiert AC0532_S_sia.jpg | Parameter: mode=auto, label=M, variant_name=AC0532_S_SIA | Qualität: Optimierungsfehler/Pixel=0.008783, Mean-Delta²=1167.986206, RGB-RMSE/Kanal=19.731415, Raumscore=4462.085237, beste Composite-Iteration=n/a (direkte/semantische Pipeline), ausgeführt=92/92 | Dauer=0.6s
[INFO] Konvertiere AC0531_M.jpg | Parameter: Iterationen=92, max. Validierungsrunden=9

--- Verarbeite AC0531_M.jpg ---
Bildbeschreibung: Wie AC0501: Klappensymbol: Rechteck hochkant, graue Umrandung. Graue Diagonale von unten links nach oben Rechts, in der Mitte ein dunkelgrauer Punkt. Farbverlauf Hintergrund: Dunkelgrau, hellgrau, dunkelgrau. Geometrische Variante: identisch zur Referenz.
Befehl erkannt: Fallback-Modus aktiv (Beschreibung wird ohne expliziten Compositing-Befehl verarbeitet)
  -> Fallback aktiv: elementweise iterative Annäherung aus Rasterbild.
[WARN] AC0531_M.jpg: Differenzbild-Fehlerpixel sind nicht zufällig verteilt; Variante bleibt für einen Qualitäts-Nachbesserungslauf geöffnet (error_energy_concentrated_in_worst_tiles; largest_cluster_fraction=0.385859, localized_error_fraction=0.851220).
[INFO] Konvertiert AC0531_M.jpg | Parameter: mode=auto, label=M, variant_name=AC0531_M | Qualität: Optimierungsfehler/Pixel=0.007953, Mean-Delta²=1937.060059, RGB-RMSE/Kanal=25.410366, Raumscore=6558.771639, beste Composite-Iteration=n/a (direkte/semantische Pipeline), ausgeführt=92/92 | Dauer=0.8s
[INFO] Konvertiere AC0532_M.jpg | Parameter: Iterationen=92, max. Validierungsrunden=9

--- Verarbeite AC0532_M.jpg ---
Bildbeschreibung: Wie AC0501: Klappensymbol: Rechteck hochkant, graue Umrandung. Graue Diagonale von unten links nach oben Rechts, in der Mitte ein dunkelgrauer Punkt. Farbverlauf Hintergrund: Dunkelgrau, hellgrau, dunkelgrau. Geometrische Variante: 90° nach rechts gedreht.
Befehl erkannt: Fallback-Modus aktiv (Beschreibung wird ohne expliziten Compositing-Befehl verarbeitet)
  -> Fallback aktiv: elementweise iterative Annäherung aus Rasterbild.
[WARN] AC0532_M.jpg: Differenzbild-Fehlerpixel sind nicht zufällig verteilt; Variante bleibt für einen Qualitäts-Nachbesserungslauf geöffnet (error_energy_concentrated_in_worst_tiles; largest_cluster_fraction=0.263374, localized_error_fraction=0.868429).
[INFO] Konvertiert AC0532_M.jpg | Parameter: mode=auto, label=M, variant_name=AC0532_M | Qualität: Optimierungsfehler/Pixel=0.007696, Mean-Delta²=1954.577759, RGB-RMSE/Kanal=25.525006, Raumscore=6658.994843, beste Composite-Iteration=n/a (direkte/semantische Pipeline), ausgeführt=92/92 | Dauer=0.9s
[INFO] Konvertiere AC0503_M_sia.jpg | Parameter: Iterationen=92, max. Validierungsrunden=9

--- Verarbeite AC0503_M_sia.jpg ---
Bildbeschreibung: Unzugeordnete Wurzelform aus der Serie AC0503_M_sia. Das Symbol liegt derzeit nur als einzelnes, noch nicht fachlich klassifiziertes Bildobjekt vor. Dokumentiert ist die dokumentierte Variante (sia). Bitte einer finalen Wurzelform-Kategorie zuordnen.
Befehl erkannt: MANUELL: Beschreibung fordert manuelle Zuordnung zu einer finalen Wurzelform-Kategorie.
  -> Plan B aktiv: elementweise iterative Annäherung aus Rasterbild.
  -> Plan B Vergleich aktiv: verwende generierte Vektor-Lösung (status=manual_review_elementwise_symbol_fit, err=17.665).
[WARN] AC0503_M_sia.jpg: Differenzbild-Fehlerpixel sind nicht zufällig verteilt; Variante bleibt für einen Qualitäts-Nachbesserungslauf geöffnet (upper_quartile_error_pixels_form_large_connected_component; largest_cluster_fraction=0.607843, localized_error_fraction=0.750286).
[INFO] Konvertiert AC0503_M_sia.jpg | Parameter: mode=manual_review, label=, variant_name=AC0503_M_SIA | Qualität: Optimierungsfehler/Pixel=0.009819, Mean-Delta²=3661.254883, RGB-RMSE/Kanal=34.934486, Raumscore=10476.143973, beste Composite-Iteration=n/a (direkte/semantische Pipeline), ausgeführt=92/92 | Dauer=0.3s
[INFO] Konvertiere AC0502_M.jpg | Parameter: Iterationen=92, max. Validierungsrunden=9

--- Verarbeite AC0502_M.jpg ---
Bildbeschreibung: Wie AC0501: Klappensymbol: Rechteck hochkant, graue Umrandung. Graue Diagonale von unten links nach oben Rechts, in der Mitte ein dunkelgrauer Punkt. Farbverlauf Hintergrund: Dunkelgrau, hellgrau, dunkelgrau. Geometrische Variante: 90° nach rechts gedreht.
Befehl erkannt: Fallback-Modus aktiv (Beschreibung wird ohne expliziten Compositing-Befehl verarbeitet)
  -> Fallback aktiv: elementweise iterative Annäherung aus Rasterbild.
[WARN] AC0502_M.jpg: Differenzbild-Fehlerpixel sind nicht zufällig verteilt; Variante bleibt für einen Qualitäts-Nachbesserungslauf geöffnet (error_energy_concentrated_in_worst_tiles; largest_cluster_fraction=0.404110, localized_error_fraction=0.811783).
[INFO] Konvertiert AC0502_M.jpg | Parameter: mode=auto, label=M, variant_name=AC0502_M | Qualität: Optimierungsfehler/Pixel=0.007119, Mean-Delta²=1526.181152, RGB-RMSE/Kanal=22.554978, Raumscore=5336.081146, beste Composite-Iteration=n/a (direkte/semantische Pipeline), ausgeführt=92/92 | Dauer=0.5s
[INFO] Konvertiere AC0512_L.jpg | Parameter: Iterationen=92, max. Validierungsrunden=9

--- Verarbeite AC0512_L.jpg ---
Bildbeschreibung: Wie AC0511: Graues Rechteck hochkant, graue Umrandung, drei graue horizontale Linien, Farbverlauf dunkel-hell-dunkel. Offene Klappe mit 3 Schliessflächen. Geometrische Variante: 90° nach rechts gedreht.
Befehl erkannt: Fallback-Modus aktiv (Beschreibung wird ohne expliziten Compositing-Befehl verarbeitet)
  -> Fallback aktiv: elementweise iterative Annäherung aus Rasterbild.
[WARN] AC0512_L.jpg: Differenzbild-Fehlerpixel sind nicht zufällig verteilt; Variante bleibt für einen Qualitäts-Nachbesserungslauf geöffnet (upper_quartile_error_pixels_form_large_connected_component; largest_cluster_fraction=0.872749, localized_error_fraction=0.672914).
[INFO] Konvertiert AC0512_L.jpg | Parameter: mode=auto, label=M, variant_name=AC0512_L | Qualität: Optimierungsfehler/Pixel=0.007072, Mean-Delta²=3684.276611, RGB-RMSE/Kanal=35.044146, Raumscore=10181.530186, beste Composite-Iteration=n/a (direkte/semantische Pipeline), ausgeführt=92/92 | Dauer=1.1s
[INFO] Konvertiere AC0501_M.jpg | Parameter: Iterationen=92, max. Validierungsrunden=9

--- Verarbeite AC0501_M.jpg ---
Bildbeschreibung: Klappensymbol: Rechteck hochkant, graue Umrandung. Graue Diagonale von unten links nach oben Rechts, in der Mitte ein dunkelgrauer Punkt. Farbverlauf Hintergrund: Dunkelgrau, hellgrau, dunkelgrau
Befehl erkannt: Fallback-Modus aktiv (Beschreibung wird ohne expliziten Compositing-Befehl verarbeitet)
  -> Fallback aktiv: elementweise iterative Annäherung aus Rasterbild.
[WARN] AC0501_M.jpg: Differenzbild-Fehlerpixel sind nicht zufällig verteilt; Variante bleibt für einen Qualitäts-Nachbesserungslauf geöffnet (error_energy_concentrated_in_worst_tiles; largest_cluster_fraction=0.476091, localized_error_fraction=0.798817).
[INFO] Konvertiert AC0501_M.jpg | Parameter: mode=auto, label=M, variant_name=AC0501_M | Qualität: Optimierungsfehler/Pixel=0.006982, Mean-Delta²=1482.488892, RGB-RMSE/Kanal=22.229777, Raumscore=5131.877091, beste Composite-Iteration=n/a (direkte/semantische Pipeline), ausgeführt=92/92 | Dauer=0.9s
[INFO] Konvertiere AC0511_L.jpg | Parameter: Iterationen=92, max. Validierungsrunden=9

--- Verarbeite AC0511_L.jpg ---
Bildbeschreibung: Graues Rechteck hochkant, graue Umrandung, drei graue horizontale Linien, Farbverlauf dunkel-hell-dunkel. Offene Klappe mit 3 Schliessflächen
Befehl erkannt: Fallback-Modus aktiv (Beschreibung wird ohne expliziten Compositing-Befehl verarbeitet)
  -> Fallback aktiv: elementweise iterative Annäherung aus Rasterbild.
[WARN] AC0511_L.jpg: Differenzbild-Fehlerpixel sind nicht zufällig verteilt; Variante bleibt für einen Qualitäts-Nachbesserungslauf geöffnet (upper_quartile_error_pixels_form_large_connected_component; largest_cluster_fraction=0.987685, localized_error_fraction=0.641199).
[INFO] Konvertiert AC0511_L.jpg | Parameter: mode=auto, label=M, variant_name=AC0511_L | Qualität: Optimierungsfehler/Pixel=0.006949, Mean-Delta²=3332.436523, RGB-RMSE/Kanal=33.328849, Raumscore=9086.992278, beste Composite-Iteration=n/a (direkte/semantische Pipeline), ausgeführt=92/92 | Dauer=1.1s
[INFO] Konvertiere AC0501_M_sia.jpg | Parameter: Iterationen=92, max. Validierungsrunden=9

--- Verarbeite AC0501_M_sia.jpg ---
Bildbeschreibung: Klappensymbol: Rechteck hochkant, graue Umrandung. Graue Diagonale von unten links nach oben Rechts, in der Mitte ein dunkelgrauer Punkt. Farbverlauf Hintergrund: Dunkelgrau, hellgrau, dunkelgrau
Befehl erkannt: Fallback-Modus aktiv (Beschreibung wird ohne expliziten Compositing-Befehl verarbeitet)
  -> Fallback aktiv: elementweise iterative Annäherung aus Rasterbild.
[WARN] AC0501_M_sia.jpg: Differenzbild-Fehlerpixel sind nicht zufällig verteilt; Variante bleibt für einen Qualitäts-Nachbesserungslauf geöffnet (error_energy_concentrated_in_worst_tiles; largest_cluster_fraction=0.333333, localized_error_fraction=0.917143).
[INFO] Konvertiert AC0501_M_sia.jpg | Parameter: mode=auto, label=M, variant_name=AC0501_M_SIA | Qualität: Optimierungsfehler/Pixel=0.006639, Mean-Delta²=2630.476562, RGB-RMSE/Kanal=29.611240, Raumscore=8594.610702, beste Composite-Iteration=n/a (direkte/semantische Pipeline), ausgeführt=92/92 | Dauer=0.9s
[INFO] Konvertiere AC0521_L.jpg | Parameter: Iterationen=92, max. Validierungsrunden=9

--- Verarbeite AC0521_L.jpg ---
Bildbeschreibung: Graues Rechteck hochkant, graue Umrandung, drei graue horizontale Linien, Farbverlauf dunkel-hell-dunkel. Offene Klappe mit 3 Schliessflächen Abweichung: anstelle von 3 grauen horizontalen dunkelgrauen Strichen drei kleinere vertikale dunkelgraue Striche. Es handelt sich um eine geschlossene Klappe mit der Schliessflächen.
Befehl erkannt: Fallback-Modus aktiv (Beschreibung wird ohne expliziten Compositing-Befehl verarbeitet)
  -> Fallback aktiv: verwende gerahmtes Farbuebergang-Panel aus Rasterfarben.
[WARN] AC0521_L.jpg: Differenzbild-Fehlerpixel sind nicht zufällig verteilt; Variante bleibt für einen Qualitäts-Nachbesserungslauf geöffnet (error_energy_concentrated_in_worst_tiles; largest_cluster_fraction=0.386445, localized_error_fraction=0.779222).
[INFO] Konvertiert AC0521_L.jpg | Parameter: mode=auto, label=M, variant_name=AC0521_L | Qualität: Optimierungsfehler/Pixel=0.006037, Mean-Delta²=2481.245605, RGB-RMSE/Kanal=28.759031, Raumscore=6992.101586, beste Composite-Iteration=n/a (direkte/semantische Pipeline), ausgeführt=92/92 | Dauer=0.1s
[INFO] Konvertiere AC0531_M_sia.jpg | Parameter: Iterationen=92, max. Validierungsrunden=9

--- Verarbeite AC0531_M_sia.jpg ---
Bildbeschreibung: Wie AC0501: Klappensymbol: Rechteck hochkant, graue Umrandung. Graue Diagonale von unten links nach oben Rechts, in der Mitte ein dunkelgrauer Punkt. Farbverlauf Hintergrund: Dunkelgrau, hellgrau, dunkelgrau. Geometrische Variante: identisch zur Referenz.
Befehl erkannt: Fallback-Modus aktiv (Beschreibung wird ohne expliziten Compositing-Befehl verarbeitet)
  -> Fallback aktiv: elementweise iterative Annäherung aus Rasterbild.
[WARN] AC0531_M_sia.jpg: Differenzbild-Fehlerpixel sind nicht zufällig verteilt; Variante bleibt für einen Qualitäts-Nachbesserungslauf geöffnet (error_energy_concentrated_in_worst_tiles; largest_cluster_fraction=0.291667, localized_error_fraction=0.838439).
[INFO] Konvertiert AC0531_M_sia.jpg | Parameter: mode=auto, label=M, variant_name=AC0531_M_SIA | Qualität: Optimierungsfehler/Pixel=0.005886, Mean-Delta²=2226.378418, RGB-RMSE/Kanal=27.241992, Raumscore=6944.975132, beste Composite-Iteration=n/a (direkte/semantische Pipeline), ausgeführt=92/92 | Dauer=0.9s
[INFO] Konvertiere AC0502_L.jpg | Parameter: Iterationen=92, max. Validierungsrunden=9

--- Verarbeite AC0502_L.jpg ---
Bildbeschreibung: Wie AC0501: Klappensymbol: Rechteck hochkant, graue Umrandung. Graue Diagonale von unten links nach oben Rechts, in der Mitte ein dunkelgrauer Punkt. Farbverlauf Hintergrund: Dunkelgrau, hellgrau, dunkelgrau. Geometrische Variante: 90° nach rechts gedreht.
Befehl erkannt: Fallback-Modus aktiv (Beschreibung wird ohne expliziten Compositing-Befehl verarbeitet)
  -> Fallback aktiv: elementweise iterative Annäherung aus Rasterbild.
[WARN] AC0502_L.jpg: Differenzbild-Fehlerpixel sind nicht zufällig verteilt; Variante bleibt für einen Qualitäts-Nachbesserungslauf geöffnet (upper_quartile_error_pixels_form_large_connected_component; largest_cluster_fraction=0.926061, localized_error_fraction=0.832425).
[INFO] Konvertiert AC0502_L.jpg | Parameter: mode=auto, label=M, variant_name=AC0502_L | Qualität: Optimierungsfehler/Pixel=0.005631, Mean-Delta²=3182.136230, RGB-RMSE/Kanal=32.568575, Raumscore=11518.987148, beste Composite-Iteration=n/a (direkte/semantische Pipeline), ausgeführt=92/92 | Dauer=1.0s
[INFO] Konvertiere AC0522_L.jpg | Parameter: Iterationen=92, max. Validierungsrunden=9

--- Verarbeite AC0522_L.jpg ---
Bildbeschreibung: Wie AC0521: Wie AC0511, jedoch anstelle von 3 grauen horizontalen dunkelgrauen Strichen drei kleinere vertikale dunkelgraue Striche. Es handelt sich um eine geschlossene Klappe mit der Schliessflächen. . Geometrische Variante: 90° nach rechts gedreht.
Befehl erkannt: Fallback-Modus aktiv (Beschreibung wird ohne expliziten Compositing-Befehl verarbeitet)
  -> Fallback aktiv: verwende gerahmtes Farbuebergang-Panel aus Rasterfarben.
[WARN] AC0522_L.jpg: Differenzbild-Fehlerpixel sind nicht zufällig verteilt; Variante bleibt für einen Qualitäts-Nachbesserungslauf geöffnet (error_energy_concentrated_in_worst_tiles; largest_cluster_fraction=0.341250, localized_error_fraction=0.834932).
[INFO] Konvertiert AC0522_L.jpg | Parameter: mode=auto, label=M, variant_name=AC0522_L | Qualität: Optimierungsfehler/Pixel=0.005741, Mean-Delta²=2548.433105, RGB-RMSE/Kanal=29.145801, Raumscore=7621.017790, beste Composite-Iteration=n/a (direkte/semantische Pipeline), ausgeführt=92/92 | Dauer=0.1s
[INFO] Konvertiere AC0532_L.jpg | Parameter: Iterationen=92, max. Validierungsrunden=9

--- Verarbeite AC0532_L.jpg ---
Bildbeschreibung: Wie AC0501: Klappensymbol: Rechteck hochkant, graue Umrandung. Graue Diagonale von unten links nach oben Rechts, in der Mitte ein dunkelgrauer Punkt. Farbverlauf Hintergrund: Dunkelgrau, hellgrau, dunkelgrau. Geometrische Variante: 90° nach rechts gedreht.
Befehl erkannt: Fallback-Modus aktiv (Beschreibung wird ohne expliziten Compositing-Befehl verarbeitet)
  -> Fallback aktiv: elementweise iterative Annäherung aus Rasterbild.
[WARN] AC0532_L.jpg: Differenzbild-Fehlerpixel sind nicht zufällig verteilt; Variante bleibt für einen Qualitäts-Nachbesserungslauf geöffnet (upper_quartile_error_pixels_form_large_connected_component; largest_cluster_fraction=0.817834, localized_error_fraction=0.913610).
[INFO] Konvertiert AC0532_L.jpg | Parameter: mode=auto, label=M, variant_name=AC0532_L | Qualität: Optimierungsfehler/Pixel=0.004610, Mean-Delta²=2877.969727, RGB-RMSE/Kanal=30.972944, Raumscore=11235.747307, beste Composite-Iteration=n/a (direkte/semantische Pipeline), ausgeführt=92/92 | Dauer=0.9s
[INFO] Konvertiere AC0532_M_sia.jpg | Parameter: Iterationen=92, max. Validierungsrunden=9

--- Verarbeite AC0532_M_sia.jpg ---
Bildbeschreibung: Wie AC0501: Klappensymbol: Rechteck hochkant, graue Umrandung. Graue Diagonale von unten links nach oben Rechts, in der Mitte ein dunkelgrauer Punkt. Farbverlauf Hintergrund: Dunkelgrau, hellgrau, dunkelgrau. Geometrische Variante: 90° nach rechts gedreht.
Befehl erkannt: Fallback-Modus aktiv (Beschreibung wird ohne expliziten Compositing-Befehl verarbeitet)
  -> Fallback aktiv: elementweise iterative Annäherung aus Rasterbild.
[WARN] AC0532_M_sia.jpg: Differenzbild-Fehlerpixel sind nicht zufällig verteilt; Variante bleibt für einen Qualitäts-Nachbesserungslauf geöffnet (error_energy_concentrated_in_worst_tiles; largest_cluster_fraction=0.335714, localized_error_fraction=0.973788).
[INFO] Konvertiert AC0532_M_sia.jpg | Parameter: mode=auto, label=M, variant_name=AC0532_M_SIA | Qualität: Optimierungsfehler/Pixel=0.004650, Mean-Delta²=1865.556641, RGB-RMSE/Kanal=24.936965, Raumscore=6741.681228, beste Composite-Iteration=n/a (direkte/semantische Pipeline), ausgeführt=92/92 | Dauer=1.0s
[INFO] Konvertiere AC0531_L.jpg | Parameter: Iterationen=92, max. Validierungsrunden=9

--- Verarbeite AC0531_L.jpg ---
Bildbeschreibung: Wie AC0501: Klappensymbol: Rechteck hochkant, graue Umrandung. Graue Diagonale von unten links nach oben Rechts, in der Mitte ein dunkelgrauer Punkt. Farbverlauf Hintergrund: Dunkelgrau, hellgrau, dunkelgrau. Geometrische Variante: identisch zur Referenz.
Befehl erkannt: Fallback-Modus aktiv (Beschreibung wird ohne expliziten Compositing-Befehl verarbeitet)
  -> Fallback aktiv: elementweise iterative Annäherung aus Rasterbild.
[WARN] AC0531_L.jpg: Differenzbild-Fehlerpixel sind nicht zufällig verteilt; Variante bleibt für einen Qualitäts-Nachbesserungslauf geöffnet (error_energy_concentrated_in_worst_tiles; largest_cluster_fraction=0.346863, localized_error_fraction=0.891786).
[INFO] Konvertiert AC0531_L.jpg | Parameter: mode=auto, label=M, variant_name=AC0531_L | Qualität: Optimierungsfehler/Pixel=0.004580, Mean-Delta²=2469.038818, RGB-RMSE/Kanal=28.688202, Raumscore=9006.073504, beste Composite-Iteration=n/a (direkte/semantische Pipeline), ausgeführt=92/92 | Dauer=0.9s
[INFO] Konvertiere AC0504_L_sia.jpg | Parameter: Iterationen=92, max. Validierungsrunden=9

--- Verarbeite AC0504_L_sia.jpg ---
Bildbeschreibung: Unzugeordnete Wurzelform aus der Serie AC0504_L_sia. Das Symbol liegt derzeit nur als einzelnes, noch nicht fachlich klassifiziertes Bildobjekt vor. Dokumentiert ist die dokumentierte Variante (sia). Bitte einer finalen Wurzelform-Kategorie zuordnen.
Befehl erkannt: MANUELL: Beschreibung fordert manuelle Zuordnung zu einer finalen Wurzelform-Kategorie.
  -> Plan B aktiv: elementweise iterative Annäherung aus Rasterbild.
  -> Plan B Vergleich aktiv: verwende generierte Vektor-Lösung (status=manual_review_elementwise_symbol_fit, err=14.536).
[WARN] AC0504_L_sia.jpg: Differenzbild-Fehlerpixel sind nicht zufällig verteilt; Variante bleibt für einen Qualitäts-Nachbesserungslauf geöffnet (upper_quartile_error_pixels_form_large_connected_component; largest_cluster_fraction=0.705314, localized_error_fraction=0.898774).
[INFO] Konvertiert AC0504_L_sia.jpg | Parameter: mode=manual_review, label=, variant_name=AC0504_L_SIA | Qualität: Optimierungsfehler/Pixel=0.004543, Mean-Delta²=3470.690674, RGB-RMSE/Kanal=34.013187, Raumscore=12165.839152, beste Composite-Iteration=n/a (direkte/semantische Pipeline), ausgeführt=92/92 | Dauer=0.3s
[INFO] Konvertiere AC0501_L.jpg | Parameter: Iterationen=92, max. Validierungsrunden=9

--- Verarbeite AC0501_L.jpg ---
Bildbeschreibung: Klappensymbol: Rechteck hochkant, graue Umrandung. Graue Diagonale von unten links nach oben Rechts, in der Mitte ein dunkelgrauer Punkt. Farbverlauf Hintergrund: Dunkelgrau, hellgrau, dunkelgrau
Befehl erkannt: Fallback-Modus aktiv (Beschreibung wird ohne expliziten Compositing-Befehl verarbeitet)
  -> Fallback aktiv: elementweise iterative Annäherung aus Rasterbild.
[WARN] AC0501_L.jpg: Differenzbild-Fehlerpixel sind nicht zufällig verteilt; Variante bleibt für einen Qualitäts-Nachbesserungslauf geöffnet (error_energy_concentrated_in_worst_tiles; largest_cluster_fraction=0.452785, localized_error_fraction=0.869298).
[INFO] Konvertiert AC0501_L.jpg | Parameter: mode=auto, label=M, variant_name=AC0501_L | Qualität: Optimierungsfehler/Pixel=0.004154, Mean-Delta²=2007.414062, RGB-RMSE/Kanal=25.867702, Raumscore=7548.495644, beste Composite-Iteration=n/a (direkte/semantische Pipeline), ausgeführt=92/92 | Dauer=0.5s
[INFO] Konvertiere AC0502_M_sia.jpg | Parameter: Iterationen=92, max. Validierungsrunden=9

--- Verarbeite AC0502_M_sia.jpg ---
Bildbeschreibung: Wie AC0501: Klappensymbol: Rechteck hochkant, graue Umrandung. Graue Diagonale von unten links nach oben Rechts, in der Mitte ein dunkelgrauer Punkt. Farbverlauf Hintergrund: Dunkelgrau, hellgrau, dunkelgrau. Geometrische Variante: 90° nach rechts gedreht.
Befehl erkannt: Fallback-Modus aktiv (Beschreibung wird ohne expliziten Compositing-Befehl verarbeitet)
  -> Fallback aktiv: elementweise iterative Annäherung aus Rasterbild.
[WARN] AC0502_M_sia.jpg: Differenzbild-Fehlerpixel sind nicht zufällig verteilt; Variante bleibt für einen Qualitäts-Nachbesserungslauf geöffnet (upper_quartile_error_pixels_form_large_connected_component; largest_cluster_fraction=0.607143, localized_error_fraction=0.971047).
[INFO] Konvertiert AC0502_M_sia.jpg | Parameter: mode=auto, label=M, variant_name=AC0502_M_SIA | Qualität: Optimierungsfehler/Pixel=0.004045, Mean-Delta²=1570.319946, RGB-RMSE/Kanal=22.878811, Raumscore=6051.365201, beste Composite-Iteration=n/a (direkte/semantische Pipeline), ausgeführt=92/92 | Dauer=0.9s
[INFO] Konvertiere AC0503_L_sia.jpg | Parameter: Iterationen=92, max. Validierungsrunden=9

--- Verarbeite AC0503_L_sia.jpg ---
Bildbeschreibung: Unzugeordnete Wurzelform aus der Serie AC0503_L_sia. Das Symbol liegt derzeit nur als einzelnes, noch nicht fachlich klassifiziertes Bildobjekt vor. Dokumentiert ist die dokumentierte Variante (sia). Bitte einer finalen Wurzelform-Kategorie zuordnen.
Befehl erkannt: MANUELL: Beschreibung fordert manuelle Zuordnung zu einer finalen Wurzelform-Kategorie.
  -> Plan B aktiv: elementweise iterative Annäherung aus Rasterbild.
  -> Plan B Vergleich aktiv: verwende generierte Vektor-Lösung (status=manual_review_elementwise_symbol_fit, err=16.669).
[WARN] AC0503_L_sia.jpg: Differenzbild-Fehlerpixel sind nicht zufällig verteilt; Variante bleibt für einen Qualitäts-Nachbesserungslauf geöffnet (upper_quartile_error_pixels_form_large_connected_component; largest_cluster_fraction=0.543933, localized_error_fraction=0.805194).
[INFO] Konvertiert AC0503_L_sia.jpg | Parameter: mode=manual_review, label=, variant_name=AC0503_L_SIA | Qualität: Optimierungsfehler/Pixel=0.005243, Mean-Delta²=3290.837891, RGB-RMSE/Kanal=33.120175, Raumscore=9976.889602, beste Composite-Iteration=n/a (direkte/semantische Pipeline), ausgeführt=92/92 | Dauer=0.3s
[INFO] Konvertiere AC0501_L_sia.jpg | Parameter: Iterationen=92, max. Validierungsrunden=9

--- Verarbeite AC0501_L_sia.jpg ---
Bildbeschreibung: Klappensymbol: Rechteck hochkant, graue Umrandung. Graue Diagonale von unten links nach oben Rechts, in der Mitte ein dunkelgrauer Punkt. Farbverlauf Hintergrund: Dunkelgrau, hellgrau, dunkelgrau
Befehl erkannt: Fallback-Modus aktiv (Beschreibung wird ohne expliziten Compositing-Befehl verarbeitet)
  -> Fallback aktiv: elementweise iterative Annäherung aus Rasterbild.
[WARN] AC0501_L_sia.jpg: Differenzbild-Fehlerpixel sind nicht zufällig verteilt; Variante bleibt für einen Qualitäts-Nachbesserungslauf geöffnet (error_energy_concentrated_in_worst_tiles; largest_cluster_fraction=0.378855, localized_error_fraction=0.909484).
[INFO] Konvertiert AC0501_L_sia.jpg | Parameter: mode=auto, label=M, variant_name=AC0501_L_SIA | Qualität: Optimierungsfehler/Pixel=0.003533, Mean-Delta²=2682.657227, RGB-RMSE/Kanal=29.903496, Raumscore=9071.361917, beste Composite-Iteration=n/a (direkte/semantische Pipeline), ausgeführt=92/92 | Dauer=1.0s
[INFO] Konvertiere AC0531_L_sia.jpg | Parameter: Iterationen=92, max. Validierungsrunden=9

--- Verarbeite AC0531_L_sia.jpg ---
Bildbeschreibung: Wie AC0501: Klappensymbol: Rechteck hochkant, graue Umrandung. Graue Diagonale von unten links nach oben Rechts, in der Mitte ein dunkelgrauer Punkt. Farbverlauf Hintergrund: Dunkelgrau, hellgrau, dunkelgrau. Geometrische Variante: identisch zur Referenz.
Befehl erkannt: Fallback-Modus aktiv (Beschreibung wird ohne expliziten Compositing-Befehl verarbeitet)
  -> Fallback aktiv: elementweise iterative Annäherung aus Rasterbild.
[WARN] AC0531_L_sia.jpg: Differenzbild-Fehlerpixel sind nicht zufällig verteilt; Variante bleibt für einen Qualitäts-Nachbesserungslauf geöffnet (error_energy_concentrated_in_worst_tiles; largest_cluster_fraction=0.414097, localized_error_fraction=0.879305).
[INFO] Konvertiert AC0531_L_sia.jpg | Parameter: mode=auto, label=M, variant_name=AC0531_L_SIA | Qualität: Optimierungsfehler/Pixel=0.003175, Mean-Delta²=2289.496826, RGB-RMSE/Kanal=27.625452, Raumscore=7602.352165, beste Composite-Iteration=n/a (direkte/semantische Pipeline), ausgeführt=92/92 | Dauer=1.0s
[INFO] Konvertiere AC0532_L_sia.jpg | Parameter: Iterationen=92, max. Validierungsrunden=9

--- Verarbeite AC0532_L_sia.jpg ---
Bildbeschreibung: Wie AC0501: Klappensymbol: Rechteck hochkant, graue Umrandung. Graue Diagonale von unten links nach oben Rechts, in der Mitte ein dunkelgrauer Punkt. Farbverlauf Hintergrund: Dunkelgrau, hellgrau, dunkelgrau. Geometrische Variante: 90° nach rechts gedreht.
Befehl erkannt: Fallback-Modus aktiv (Beschreibung wird ohne expliziten Compositing-Befehl verarbeitet)
  -> Fallback aktiv: elementweise iterative Annäherung aus Rasterbild.
[WARN] AC0532_L_sia.jpg: Differenzbild-Fehlerpixel sind nicht zufällig verteilt; Variante bleibt für einen Qualitäts-Nachbesserungslauf geöffnet (upper_quartile_error_pixels_form_large_connected_component; largest_cluster_fraction=0.563725, localized_error_fraction=0.929419).
[INFO] Konvertiert AC0532_L_sia.jpg | Parameter: mode=auto, label=M, variant_name=AC0532_L_SIA | Qualität: Optimierungsfehler/Pixel=0.002404, Mean-Delta²=1710.657227, RGB-RMSE/Kanal=23.879260, Raumscore=6219.311484, beste Composite-Iteration=n/a (direkte/semantische Pipeline), ausgeführt=92/92 | Dauer=1.1s
[INFO] Konvertiere AC0502_L_sia.jpg | Parameter: Iterationen=92, max. Validierungsrunden=9

--- Verarbeite AC0502_L_sia.jpg ---
Bildbeschreibung: Wie AC0501: Klappensymbol: Rechteck hochkant, graue Umrandung. Graue Diagonale von unten links nach oben Rechts, in der Mitte ein dunkelgrauer Punkt. Farbverlauf Hintergrund: Dunkelgrau, hellgrau, dunkelgrau. Geometrische Variante: 90° nach rechts gedreht.
Befehl erkannt: Fallback-Modus aktiv (Beschreibung wird ohne expliziten Compositing-Befehl verarbeitet)
  -> Fallback aktiv: elementweise iterative Annäherung aus Rasterbild.
[WARN] AC0502_L_sia.jpg: Differenzbild-Fehlerpixel sind nicht zufällig verteilt; Variante bleibt für einen Qualitäts-Nachbesserungslauf geöffnet (upper_quartile_error_pixels_form_large_connected_component; largest_cluster_fraction=0.776190, localized_error_fraction=0.952059).
[INFO] Konvertiert AC0502_L_sia.jpg | Parameter: mode=auto, label=M, variant_name=AC0502_L_SIA | Qualität: Optimierungsfehler/Pixel=0.002185, Mean-Delta²=1543.016235, RGB-RMSE/Kanal=22.679038, Raumscore=5986.415247, beste Composite-Iteration=n/a (direkte/semantische Pipeline), ausgeführt=92/92 | Dauer=1.0s
[INFO] Übersichts-Kacheln erzeugt: diff=/tmp/ic-b-ac05-01-20260805/reports/overview_diff_tiles.png, svg=/tmp/ic-b-ac05-01-20260805/reports/overview_svg_tiles.png

Abgeschlossen! Ausgaben unter: /tmp/ic-b-ac05-01-20260805
