============================= test session starts ==============================
platform linux -- Python 3.10.20, pytest-9.0.3, pluggy-1.6.0 -- /root/.pyenv/versions/3.10.20/bin/python
cachedir: .pytest_cache
rootdir: /workspace/ImageConverter
configfile: pytest.ini
testpaths: tests
collecting ... collected 818 items

tests/detailtests/test_ac0223_runtime_helpers.py::test_finalize_ac0223_badge_params_impl_applies_valve_head_defaults PASSED [  0%]
tests/detailtests/test_ac0223_runtime_helpers.py::test_finalize_ac0223_badge_params_impl_is_noop_for_other_families PASSED [  0%]
tests/detailtests/test_ac0223_semantic_helpers.py::test_fit_ac0223_params_keeps_valve_connector_anchored PASSED [  0%]
tests/detailtests/test_ac0223_semantic_helpers.py::test_generate_badge_svg_ac0223_polygon_uses_gradient_fill PASSED [  0%]
tests/detailtests/test_ac0223_semantic_helpers.py::test_generate_badge_svg_restores_ac0223_head_when_style_keys_missing PASSED [  0%]
tests/detailtests/test_ac0223_semantic_helpers.py::test_ac0223_symmetry_enforces_short_hub_connector PASSED [  0%]
tests/detailtests/test_ac08_segment_contract.py::test_resolve_variant_input_dir_prefers_root_and_finds_quarantined_variant PASSED [  0%]
tests/detailtests/test_ac08_segment_contract.py::test_iteration_report_requires_expected_variant_row PASSED [  0%]
tests/detailtests/test_automate_function_extraction_tool.py::test_extracts_function_and_replaces_with_wrapper PASSED [  1%]
tests/detailtests/test_automate_function_extraction_tool.py::test_rolls_back_when_verification_fails PASSED [  1%]
tests/detailtests/test_automate_function_extraction_tool.py::test_inserts_import_after_multiline_import_block PASSED [  1%]
tests/detailtests/test_batch_reporting_helpers.py::test_write_batch_failure_summary_writes_expected_columns PASSED [  1%]
tests/detailtests/test_batch_reporting_helpers.py::test_write_strategy_switch_template_transfers_report_formats_values PASSED [  1%]
tests/detailtests/test_batch_reporting_helpers.py::test_write_chain_telemetry_batch_report_writes_rows_and_aggregate PASSED [  1%]
tests/detailtests/test_batch_reporting_helpers.py::test_write_chain_telemetry_batch_report_marks_drift_pass PASSED [  1%]
tests/detailtests/test_batch_reporting_helpers.py::test_write_chain_telemetry_batch_report_accepts_empty_scorecard PASSED [  1%]
tests/detailtests/test_batch_reporting_helpers.py::test_write_chain_telemetry_batch_report_marks_drift_warning PASSED [  2%]
tests/detailtests/test_batch_reporting_helpers.py::test_check_chain_telemetry_drift_summary_accepts_pass_artifact PASSED [  2%]
tests/detailtests/test_batch_reporting_helpers.py::test_check_chain_telemetry_drift_summary_accepts_legacy_empty_metric_warning PASSED [  2%]
tests/detailtests/test_batch_reporting_helpers.py::test_check_chain_telemetry_drift_summary_rejects_warn_artifact PASSED [  2%]
tests/detailtests/test_batch_reporting_helpers.py::test_check_chain_telemetry_drift_summary_rejects_missing_artifact PASSED [  2%]
tests/detailtests/test_blocker_inventory_tool.py::test_parse_inventory_orders_durations_and_collects_failures PASSED [  2%]
tests/detailtests/test_blocker_inventory_tool.py::test_update_document_replaces_previous_inventory_section PASSED [  2%]
tests/detailtests/test_chain_telemetry_helpers.py::test_chain_telemetry_harmonizes_phase_terms_and_step_quality_metrics PASSED [  2%]
tests/detailtests/test_chain_telemetry_helpers.py::test_chain_telemetry_tracks_overrides_and_placeholder_emergency_rate PASSED [  3%]
tests/detailtests/test_chain_telemetry_helpers.py::test_composite_svg_records_r5_chain_telemetry_on_params PASSED [  3%]
tests/detailtests/test_circle_geometry_optimization_helpers.py::test_reanchor_arm_to_circle_edge_keeps_horizontal_arm PASSED [  3%]
tests/detailtests/test_circle_geometry_optimization_helpers.py::test_element_error_for_circle_pose_returns_inf_when_circle_disabled PASSED [  3%]
tests/detailtests/test_circle_radius_optimization_helpers.py::test_element_error_for_circle_radius_returns_inf_without_circle PASSED [  3%]
tests/detailtests/test_circle_radius_optimization_helpers.py::test_select_circle_radius_plateau_candidate_prefers_best_full_error PASSED [  3%]
tests/detailtests/test_cli_helpers.py::test_parse_args_impl_applies_named_iterations_override PASSED [  3%]
tests/detailtests/test_cli_helpers.py::test_parse_args_impl_accepts_strict_batch_failure_exit_flag PASSED [  3%]
tests/detailtests/test_cli_helpers.py::test_parse_args_impl_accepts_input_dir_alias PASSED [  4%]
tests/detailtests/test_cli_helpers.py::test_auto_detect_csv_path_prefers_reference_like_names PASSED [  4%]
tests/detailtests/test_cli_helpers.py::test_auto_detect_csv_path_finds_descriptions_sibling_folder PASSED [  4%]
tests/detailtests/test_cli_helpers.py::test_resolve_cli_csv_and_output_impl_resolves_xml_paths PASSED [  4%]
tests/detailtests/test_cli_helpers.py::test_resolve_cli_csv_and_output_impl_treats_numeric_second_positional_as_iterations PASSED [  4%]
tests/detailtests/test_cli_helpers.py::test_optional_log_capture_impl_writes_stdout_and_stderr PASSED [  4%]
tests/detailtests/test_cli_helpers.py::test_tee_text_io_flush_ignores_closed_streams PASSED [  4%]
tests/detailtests/test_cli_helpers.py::test_format_user_diagnostic_impl_formats_mapping_span PASSED [  4%]
tests/detailtests/test_cli_helpers.py::test_prompt_interactive_range_impl_uses_substring_filter_message PASSED [  5%]
tests/detailtests/test_cli_helpers.py::test_run_main_impl_prints_vendor_command_and_exits PASSED [  5%]
tests/detailtests/test_cli_helpers.py::test_run_main_impl_convert_mode_invokes_convert_with_selected_variants PASSED [  5%]
tests/detailtests/test_cli_helpers.py::test_run_main_impl_auto_enables_isolated_render_for_ac08_regression_set PASSED [  5%]
tests/detailtests/test_cli_helpers.py::test_run_main_impl_auto_enables_isolated_render_for_full_ac08_range PASSED [  5%]
tests/detailtests/test_cli_helpers.py::test_run_main_impl_repair_mode_requires_repair_callback PASSED [  5%]
tests/detailtests/test_cli_helpers.py::test_compat_cli_main_delegates_to_canonical_app PASSED [  5%]
tests/detailtests/test_cli_helpers.py::test_has_batch_failures_detects_non_empty_summary PASSED [  5%]
tests/detailtests/test_cli_helpers.py::test_run_main_impl_convert_mode_warns_but_returns_0_when_batch_failures_exist PASSED [  5%]
tests/detailtests/test_cli_helpers.py::test_run_main_impl_convert_mode_returns_1_when_strict_batch_failures_enabled PASSED [  6%]
tests/detailtests/test_cli_helpers.py::test_parse_args_accepts_single_ac08_regression_segment PASSED [  6%]
tests/detailtests/test_color_utils_helpers.py::test_clip_impl_uses_numpy_when_available PASSED [  6%]
tests/detailtests/test_color_utils_helpers.py::test_clip_impl_uses_scalar_fallback_without_numpy PASSED [  6%]
tests/detailtests/test_color_utils_helpers.py::test_clip_impl_raises_for_non_scalar_without_numpy PASSED [  6%]
tests/detailtests/test_color_utils_helpers.py::test_gray_to_hex_impl_clamps_and_rounds PASSED [  6%]
tests/detailtests/test_color_utils_helpers.py::test_rgb_to_hex_impl_formats_channels PASSED [  6%]
tests/detailtests/test_composite_svg_helpers.py::test_trace_image_segment_impl_returns_svg_paths PASSED [  6%]
tests/detailtests/test_composite_svg_helpers.py::test_generate_composite_svg_impl_uses_top_ref_and_square_cross PASSED [  7%]
tests/detailtests/test_conversion_bestlist_helpers.py::test_candidate_better_when_no_previous PASSED [  7%]
tests/detailtests/test_conversion_bestlist_helpers.py::test_candidate_prefers_semantic_ok PASSED [  7%]
tests/detailtests/test_conversion_bestlist_helpers.py::test_candidate_prefers_ac0223_with_valve_head_metadata PASSED [  7%]
tests/detailtests/test_conversion_bestlist_helpers.py::test_bestlist_manifest_read_write_roundtrip PASSED [  7%]
tests/detailtests/test_conversion_bestlist_helpers.py::test_store_and_restore_bestlist_snapshot_roundtrip PASSED [  7%]
tests/detailtests/test_conversion_bestlist_helpers.py::test_prune_bestlist_rows_without_existing_svg PASSED [  7%]
tests/detailtests/test_conversion_bestlist_helpers.py::test_choose_conversion_bestlist_row_prefers_previous_and_restored_values PASSED [  7%]
tests/detailtests/test_conversion_bestlist_helpers.py::test_repair_ac0223_bestlist_artifacts_removes_stale_snapshots PASSED [  8%]
tests/detailtests/test_conversion_bestlist_helpers.py::test_store_and_restore_sia_snapshot_uses_runtime_filename_casing PASSED [  8%]
tests/detailtests/test_conversion_composite_helpers.py::test_run_composite_iteration_impl_uses_plateau_and_logs PASSED [  8%]
tests/detailtests/test_conversion_composite_helpers.py::test_run_composite_iteration_impl_stops_after_meaningful_progress_stagnates PASSED [  8%]
tests/detailtests/test_conversion_execution_helpers.py::test_placeholder_diff_png_has_valid_chunk_crc PASSED [  8%]
tests/detailtests/test_conversion_execution_helpers.py::test_convert_one_impl_success_reads_convergence_and_delta2 PASSED [  8%]
tests/detailtests/test_conversion_execution_helpers.py::test_compact_params_keeps_relevant_scalars_and_omits_metadata PASSED [  8%]
tests/detailtests/test_conversion_execution_helpers.py::test_compact_params_limits_scalar_count PASSED [  8%]
tests/detailtests/test_conversion_execution_helpers.py::test_convert_one_impl_semantic_mismatch_is_reported_as_failure PASSED [  9%]
tests/detailtests/test_conversion_execution_helpers.py::test_convert_one_impl_unknown_status_is_recorded_as_failure PASSED [  9%]
tests/detailtests/test_conversion_execution_helpers.py::test_convert_one_impl_skipped_status_stays_non_failure PASSED [  9%]
tests/detailtests/test_conversion_execution_helpers.py::test_convert_one_impl_non_composite_success_renames_svg_to_failed_prefix PASSED [  9%]
tests/detailtests/test_conversion_execution_helpers.py::test_convert_one_impl_embedded_svg_uses_failed_prefix_independent_of_status PASSED [  9%]
tests/detailtests/test_conversion_execution_helpers.py::test_convert_one_impl_marks_timeout_as_batch_error PASSED [  9%]
tests/detailtests/test_conversion_execution_helpers.py::test_convert_one_impl_skipped_status_with_result_marks_embedded_svg_as_failed PASSED [  9%]
tests/detailtests/test_conversion_execution_helpers.py::test_convert_one_impl_trivial_placeholder_svg_is_marked_failed PASSED [  9%]
tests/detailtests/test_conversion_execution_helpers.py::test_convert_one_impl_marks_image_only_svg_without_raster_extension_as_failed PASSED [ 10%]
tests/detailtests/test_conversion_execution_helpers.py::test_convert_one_impl_writes_ac0811_debug_dump_on_success PASSED [ 10%]
tests/detailtests/test_conversion_execution_helpers.py::test_convert_one_impl_keeps_existing_svg_when_new_is_not_better PASSED [ 10%]
tests/detailtests/test_conversion_execution_helpers.py::test_convert_one_impl_keeps_poor_existing_svg_when_quality_retry_is_not_better PASSED [ 10%]
tests/detailtests/test_conversion_execution_helpers.py::test_convert_one_impl_prefers_new_vector_svg_over_existing_embedded_raster_even_when_delta2_is_worse PASSED [ 10%]
tests/detailtests/test_conversion_execution_helpers.py::test_convert_one_impl_uses_logged_sample_svg_for_non_composite_plan_b_status PASSED [ 10%]
tests/detailtests/test_conversion_execution_helpers.py::test_convert_one_impl_resolves_relative_logged_sample_svg_path PASSED [ 10%]
tests/detailtests/test_conversion_execution_helpers.py::test_convert_one_impl_uses_implicit_sample_svg_for_non_composite_placeholder_status PASSED [ 10%]
tests/detailtests/test_conversion_execution_helpers.py::test_record_early_quality_abort_preserves_probe_as_failed_artifact PASSED [ 11%]
tests/detailtests/test_conversion_execution_helpers.py::test_convert_one_impl_keeps_crossed_square_semantic_upgrade_even_when_pixel_score_is_worse PASSED [ 11%]
tests/detailtests/test_conversion_finalization_helpers.py::test_run_conversion_finalization_executes_all_steps_and_returns_semantic_results PASSED [ 11%]
tests/detailtests/test_conversion_finalization_helpers.py::test_run_conversion_finalization_skips_strategy_report_when_no_rows PASSED [ 11%]
tests/detailtests/test_conversion_finalization_helpers.py::test_svg_embedded_raster_detection_supports_png_data_without_mime PASSED [ 11%]
tests/detailtests/test_conversion_finalization_helpers.py::test_mark_poor_conversions_renames_svg_when_embedded_png_detected PASSED [ 11%]
tests/detailtests/test_conversion_finalization_helpers.py::test_mark_poor_conversions_renames_svg_when_embedded_jpeg_detected PASSED [ 11%]
tests/detailtests/test_conversion_finalization_helpers.py::test_mark_poor_conversions_detects_embedded_raster_even_without_result_row PASSED [ 11%]
tests/detailtests/test_conversion_finalization_helpers.py::test_mark_poor_conversions_detects_embedded_raster_for_lowercase_variant_names PASSED [ 11%]
tests/detailtests/test_conversion_finalization_helpers.py::test_mark_poor_conversions_marks_skipped_manual_review_embedded_svg_as_failed PASSED [ 12%]
tests/detailtests/test_conversion_finalization_helpers.py::test_mark_poor_conversions_removes_stale_failed_svg_after_successful_result PASSED [ 12%]
tests/detailtests/test_conversion_finalization_helpers.py::test_mark_poor_conversions_renames_trivial_white_fallback_svg PASSED [ 12%]
tests/detailtests/test_conversion_finalization_helpers.py::test_mark_poor_conversions_renames_image_only_svg_without_detectable_raster_href PASSED [ 12%]
tests/detailtests/test_conversion_finalization_helpers.py::test_canonicalize_failed_attempt_svg_names_from_suffix_format PASSED [ 12%]
tests/detailtests/test_conversion_finalization_helpers.py::test_canonicalize_failed_attempt_svg_names_from_lowercase_prefix PASSED [ 12%]
tests/detailtests/test_conversion_finalization_helpers.py::test_archive_successful_conversion_artifacts_moves_image_and_copies_svg PASSED [ 12%]
tests/detailtests/test_conversion_finalization_helpers.py::test_remove_successful_variants_from_open_tasks_only_removes_open_checkboxes PASSED [ 12%]
tests/detailtests/test_conversion_finalization_helpers.py::test_remove_successful_variants_from_open_tasks_ignores_external_reports_dir PASSED [ 13%]
tests/detailtests/test_conversion_finalization_helpers.py::test_append_failure_followup_tasks_adds_missing_failure_variants PASSED [ 13%]
tests/detailtests/test_conversion_finalization_helpers.py::test_append_failure_followup_tasks_skips_existing_variant_entries PASSED [ 13%]
tests/detailtests/test_conversion_finalization_helpers.py::test_append_failure_followup_tasks_ignores_shallow_external_reports_dir PASSED [ 13%]
tests/detailtests/test_conversion_finalization_helpers.py::test_move_failed_conversion_artifacts_to_failed_dirs_moves_svg_and_png PASSED [ 13%]
tests/detailtests/test_conversion_finalization_helpers.py::test_run_conversion_finalization_quarantines_unsatisfactory_artifacts_before_archive PASSED [ 13%]
tests/detailtests/test_conversion_initial_pass_helpers.py::test_initial_pass_prefers_template_transfer_and_updates_bestlist PASSED [ 13%]
tests/detailtests/test_conversion_initial_pass_helpers.py::test_initial_pass_uses_restored_bestlist_row_when_candidate_not_better PASSED [ 13%]
tests/detailtests/test_conversion_initial_pass_helpers.py::test_initial_pass_continues_after_failed_file PASSED [ 14%]
tests/detailtests/test_conversion_inputs_helpers.py::test_list_requested_image_files_filters_extension_range_and_variants PASSED [ 14%]
tests/detailtests/test_conversion_inputs_helpers.py::test_list_requested_image_files_returns_all_in_range_when_no_selection PASSED [ 14%]
tests/detailtests/test_conversion_inputs_helpers.py::test_input_selection_summary_contains_hints PASSED [ 14%]
tests/detailtests/test_conversion_quality_pass_helpers.py::test_run_quality_passes_updates_result_map_and_bestlist PASSED [ 14%]
tests/detailtests/test_conversion_quality_pass_helpers.py::test_run_quality_passes_restores_snapshot_when_not_improved PASSED [ 14%]
tests/detailtests/test_conversion_quality_pass_helpers.py::test_run_quality_passes_continues_after_failed_candidate PASSED [ 14%]
tests/detailtests/test_conversion_quality_pass_helpers.py::test_run_quality_passes_refines_single_below_threshold_row PASSED [ 14%]
tests/detailtests/test_conversion_quality_pass_helpers.py::test_run_quality_passes_does_not_force_isolated_skipped_variant PASSED [ 15%]
tests/detailtests/test_conversion_random_helpers.py::test_conversion_random_impl_uses_seed_env PASSED [ 15%]
tests/detailtests/test_conversion_random_helpers.py::test_conversion_random_impl_falls_back_to_time_ns_for_invalid_seed PASSED [ 15%]
tests/detailtests/test_conversion_reporting_helpers.py::test_run_post_conversion_reporting_writes_reports_and_manifest PASSED [ 15%]
tests/detailtests/test_conversion_reporting_helpers.py::test_run_post_conversion_reporting_skips_manifest_refresh_when_missing PASSED [ 15%]
tests/detailtests/test_core_class_helpers.py::test_global_parameter_vector_maps_path_t_text_fields PASSED [ 15%]
tests/detailtests/test_dependency_bootstrap_runtime_helpers.py::test_bootstrap_required_image_dependencies_for_runtime_impl_installs_and_sets_modules PASSED [ 15%]
tests/detailtests/test_dependency_bootstrap_runtime_helpers.py::test_bootstrap_required_image_dependencies_for_runtime_impl_uses_custom_module_names PASSED [ 15%]
tests/detailtests/test_dependency_helpers.py::test_missing_required_image_dependencies_impl PASSED [ 16%]
tests/detailtests/test_dependency_helpers.py::test_bootstrap_required_image_dependencies_impl_runs_install_and_sets_modules PASSED [ 16%]
tests/detailtests/test_dependency_helpers.py::test_bootstrap_required_image_dependencies_impl_raises_runtime_error_on_pip_failure PASSED [ 16%]
tests/detailtests/test_dependency_helpers.py::test_ensure_conversion_runtime_dependencies_impl_requires_cv2_numpy_and_fitz PASSED [ 16%]
tests/detailtests/test_description_contract_helpers.py::test_description_contract_complete_description_marks_ok PASSED [ 16%]
tests/detailtests/test_description_contract_helpers.py::test_description_contract_recursive_alias_keeps_contract PASSED [ 16%]
tests/detailtests/test_description_contract_helpers.py::test_description_contract_empty_description_is_insufficient PASSED [ 16%]
tests/detailtests/test_description_contract_helpers.py::test_description_contract_alias_only_marks_reference_without_geometry_terms PASSED [ 16%]
tests/detailtests/test_description_contract_helpers.py::test_description_parser_attaches_geometry_ir_for_ac0120_like_description PASSED [ 16%]
tests/detailtests/test_description_contract_helpers.py::test_description_parser_attaches_geometry_ir_for_ac0160_like_description PASSED [ 17%]
tests/detailtests/test_description_contract_helpers.py::test_description_parser_attaches_geometry_ir_for_ac0201_upward_compressor PASSED [ 17%]
tests/detailtests/test_description_contract_helpers.py::test_description_parser_attaches_geometry_ir_for_ac0202_rightward_compressor PASSED [ 17%]
tests/detailtests/test_description_contract_helpers.py::test_description_parser_attaches_geometry_ir_for_ac0203_main_diagonal_mirrored_compressor PASSED [ 17%]
tests/detailtests/test_description_contract_helpers.py::test_description_parser_attaches_geometry_ir_for_ac0211_typo_upward_compressor PASSED [ 17%]
tests/detailtests/test_description_contract_helpers.py::test_description_parser_attaches_geometry_ir_for_ac0222_grey_background_upward_compressor PASSED [ 17%]
tests/detailtests/test_description_contract_helpers.py::test_description_parser_attaches_geometry_ir_for_ac0232_left_rotated_m_top_kelle_three_way_valve PASSED [ 17%]
tests/detailtests/test_description_contract_helpers.py::test_description_parser_attaches_geometry_ir_for_ac0234_main_diagonal_mirrored_m_top_kelle_three_way_valve PASSED [ 17%]
tests/detailtests/test_description_contract_helpers.py::test_description_parser_attaches_geometry_ir_for_ac0233_180_rotated_m_top_kelle_three_way_valve PASSED [ 18%]
tests/detailtests/test_description_contract_helpers.py::test_description_parser_attaches_geometry_ir_for_ac0231_m_top_kelle_three_way_valve PASSED [ 18%]
tests/detailtests/test_description_contract_helpers.py::test_description_parser_attaches_geometry_ir_for_ac0221_top_kelle_three_way_valve PASSED [ 18%]
tests/detailtests/test_description_contract_helpers.py::test_description_parser_attaches_geometry_ir_for_ac0224_right_rotated_top_kelle_three_way_valve PASSED [ 18%]
tests/detailtests/test_description_contract_helpers.py::test_description_parser_attaches_geometry_ir_for_ac0212_vertical_two_way_valve_motor PASSED [ 18%]
tests/detailtests/test_description_contract_helpers.py::test_description_parser_attaches_geometry_ir_for_ac0213_left_rotated_two_way_valve_motor PASSED [ 18%]
tests/detailtests/test_description_contract_helpers.py::test_description_parser_attaches_geometry_ir_for_ac0214_180_rotated_two_way_valve_motor PASSED [ 18%]
tests/detailtests/test_diffing_helpers.py::test_calculate_error_impl_returns_inf_for_missing_svg PASSED [ 18%]
tests/detailtests/test_diffing_helpers.py::test_calculate_error_impl_uses_mean_absdiff PASSED [ 19%]
tests/detailtests/test_diffing_helpers.py::test_create_diff_image_impl_applies_focus_mask PASSED [ 19%]
tests/detailtests/test_dual_arrow_runtime_helpers.py::test_run_dual_arrow_badge_iteration_impl_uses_fallback_when_detection_fails PASSED [ 19%]
tests/detailtests/test_dual_arrow_runtime_helpers.py::test_run_dual_arrow_badge_iteration_impl_records_render_failure_with_badge_params PASSED [ 19%]
tests/detailtests/test_early_quality_gate_helpers.py::test_gate_uses_persisted_report_threshold_conservatively PASSED [ 19%]
tests/detailtests/test_early_quality_gate_helpers.py::test_gate_uses_successful_history_when_config_has_no_threshold PASSED [ 19%]
tests/detailtests/test_early_quality_gate_helpers.py::test_gate_stays_disabled_without_trustworthy_report_history PASSED [ 19%]
tests/detailtests/test_early_quality_gate_helpers.py::test_gate_can_be_disabled_by_environment PASSED [ 19%]
tests/detailtests/test_early_quality_gate_helpers.py::test_zero_placeholder_threshold_does_not_enable_gate PASSED [ 20%]
tests/detailtests/test_element_mask_helpers.py::test_extract_badge_element_mask_returns_none_for_missing_region PASSED [ 20%]
tests/detailtests/test_element_mask_helpers.py::test_extract_badge_element_mask_intersects_region_and_foreground PASSED [ 20%]
tests/detailtests/test_element_validation_helpers.py::test_format_round_quality_progress_reports_improvement PASSED [ 20%]
tests/detailtests/test_element_validation_helpers.py::test_format_round_quality_progress_reports_stagnation_and_regression PASSED [ 20%]
tests/detailtests/test_element_validation_helpers.py::test_apply_element_alignment_step_updates_circle_geometry PASSED [ 20%]
tests/detailtests/test_element_validation_helpers.py::test_apply_element_alignment_step_honors_locked_circle_center PASSED [ 20%]
tests/detailtests/test_element_validation_helpers.py::test_validate_badge_by_elements_stops_on_stable_non_improvement_after_fallback PASSED [ 20%]
tests/detailtests/test_element_validation_helpers.py::test_action_validation_wrappers_forward_progress_callback PASSED [ 21%]
tests/detailtests/test_error_metric_helpers.py::test_element_only_params_impl PASSED [ 21%]
tests/detailtests/test_error_metric_helpers.py::test_union_bbox_from_masks_impl_combines_boxes PASSED [ 21%]
tests/detailtests/test_error_metric_helpers.py::test_masked_union_error_in_bbox_impl_returns_finite_value PASSED [ 21%]
tests/detailtests/test_error_metric_helpers.py::test_masked_error_impl_handles_empty_mask PASSED [ 21%]
tests/detailtests/test_error_metric_helpers.py::test_calculate_delta2_stats_impl_returns_mean_and_std PASSED [ 21%]
tests/detailtests/test_error_metric_helpers.py::test_element_match_error_impl_returns_finite_score_for_overlap PASSED [ 21%]
tests/detailtests/test_error_metric_helpers.py::test_element_match_error_impl_applies_circle_undersize_penalty PASSED [ 21%]
tests/detailtests/test_error_metric_helpers.py::test_spatial_delta2_quality_penalizes_localized_structure PASSED [ 22%]
tests/detailtests/test_extract_remaining_functions_batch_tool.py::test_extracts_only_non_delegating_functions_and_writes_logs PASSED [ 22%]
tests/detailtests/test_fallback_helpers.py::test_run_embedded_raster_fallback_writes_failed_prefixed_svg PASSED [ 22%]
tests/detailtests/test_filename_invariance.py::test_identical_pixels_and_description_are_filename_invariant PASSED [ 22%]
tests/detailtests/test_filename_invariance.py::test_invariance_normalizers_ignore_only_output_metadata PASSED [ 22%]
tests/detailtests/test_fill_missing_parameters_tool.py::test_fill_missing_parameters_updates_signature_and_calls PASSED [ 22%]
tests/detailtests/test_filling_parameter_tool.py::test_fill_missing_parameters_updates_signature_and_calls <- tests/detailtests/test_fill_missing_parameters_tool.py PASSED [ 22%]
tests/detailtests/test_forms_symmetric_chords_helpers.py::test_derive_symmetric_chord_spec_impl_extracts_angle_and_offset PASSED [ 22%]
tests/detailtests/test_forms_symmetric_chords_helpers.py::test_render_symmetric_chord_circle_svg_impl_adds_inner_clip_and_round_caps PASSED [ 22%]
tests/detailtests/test_forms_symmetric_chords_helpers.py::test_render_symmetric_chord_circle_svg_impl_can_disable_inner_clipping PASSED [ 23%]
tests/detailtests/test_generalization_guardrails.py::test_non_composite_runtime_contains_no_image_specific_alias_table PASSED [ 23%]
tests/detailtests/test_generate_function_modularization_plan_tool.py::test_generate_function_modularization_plan PASSED [ 23%]
tests/detailtests/test_geometry_brackets_helpers.py::test_optimize_circle_center_bracket_respects_radius_floor_clearance PASSED [ 23%]
tests/detailtests/test_geometry_brackets_helpers.py::test_optimize_circle_center_bracket_allows_y_refine_when_text_window_collapses_x PASSED [ 23%]
tests/detailtests/test_geometry_ir_helpers.py::test_build_geometry_ir_maps_ac0130_like_description_to_ordered_chain PASSED [ 23%]
tests/detailtests/test_geometry_ir_helpers.py::test_build_geometry_ir_maps_ac0120_self_description_to_plus_minus_chain PASSED [ 23%]
tests/detailtests/test_geometry_ir_helpers.py::test_render_geometry_ir_to_svg_contains_centralized_primitives PASSED [ 23%]
tests/detailtests/test_geometry_ir_helpers.py::test_render_geometry_ir_horizontal_gradient_uses_renderer_stable_bands PASSED [ 24%]
tests/detailtests/test_geometry_ir_helpers.py::test_build_geometry_ir_maps_ac0150_vertical_heat_exchanger_description PASSED [ 24%]
tests/detailtests/test_geometry_ir_helpers.py::test_render_geometry_ir_to_svg_contains_ac0150_rule_and_polyline_primitives PASSED [ 24%]
tests/detailtests/test_geometry_ir_helpers.py::test_build_geometry_ir_maps_ac0160_differential_pressure_description PASSED [ 24%]
tests/detailtests/test_geometry_ir_helpers.py::test_render_geometry_ir_to_svg_contains_ac0160_box_and_dp_primitives PASSED [ 24%]
tests/detailtests/test_geometry_ir_helpers.py::test_build_geometry_ir_maps_ac0201_upward_compressor_description PASSED [ 24%]
tests/detailtests/test_geometry_ir_helpers.py::test_render_geometry_ir_to_svg_contains_ac0201_compressor_primitives PASSED [ 24%]
tests/detailtests/test_geometry_ir_helpers.py::test_build_geometry_ir_maps_ac0204_identical_reference_compressor_description PASSED [ 24%]
tests/detailtests/test_geometry_ir_helpers.py::test_render_geometry_ir_to_svg_contains_ac0204_identical_reference_primitives PASSED [ 25%]
tests/detailtests/test_geometry_ir_helpers.py::test_build_geometry_ir_maps_ac0211_typo_upward_compressor_description PASSED [ 25%]
tests/detailtests/test_geometry_ir_helpers.py::test_render_geometry_ir_to_svg_contains_ac0211_typo_upward_compressor_primitives PASSED [ 25%]
tests/detailtests/test_geometry_ir_helpers.py::test_build_geometry_ir_maps_ac0222_grey_background_upward_compressor_description PASSED [ 25%]
tests/detailtests/test_geometry_ir_helpers.py::test_render_geometry_ir_to_svg_contains_ac0222_grey_background_compressor_primitives PASSED [ 25%]
tests/detailtests/test_geometry_ir_helpers.py::test_build_geometry_ir_maps_ac0202_rightward_compressor_description PASSED [ 25%]
tests/detailtests/test_geometry_ir_helpers.py::test_render_geometry_ir_to_svg_contains_ac0202_compressor_primitives PASSED [ 25%]
tests/detailtests/test_geometry_ir_helpers.py::test_build_geometry_ir_maps_ac0203_main_diagonal_mirrored_compressor_description PASSED [ 25%]
tests/detailtests/test_geometry_ir_helpers.py::test_render_geometry_ir_to_svg_contains_ac0203_mirrored_compressor_primitives PASSED [ 26%]
tests/detailtests/test_geometry_ir_helpers.py::test_build_geometry_ir_maps_ac0232_left_rotated_m_top_kelle_three_way_valve_description PASSED [ 26%]
tests/detailtests/test_geometry_ir_helpers.py::test_render_geometry_ir_to_svg_contains_ac0232_left_rotated_m_top_kelle_label PASSED [ 26%]
tests/detailtests/test_geometry_ir_helpers.py::test_build_geometry_ir_maps_ac0234_main_diagonal_mirrored_m_top_kelle_three_way_valve_description PASSED [ 26%]
tests/detailtests/test_geometry_ir_helpers.py::test_render_geometry_ir_to_svg_contains_ac0234_main_diagonal_mirrored_m_top_kelle_label PASSED [ 26%]
tests/detailtests/test_geometry_ir_helpers.py::test_build_geometry_ir_maps_ac0233_180_rotated_m_top_kelle_three_way_valve_description PASSED [ 26%]
tests/detailtests/test_geometry_ir_helpers.py::test_render_geometry_ir_to_svg_contains_ac0233_180_rotated_m_top_kelle_label PASSED [ 26%]
tests/detailtests/test_geometry_ir_helpers.py::test_build_geometry_ir_maps_ac0231_m_top_kelle_three_way_valve_description PASSED [ 26%]
tests/detailtests/test_geometry_ir_helpers.py::test_render_geometry_ir_to_svg_contains_ac0231_m_top_kelle_label PASSED [ 27%]
tests/detailtests/test_geometry_ir_helpers.py::test_build_geometry_ir_maps_ac0221_top_kelle_three_way_valve_description PASSED [ 27%]
tests/detailtests/test_geometry_ir_helpers.py::test_render_geometry_ir_to_svg_contains_ac0221_top_kelle_three_way_valve_primitives PASSED [ 27%]
tests/detailtests/test_geometry_ir_helpers.py::test_build_geometry_ir_maps_ac0224_right_rotated_top_kelle_three_way_valve_description PASSED [ 27%]
tests/detailtests/test_geometry_ir_helpers.py::test_render_geometry_ir_to_svg_contains_ac0224_right_rotated_top_kelle_three_way_valve_primitives PASSED [ 27%]
tests/detailtests/test_geometry_ir_helpers.py::test_render_geometry_ir_to_svg_uses_crossed_square_for_sia_valve_handle PASSED [ 27%]
tests/detailtests/test_geometry_ir_helpers.py::test_build_geometry_ir_maps_ac0212_vertical_two_way_valve_motor_description PASSED [ 27%]
tests/detailtests/test_geometry_ir_helpers.py::test_render_geometry_ir_to_svg_contains_ac0212_vertical_two_way_valve_motor_primitives PASSED [ 27%]
tests/detailtests/test_geometry_ir_helpers.py::test_build_geometry_ir_maps_ac0213_left_rotated_two_way_valve_motor_description PASSED [ 27%]
tests/detailtests/test_geometry_ir_helpers.py::test_render_geometry_ir_to_svg_contains_ac0213_left_rotated_two_way_valve_motor_primitives PASSED [ 28%]
tests/detailtests/test_geometry_ir_helpers.py::test_build_geometry_ir_maps_ac0214_180_rotated_two_way_valve_motor_description PASSED [ 28%]
tests/detailtests/test_geometry_ir_helpers.py::test_render_geometry_ir_to_svg_contains_ac0214_180_rotated_two_way_valve_motor_primitives PASSED [ 28%]
tests/detailtests/test_geometry_ir_helpers.py::test_builds_rotated_grey_pump_symbol_as_circle_and_triangle PASSED [ 28%]
tests/detailtests/test_geometry_ir_helpers.py::test_renders_pump_triangle_relative_to_its_circle PASSED [ 28%]
tests/detailtests/test_geometry_ir_helpers.py::test_build_geometry_ir_models_ac0701_upright_square_kelle PASSED [ 28%]
tests/detailtests/test_geometry_ir_helpers.py::test_render_geometry_ir_models_ac0701_body_and_lower_connector PASSED [ 28%]
tests/detailtests/test_geometry_ir_helpers.py::test_build_geometry_ir_models_ac0722_left_rotated_square_kelle_with_t PASSED [ 28%]
tests/detailtests/test_geometry_ir_helpers.py::test_render_geometry_ir_keeps_ac0722_t_horizontal_and_separate_from_body PASSED [ 29%]
tests/detailtests/test_geometry_ir_helpers.py::test_build_geometry_ir_models_ac0723_vertically_mirrored_square_kelle_with_t PASSED [ 29%]
tests/detailtests/test_geometry_ir_helpers.py::test_render_geometry_ir_keeps_ac0723_t_horizontal_and_separate_from_body PASSED [ 29%]
tests/detailtests/test_geometry_ir_helpers.py::test_build_geometry_ir_models_ac0254_left_rotated_circular_damper PASSED [ 29%]
tests/detailtests/test_geometry_ir_helpers.py::test_render_geometry_ir_models_ac0254_circle_and_separate_closure_blade PASSED [ 29%]
tests/detailtests/test_geometry_ir_helpers.py::test_build_geometry_ir_models_ac0732_right_facing_square_kelle_with_horizontal_p PASSED [ 29%]
tests/detailtests/test_geometry_ir_helpers.py::test_render_geometry_ir_keeps_ac0732_p_horizontal_and_separate_from_body PASSED [ 29%]
tests/detailtests/test_geometry_ir_helpers.py::test_build_geometry_ir_models_ac0733_right_rotated_square_kelle_with_horizontal_p PASSED [ 29%]
tests/detailtests/test_geometry_ir_helpers.py::test_render_geometry_ir_keeps_ac0733_p_horizontal_and_separate_from_body PASSED [ 30%]
tests/detailtests/test_geometry_ir_helpers.py::test_build_geometry_ir_maps_connector_free_rh_badge_description PASSED [ 30%]
tests/detailtests/test_geometry_ir_helpers.py::test_render_geometry_ir_to_svg_contains_connector_free_rh_badge_primitives PASSED [ 30%]
tests/detailtests/test_geometry_ir_optimizer_helpers.py::test_sequential_optimizer_accepts_only_improving_element_candidates PASSED [ 30%]
tests/detailtests/test_geometry_ir_optimizer_helpers.py::test_sequential_optimizer_rejects_regression_and_keeps_current_ir PASSED [ 30%]
tests/detailtests/test_geometry_ir_optimizer_helpers.py::test_select_geometry_ir_prefers_elementwise_result_and_requires_explicit_one_shot_emergency PASSED [ 30%]
tests/detailtests/test_geometry_ir_optimizer_helpers.py::test_transform_geometry_ir_preserves_semantics_and_transforms_supported_geometry PASSED [ 30%]
tests/detailtests/test_geometry_ir_optimizer_helpers.py::test_registration_optimizer_reduces_error_without_changing_semantic_shape PASSED [ 30%]
tests/detailtests/test_geometry_ir_optimizer_helpers.py::test_registration_optimizer_continues_coarse_stage_until_convergence PASSED [ 31%]
tests/detailtests/test_geometry_ir_optimizer_helpers.py::test_right_rotated_valve_refinement_fits_relative_geometry_and_palette PASSED [ 31%]
tests/detailtests/test_geometry_optimization_helpers.py::test_optimize_element_width_bracket_updates_stem_width_and_center PASSED [ 31%]
tests/detailtests/test_geometry_optimization_helpers.py::test_element_error_for_extent_returns_inf_for_unknown_element PASSED [ 31%]
tests/detailtests/test_global_search_optimization_helpers.py::test_full_badge_error_for_params_returns_inf_when_render_is_none PASSED [ 31%]
tests/detailtests/test_global_search_optimization_helpers.py::test_full_badge_error_for_params_uses_render_pipeline_result PASSED [ 31%]
tests/detailtests/test_global_search_optimization_helpers.py::test_global_search_skips_when_less_than_two_parameters_are_active PASSED [ 31%]
tests/detailtests/test_global_search_optimization_helpers.py::test_global_search_logs_reduced_mode_for_two_or_three_active_parameters PASSED [ 31%]
tests/detailtests/test_global_search_optimization_helpers.py::test_global_search_logs_evaluate_telemetry_when_no_improvement PASSED [ 32%]
tests/detailtests/test_global_search_optimization_helpers.py::test_global_search_skips_repeated_no_improvement_signature PASSED [ 32%]
tests/detailtests/test_global_search_optimization_helpers.py::test_global_search_caches_duplicate_evaluations PASSED [ 32%]
tests/detailtests/test_global_search_optimization_helpers.py::test_global_search_reuses_cache_across_invocations_for_same_image PASSED [ 32%]
tests/detailtests/test_global_search_optimization_helpers.py::test_global_search_can_improve_error_by_varying_arm_x1 PASSED [ 32%]
tests/detailtests/test_global_search_optimization_helpers.py::test_global_search_can_improve_error_by_varying_arm_y1 PASSED [ 32%]
tests/detailtests/test_global_search_optimization_helpers.py::test_global_search_can_improve_error_by_varying_arm_x2 PASSED [ 32%]
tests/detailtests/test_global_search_optimization_helpers.py::test_global_search_skips_deterministic_track_after_strong_stochastic_gain PASSED [ 32%]
tests/detailtests/test_global_search_optimization_helpers.py::test_global_search_does_not_count_small_relevant_gain_as_no_improvement PASSED [ 33%]
tests/detailtests/test_global_search_optimization_helpers.py::test_global_search_can_improve_error_by_varying_arm_y2 PASSED [ 33%]
tests/detailtests/test_global_search_optimization_helpers.py::test_global_search_can_improve_error_by_varying_arm_stroke PASSED [ 33%]
tests/detailtests/test_global_search_optimization_helpers.py::test_global_search_can_improve_error_by_varying_stem_x PASSED [ 33%]
tests/detailtests/test_global_search_optimization_helpers.py::test_global_search_can_improve_error_by_varying_stem_top PASSED [ 33%]
tests/detailtests/test_global_search_optimization_helpers.py::test_global_search_can_improve_error_by_varying_stem_bottom PASSED [ 33%]
tests/detailtests/test_global_search_optimization_helpers.py::test_global_search_can_improve_error_by_varying_stem_width PASSED [ 33%]
tests/detailtests/test_global_search_optimization_helpers.py::test_global_search_can_improve_error_by_varying_text_x PASSED [ 33%]
tests/detailtests/test_global_search_optimization_helpers.py::test_global_search_can_improve_error_by_varying_text_y PASSED [ 33%]
tests/detailtests/test_global_search_optimization_helpers.py::test_global_search_can_improve_error_by_varying_text_scale PASSED [ 34%]
tests/detailtests/test_global_vector_bounds_helpers.py::test_global_parameter_vector_bounds_respects_locks_by_default PASSED [ 34%]
tests/detailtests/test_global_vector_bounds_helpers.py::test_global_parameter_vector_bounds_unlocks_when_ac0811_unrestricted_flag_set PASSED [ 34%]
tests/detailtests/test_global_vector_helpers.py::test_global_parameter_vector_bounds_use_path_t_scale_domain PASSED [ 34%]
tests/detailtests/test_gradient_stripe_strategy_helpers.py::test_detect_gradient_stripe_strategy_extracts_bbox_and_stops PASSED [ 34%]
tests/detailtests/test_gradient_stripe_strategy_helpers.py::test_build_gradient_stripe_svg_renders_gradient_stops PASSED [ 34%]
tests/detailtests/test_gradient_stripe_strategy_helpers.py::test_detect_gradient_stripe_strategy_skips_tiny_canvas_height PASSED [ 34%]
tests/detailtests/test_image_backend_helpers.py::test_pick_image_backend_prefers_opencv_when_available PASSED [ 34%]
tests/detailtests/test_image_backend_helpers.py::test_pick_image_backend_falls_back_to_pure_python PASSED [ 35%]
tests/detailtests/test_image_backend_helpers.py::test_opencv_backend_raises_when_unavailable_or_missing_image PASSED [ 35%]
tests/detailtests/test_image_loading_helpers.py::test_load_grayscale_image_impl_reads_pixels PASSED [ 35%]
tests/detailtests/test_image_loading_helpers.py::test_load_binary_image_with_mode_impl_global_and_otsu PASSED [ 35%]
tests/detailtests/test_image_loading_helpers.py::test_load_binary_image_with_mode_impl_adaptive_and_invalid_mode PASSED [ 35%]
tests/detailtests/test_incremental_conversion_helpers.py::test_partition_reuses_conversion_when_svg_is_fresh PASSED [ 35%]
tests/detailtests/test_incremental_conversion_helpers.py::test_partition_reconverts_when_source_or_descriptions_are_newer PASSED [ 35%]
tests/detailtests/test_incremental_conversion_helpers.py::test_partition_reuses_mixed_case_sia_svg_stem PASSED [ 35%]
tests/detailtests/test_incremental_conversion_helpers.py::test_partition_force_reconvert_disables_reuse PASSED [ 36%]
tests/detailtests/test_incremental_conversion_helpers.py::test_partition_reconverts_ac0224_when_fresh_svg_has_stale_generic_symbol PASSED [ 36%]
tests/detailtests/test_incremental_conversion_helpers.py::test_partition_reuses_ac0224_circle_svg_when_semantic_contract_is_satisfied PASSED [ 36%]
tests/detailtests/test_incremental_conversion_helpers.py::test_partition_reconverts_ac0224_sia_until_crossed_square_contract_is_satisfied PASSED [ 36%]
tests/detailtests/test_iteration_artifacts_helpers.py::test_write_validation_log_writes_meta_and_lines PASSED [ 36%]
tests/detailtests/test_iteration_artifacts_helpers.py::test_write_attempt_artifacts_failed_only_writes_svg PASSED [ 36%]
tests/detailtests/test_iteration_artifacts_helpers.py::test_write_attempt_artifacts_renders_and_writes_diff PASSED [ 36%]
tests/detailtests/test_iteration_artifacts_helpers.py::test_params_snapshot_impl_serializes_sorted_json PASSED [ 36%]
tests/detailtests/test_iteration_artifacts_helpers.py::test_write_render_failure_log_with_svg_and_params PASSED [ 37%]
tests/detailtests/test_iteration_artifacts_helpers.py::test_write_render_failure_log_without_svg PASSED [ 37%]
tests/detailtests/test_iteration_bindings_helpers.py::test_extract_iteration_input_runtime_fields_impl_maps_expected_keys PASSED [ 37%]
tests/detailtests/test_iteration_bindings_helpers.py::test_extract_iteration_runtime_callbacks_impl_maps_expected_keys PASSED [ 37%]
tests/detailtests/test_iteration_bindings_helpers.py::test_extract_iteration_input_runtime_locals_impl_maps_expected_keys PASSED [ 37%]
tests/detailtests/test_iteration_bindings_helpers.py::test_extract_iteration_runtime_callback_locals_impl_maps_expected_keys PASSED [ 37%]
tests/detailtests/test_iteration_bindings_helpers.py::test_extract_iteration_mode_runtime_bindings_impl_maps_expected_keys PASSED [ 37%]
tests/detailtests/test_iteration_bindings_helpers.py::test_extract_iteration_mode_runtime_locals_impl_maps_expected_keys PASSED [ 37%]
tests/detailtests/test_iteration_bindings_helpers.py::test_extract_run_iteration_pipeline_locals_impl_maps_expected_keys PASSED [ 38%]
tests/detailtests/test_iteration_context_helpers.py::test_extract_iteration_input_bindings_impl_maps_prepare_output_keys PASSED [ 38%]
tests/detailtests/test_iteration_context_helpers.py::test_extract_iteration_mode_runtime_bindings_impl_exposes_mode_runtime_fields PASSED [ 38%]
tests/detailtests/test_iteration_context_helpers.py::test_build_prepared_iteration_mode_kwargs_impl_maps_mode_runners_and_callbacks PASSED [ 38%]
tests/detailtests/test_iteration_dispatch_helpers.py::test_run_prepared_iteration_mode_impl_routes_semantic_badge_with_core_fields PASSED [ 38%]
tests/detailtests/test_iteration_dispatch_helpers.py::test_run_prepared_iteration_mode_impl_routes_composite_with_iteration_context PASSED [ 38%]
tests/detailtests/test_iteration_dispatch_helpers.py::test_run_prepared_iteration_mode_impl_normalizes_short_composite_result_shape PASSED [ 38%]
tests/detailtests/test_iteration_execution_context_helpers.py::test_build_run_prepared_iteration_and_finalize_kwargs_impl_maps_expected_keys PASSED [ 38%]
tests/detailtests/test_iteration_execution_context_helpers.py::test_build_prepared_mode_builder_kwargs_for_run_impl_maps_expected_keys PASSED [ 38%]
tests/detailtests/test_iteration_execution_context_helpers.py::test_run_prepared_iteration_and_finalize_for_run_impl_builds_kwargs_and_runs PASSED [ 39%]
tests/detailtests/test_iteration_execution_context_helpers.py::test_build_prepared_mode_builder_kwargs_for_run_pipeline_impl_delegates_in_sequence PASSED [ 39%]
tests/detailtests/test_iteration_execution_context_helpers.py::test_execute_run_iteration_pipeline_impl_delegates_build_then_run PASSED [ 39%]
tests/detailtests/test_iteration_execution_context_helpers.py::test_build_execute_run_iteration_pipeline_kwargs_impl_maps_expected_keys PASSED [ 39%]
tests/detailtests/test_iteration_execution_context_helpers.py::test_build_run_iteration_pipeline_for_run_locals_kwargs_impl_maps_expected_keys PASSED [ 39%]
tests/detailtests/test_iteration_execution_context_helpers.py::test_build_run_iteration_pipeline_for_run_locals_kwargs_for_run_impl_uses_run_defaults PASSED [ 39%]
tests/detailtests/test_iteration_execution_context_helpers.py::test_execute_run_iteration_pipeline_for_run_impl_delegates_to_execute_with_run_defaults PASSED [ 39%]
tests/detailtests/test_iteration_execution_context_helpers.py::test_run_iteration_pipeline_for_run_locals_impl_returns_none_without_dispatch PASSED [ 39%]
tests/detailtests/test_iteration_execution_context_helpers.py::test_run_iteration_pipeline_for_run_locals_impl_dispatches_with_same_arguments PASSED [ 40%]
tests/detailtests/test_iteration_execution_context_helpers.py::test_run_iteration_pipeline_for_run_impl_delegates_builder_then_runner PASSED [ 40%]
tests/detailtests/test_iteration_execution_context_helpers.py::test_build_run_iteration_pipeline_for_run_call_kwargs_impl_maps_expected_keys PASSED [ 40%]
tests/detailtests/test_iteration_execution_helpers.py::test_build_prepared_mode_builder_kwargs_impl_collects_runtime_fields PASSED [ 40%]
tests/detailtests/test_iteration_execution_helpers.py::test_run_prepared_iteration_and_finalize_impl_builds_runs_and_finalizes PASSED [ 40%]
tests/detailtests/test_iteration_finalization_helpers.py::test_finalize_iteration_result_impl_returns_non_composite_result_unchanged PASSED [ 40%]
tests/detailtests/test_iteration_finalization_helpers.py::test_finalize_iteration_result_impl_drops_non_finite_composite_error PASSED [ 40%]
tests/detailtests/test_iteration_finalization_helpers.py::test_finalize_iteration_result_impl_accepts_short_composite_tuple_shape PASSED [ 40%]
tests/detailtests/test_iteration_initialization_helpers.py::test_prepare_iteration_runtime_impl_builds_base_and_callbacks PASSED [ 41%]
tests/detailtests/test_iteration_initialization_helpers.py::test_extract_iteration_runtime_bindings_impl_exposes_runtime_callbacks PASSED [ 41%]
tests/detailtests/test_iteration_log_helpers.py::test_write_iteration_log_and_collect_semantic_rows PASSED [ 41%]
tests/detailtests/test_iteration_mode_dependencies_helpers.py::test_build_iteration_mode_runner_dependencies_impl_maps_all_runtime_hooks PASSED [ 41%]
tests/detailtests/test_iteration_mode_dependency_setup_helpers.py::test_build_iteration_mode_runner_dependencies_for_run_impl_uses_expected_runtime_hooks PASSED [ 41%]
tests/detailtests/test_iteration_mode_preparation_helpers.py::test_prepare_iteration_mode_runtime_for_run_impl_wires_dependencies_and_extracts_bindings PASSED [ 41%]
tests/detailtests/test_iteration_mode_runtime_helpers.py::test_build_iteration_mode_runners_impl_wires_semantic_validation_collector PASSED [ 41%]
tests/detailtests/test_iteration_mode_runtime_helpers.py::test_build_iteration_mode_runners_impl_wires_dual_arrow_detector_with_numpy_module PASSED [ 41%]
tests/detailtests/test_iteration_mode_runtime_preparation_helpers.py::test_build_prepare_iteration_mode_runtime_bindings_for_run_kwargs_impl_maps_expected_keys PASSED [ 42%]
tests/detailtests/test_iteration_mode_runtime_preparation_helpers.py::test_prepare_iteration_mode_runtime_bindings_impl_builds_kwargs_and_extracts_bindings PASSED [ 42%]
tests/detailtests/test_iteration_mode_runtime_preparation_helpers.py::test_prepare_iteration_mode_runtime_bindings_for_run_impl_builds_mode_setup_kwargs PASSED [ 42%]
tests/detailtests/test_iteration_mode_runtime_preparation_helpers.py::test_prepare_iteration_mode_runtime_locals_for_run_impl_prepares_and_extracts_locals PASSED [ 42%]
tests/detailtests/test_iteration_mode_setup_helpers.py::test_build_prepare_iteration_mode_runtime_for_run_kwargs_impl_includes_dependency_module_map PASSED [ 42%]
tests/detailtests/test_iteration_orchestration_helpers.py::test_prepare_iteration_mode_runtime_impl_applies_visual_override_then_builds_runners PASSED [ 42%]
tests/detailtests/test_iteration_orchestration_helpers.py::test_run_iteration_pipeline_orchestration_impl_wires_prepare_and_dispatch PASSED [ 42%]
tests/detailtests/test_iteration_orchestration_helpers.py::test_build_prepare_run_locals_for_run_call_kwargs_impl_returns_copy PASSED [ 42%]
tests/detailtests/test_iteration_orchestration_helpers.py::test_build_run_iteration_pipeline_orchestration_kwargs_for_run_impl_returns_copy PASSED [ 43%]
tests/detailtests/test_iteration_orchestration_helpers.py::test_build_ensure_conversion_runtime_dependencies_kwargs_impl_returns_copy PASSED [ 43%]
tests/detailtests/test_iteration_orchestration_helpers.py::test_build_run_iteration_pipeline_dispatch_kwargs_impl_returns_copy PASSED [ 43%]
tests/detailtests/test_iteration_orchestration_helpers.py::test_execute_ensure_conversion_runtime_dependencies_impl_delegates_runner PASSED [ 43%]
tests/detailtests/test_iteration_orchestration_helpers.py::test_execute_run_iteration_pipeline_dispatch_impl_delegates_builder_then_runner PASSED [ 43%]
tests/detailtests/test_iteration_orchestration_helpers.py::test_execute_prepare_run_locals_for_run_impl_delegates_builder_then_runner PASSED [ 43%]
tests/detailtests/test_iteration_orchestration_helpers.py::test_execute_run_iteration_pipeline_orchestration_for_run_impl_delegates_builder_then_runner PASSED [ 43%]
tests/detailtests/test_iteration_orchestration_helpers.py::test_run_iteration_pipeline_via_orchestration_for_run_impl_delegates_executor PASSED [ 43%]
tests/detailtests/test_iteration_orchestration_helpers.py::test_build_run_iteration_pipeline_via_orchestration_call_kwargs_impl_returns_copy PASSED [ 44%]
tests/detailtests/test_iteration_orchestration_helpers.py::test_execute_run_iteration_pipeline_via_orchestration_impl_delegates_executor PASSED [ 44%]
tests/detailtests/test_iteration_orchestration_helpers.py::test_build_run_iteration_pipeline_via_orchestration_for_run_call_kwargs_impl_returns_copy PASSED [ 44%]
tests/detailtests/test_iteration_orchestration_helpers.py::test_build_run_iteration_pipeline_from_inputs_via_orchestration_kwargs_impl_returns_copy PASSED [ 44%]
tests/detailtests/test_iteration_orchestration_helpers.py::test_run_iteration_pipeline_from_inputs_via_orchestration_impl_delegates_builder_then_runner PASSED [ 44%]
tests/detailtests/test_iteration_orchestration_helpers.py::test_build_run_iteration_pipeline_from_inputs_via_orchestration_call_kwargs_impl_returns_copy PASSED [ 44%]
tests/detailtests/test_iteration_orchestration_helpers.py::test_execute_run_iteration_pipeline_from_inputs_via_orchestration_impl_delegates_runner PASSED [ 44%]
tests/detailtests/test_iteration_orchestration_helpers.py::test_run_iteration_pipeline_from_inputs_via_orchestration_for_run_impl_delegates_executor PASSED [ 44%]
tests/detailtests/test_iteration_orchestration_helpers.py::test_build_run_iteration_pipeline_from_inputs_via_orchestration_for_run_call_kwargs_impl_returns_copy PASSED [ 44%]
tests/detailtests/test_iteration_orchestration_helpers.py::test_execute_run_iteration_pipeline_from_inputs_via_orchestration_for_run_impl_delegates_runner PASSED [ 45%]
tests/detailtests/test_iteration_orchestration_helpers.py::test_run_iteration_pipeline_from_inputs_via_orchestration_for_run_call_impl_delegates_builder_then_executor PASSED [ 45%]
tests/detailtests/test_iteration_pipeline_helpers.py::test_build_run_iteration_pipeline_orchestration_kwargs_for_run_from_inputs_impl_delegates_mapping_and_execution PASSED [ 45%]
tests/detailtests/test_iteration_pipeline_helpers.py::test_run_iteration_pipeline_impl_delegates_orchestration_wiring PASSED [ 45%]
tests/detailtests/test_iteration_pipeline_helpers.py::test_build_run_iteration_pipeline_from_inputs_via_orchestration_for_run_call_kwargs_impl_returns_copy PASSED [ 45%]
tests/detailtests/test_iteration_pipeline_helpers.py::test_build_run_iteration_pipeline_from_inputs_via_orchestration_for_run_from_inputs_dispatch_call_kwargs_impl_returns_copy PASSED [ 45%]
tests/detailtests/test_iteration_pipeline_helpers.py::test_build_run_iteration_pipeline_orchestration_kwargs_for_run_call_kwargs_impl_returns_copy PASSED [ 45%]
tests/detailtests/test_iteration_pipeline_helpers.py::test_build_run_iteration_pipeline_from_inputs_via_orchestration_kwargs_for_run_call_kwargs_impl_returns_copy PASSED [ 45%]
tests/detailtests/test_iteration_pipeline_helpers.py::test_build_run_iteration_pipeline_from_inputs_via_orchestration_for_run_call_kwargs_for_run_impl_returns_copy PASSED [ 46%]
tests/detailtests/test_iteration_pipeline_helpers.py::test_build_run_iteration_pipeline_orchestration_call_kwargs_impl_returns_copy PASSED [ 46%]
tests/detailtests/test_iteration_pipeline_helpers.py::test_build_run_iteration_pipeline_from_inputs_via_orchestration_call_kwargs_impl_returns_copy PASSED [ 46%]
tests/detailtests/test_iteration_pipeline_helpers.py::test_execute_build_run_iteration_pipeline_orchestration_kwargs_for_run_impl_delegates_builder PASSED [ 46%]
tests/detailtests/test_iteration_pipeline_helpers.py::test_execute_run_iteration_pipeline_from_inputs_via_orchestration_kwargs_builder_for_run_impl_delegates_builder PASSED [ 46%]
tests/detailtests/test_iteration_pipeline_helpers.py::test_run_iteration_pipeline_orchestration_kwargs_for_run_impl_delegates_executor PASSED [ 46%]
tests/detailtests/test_iteration_pipeline_helpers.py::test_run_iteration_pipeline_orchestration_kwargs_for_run_call_impl_delegates_builder_then_executor PASSED [ 46%]
tests/detailtests/test_iteration_pipeline_helpers.py::test_build_run_iteration_pipeline_orchestration_kwargs_for_run_call_kwargs_for_run_impl_builds_call_kwargs PASSED [ 46%]
tests/detailtests/test_iteration_pipeline_helpers.py::test_run_iteration_pipeline_orchestration_kwargs_for_run_call_sequence_for_run_impl_delegates_builder_then_executor PASSED [ 47%]
tests/detailtests/test_iteration_pipeline_helpers.py::test_build_run_iteration_pipeline_from_inputs_via_orchestration_kwargs_for_run_impl_delegates_mapping_and_builder_execution PASSED [ 47%]
tests/detailtests/test_iteration_pipeline_helpers.py::test_build_run_iteration_pipeline_from_inputs_via_orchestration_kwargs_for_run_call_kwargs_for_run_impl_builds_call_kwargs PASSED [ 47%]
tests/detailtests/test_iteration_pipeline_helpers.py::test_run_iteration_pipeline_from_inputs_via_orchestration_kwargs_for_run_sequence_for_run_impl_delegates_builder_then_executor PASSED [ 47%]
tests/detailtests/test_iteration_pipeline_helpers.py::test_build_run_iteration_pipeline_from_inputs_via_orchestration_kwargs_for_run_from_inputs_kwargs_impl_returns_copy PASSED [ 47%]
tests/detailtests/test_iteration_pipeline_helpers.py::test_run_iteration_pipeline_from_inputs_via_orchestration_kwargs_for_run_from_inputs_impl_delegates_builder_then_runner PASSED [ 47%]
tests/detailtests/test_iteration_pipeline_helpers.py::test_build_run_iteration_pipeline_from_inputs_via_orchestration_kwargs_for_run_from_inputs_call_kwargs_impl_returns_copy PASSED [ 47%]
tests/detailtests/test_iteration_pipeline_helpers.py::test_run_iteration_pipeline_from_inputs_via_orchestration_kwargs_for_run_from_inputs_call_impl_delegates_builder_then_runner PASSED [ 47%]
tests/detailtests/test_iteration_pipeline_helpers.py::test_execute_run_iteration_pipeline_from_inputs_via_orchestration_for_run_call_impl_delegates_builder_then_runner PASSED [ 48%]
tests/detailtests/test_iteration_pipeline_helpers.py::test_run_iteration_pipeline_from_inputs_via_orchestration_for_run_call_for_run_impl_delegates_executor PASSED [ 48%]
tests/detailtests/test_iteration_pipeline_helpers.py::test_run_iteration_pipeline_from_inputs_via_orchestration_for_run_call_for_run_kwargs_impl_delegates_builder PASSED [ 48%]
tests/detailtests/test_iteration_pipeline_helpers.py::test_build_run_iteration_pipeline_from_inputs_via_orchestration_for_run_call_for_run_call_kwargs_impl_returns_copy PASSED [ 48%]
tests/detailtests/test_iteration_pipeline_helpers.py::test_build_run_iteration_pipeline_from_inputs_via_orchestration_for_run_call_for_run_call_kwargs_for_run_impl_returns_mapping PASSED [ 48%]
tests/detailtests/test_iteration_pipeline_helpers.py::test_run_iteration_pipeline_from_inputs_via_orchestration_for_run_call_for_run_call_impl_delegates_builder_then_runner PASSED [ 48%]
tests/detailtests/test_iteration_pipeline_helpers.py::test_run_iteration_pipeline_from_inputs_via_orchestration_for_run_call_for_run_call_call_kwargs_for_run_impl_builds_call_kwargs PASSED [ 48%]
tests/detailtests/test_iteration_pipeline_helpers.py::test_run_iteration_pipeline_from_inputs_via_orchestration_for_run_call_for_run_call_call_sequence_for_run_impl_delegates_runner PASSED [ 48%]
tests/detailtests/test_iteration_pipeline_helpers.py::test_run_iteration_pipeline_from_inputs_via_orchestration_for_run_call_for_run_call_for_run_impl_delegates_builder_then_runner PASSED [ 49%]
tests/detailtests/test_iteration_pipeline_helpers.py::test_run_iteration_pipeline_from_inputs_via_orchestration_kwargs_for_run_call_impl_delegates_builder PASSED [ 49%]
tests/detailtests/test_iteration_pipeline_helpers.py::test_build_run_iteration_pipeline_from_inputs_via_orchestration_for_run_from_inputs_call_kwargs_impl_delegates_builder PASSED [ 49%]
tests/detailtests/test_iteration_pipeline_helpers.py::test_run_iteration_pipeline_from_inputs_via_orchestration_for_run_from_inputs_call_impl_delegates_builder_then_runner PASSED [ 49%]
tests/detailtests/test_iteration_pipeline_helpers.py::test_build_run_iteration_pipeline_from_inputs_via_orchestration_kwargs_for_run_from_inputs_call_for_run_impl_delegates_sequence PASSED [ 49%]
tests/detailtests/test_iteration_pipeline_helpers.py::test_run_iteration_pipeline_from_inputs_via_orchestration_for_run_from_inputs_call_call_kwargs_for_run_impl_delegates_builder PASSED [ 49%]
tests/detailtests/test_iteration_pipeline_helpers.py::test_run_iteration_pipeline_from_inputs_via_orchestration_for_run_from_inputs_call_call_sequence_for_run_impl_delegates_runner PASSED [ 49%]
tests/detailtests/test_iteration_pipeline_helpers.py::test_build_run_iteration_pipeline_from_inputs_via_orchestration_for_run_from_inputs_call_for_run_call_kwargs_impl_returns_copy PASSED [ 49%]
tests/detailtests/test_iteration_pipeline_helpers.py::test_build_run_iteration_pipeline_from_inputs_via_orchestration_for_run_from_inputs_call_for_run_call_kwargs_for_run_impl_returns_copy PASSED [ 50%]
tests/detailtests/test_iteration_pipeline_helpers.py::test_build_run_iteration_pipeline_from_inputs_via_orchestration_for_run_from_inputs_call_for_run_kwargs_impl_returns_copy PASSED [ 50%]
tests/detailtests/test_iteration_pipeline_helpers.py::test_build_run_iteration_pipeline_from_inputs_via_orchestration_for_run_from_inputs_call_for_run_kwargs_for_run_impl_delegates_wiring PASSED [ 50%]
tests/detailtests/test_iteration_pipeline_helpers.py::test_build_run_iteration_pipeline_from_inputs_via_orchestration_for_run_from_inputs_call_for_run_call_for_run_kwargs_impl_delegates_wiring PASSED [ 50%]
tests/detailtests/test_iteration_pipeline_helpers.py::test_run_iteration_pipeline_from_inputs_via_orchestration_for_run_from_inputs_call_for_run_impl_delegates_builder_then_runner PASSED [ 50%]
tests/detailtests/test_iteration_pipeline_helpers.py::test_run_iteration_pipeline_from_inputs_via_orchestration_for_run_from_inputs_call_for_run_call_for_run_impl_delegates_builder_then_runner PASSED [ 50%]
tests/detailtests/test_iteration_pipeline_helpers.py::test_build_run_iteration_pipeline_from_inputs_via_orchestration_for_run_from_inputs_dispatch_kwargs_impl_returns_copy PASSED [ 50%]
tests/detailtests/test_iteration_pipeline_helpers.py::test_build_run_iteration_pipeline_from_inputs_via_orchestration_for_run_from_inputs_dispatch_kwargs_for_run_impl_delegates_wiring PASSED [ 50%]
tests/detailtests/test_iteration_pipeline_helpers.py::test_run_iteration_pipeline_from_inputs_via_orchestration_for_run_from_inputs_dispatch_impl_delegates_builder_then_runner PASSED [ 50%]
tests/detailtests/test_iteration_pipeline_helpers.py::test_build_run_iteration_pipeline_from_inputs_via_orchestration_for_run_from_inputs_dispatch_call_kwargs_for_run_impl_delegates_wiring PASSED [ 51%]
tests/detailtests/test_iteration_pipeline_helpers.py::test_build_run_iteration_pipeline_from_inputs_via_orchestration_for_run_from_inputs_dispatch_call_for_run_kwargs_impl_delegates_sequence PASSED [ 51%]
tests/detailtests/test_iteration_pipeline_helpers.py::test_build_run_iteration_pipeline_from_inputs_via_orchestration_for_run_from_inputs_dispatch_call_for_run_call_kwargs_impl_returns_copy PASSED [ 51%]
tests/detailtests/test_iteration_pipeline_helpers.py::test_build_run_iteration_pipeline_from_inputs_via_orchestration_for_run_from_inputs_dispatch_call_for_run_call_kwargs_for_run_impl_delegates_builder PASSED [ 51%]
tests/detailtests/test_iteration_pipeline_helpers.py::test_run_iteration_pipeline_from_inputs_via_orchestration_for_run_from_inputs_dispatch_call_for_run_impl_delegates_dispatch_runner PASSED [ 51%]
tests/detailtests/test_iteration_pipeline_helpers.py::test_build_run_iteration_pipeline_impl_orchestration_call_kwargs_for_run_impl_returns_copy PASSED [ 51%]
tests/detailtests/test_iteration_pipeline_helpers.py::test_build_run_iteration_pipeline_from_inputs_via_orchestration_for_run_from_inputs_dispatch_call_for_run_from_inputs_kwargs_impl_returns_copy PASSED [ 51%]
tests/detailtests/test_iteration_pipeline_helpers.py::test_build_run_iteration_pipeline_impl_from_inputs_dispatch_call_kwargs_for_run_impl_returns_copy PASSED [ 51%]
tests/detailtests/test_iteration_pipeline_helpers.py::test_build_run_iteration_pipeline_from_inputs_via_orchestration_for_run_from_inputs_dispatch_call_for_run_from_inputs_kwargs_for_run_impl_delegates_builder PASSED [ 52%]
tests/detailtests/test_iteration_pipeline_helpers.py::test_build_run_iteration_pipeline_impl_from_inputs_dispatch_call_for_run_call_kwargs_impl_returns_copy PASSED [ 52%]
tests/detailtests/test_iteration_pipeline_helpers.py::test_build_run_iteration_pipeline_impl_from_inputs_dispatch_call_for_run_dispatch_call_builder_kwargs_impl_returns_copy PASSED [ 52%]
tests/detailtests/test_iteration_pipeline_helpers.py::test_build_run_iteration_pipeline_impl_orchestration_call_for_run_kwargs_impl_returns_copy PASSED [ 52%]
tests/detailtests/test_iteration_pipeline_helpers.py::test_build_run_iteration_pipeline_impl_orchestration_dispatch_kwargs_impl_returns_copy PASSED [ 52%]
tests/detailtests/test_iteration_pipeline_helpers.py::test_build_run_iteration_pipeline_impl_orchestration_dispatch_for_run_kwargs_impl_returns_copy PASSED [ 52%]
tests/detailtests/test_iteration_pipeline_helpers.py::test_run_iteration_pipeline_impl_orchestration_call_for_run_impl_delegates_builder_then_runner PASSED [ 52%]
tests/detailtests/test_iteration_pipeline_helpers.py::test_run_iteration_pipeline_impl_orchestration_dispatch_for_run_impl_delegates_builder_then_runner PASSED [ 52%]
tests/detailtests/test_iteration_pipeline_helpers.py::test_run_iteration_pipeline_impl_orchestration_dispatch_resolution_for_run_impl_builds_call_kwargs PASSED [ 53%]
tests/detailtests/test_iteration_pipeline_helpers.py::test_run_iteration_pipeline_impl_orchestration_dispatch_call_for_run_kwargs_for_run_impl_builds_mapping PASSED [ 53%]
tests/detailtests/test_iteration_pipeline_helpers.py::test_run_iteration_pipeline_impl_orchestration_dispatch_for_run_call_sequence_for_run_impl_delegates_runner PASSED [ 53%]
tests/detailtests/test_iteration_pipeline_helpers.py::test_build_run_iteration_pipeline_impl_from_inputs_dispatch_call_for_run_dispatch_call_builder_kwargs_for_run_impl_delegates_builder PASSED [ 53%]
tests/detailtests/test_iteration_pipeline_helpers.py::test_build_run_iteration_pipeline_impl_from_inputs_dispatch_call_for_run_dispatch_call_kwargs_impl_returns_copy PASSED [ 53%]
tests/detailtests/test_iteration_pipeline_helpers.py::test_build_run_iteration_pipeline_impl_from_inputs_dispatch_call_for_run_dispatch_call_kwargs_for_run_impl_delegates_builder PASSED [ 53%]
tests/detailtests/test_iteration_pipeline_helpers.py::test_build_run_iteration_pipeline_impl_from_inputs_dispatch_call_for_run_call_runner_kwargs_impl_returns_copy PASSED [ 53%]
tests/detailtests/test_iteration_pipeline_helpers.py::test_build_run_iteration_pipeline_impl_from_inputs_dispatch_call_for_run_call_runner_for_run_kwargs_impl_returns_copy PASSED [ 53%]
tests/detailtests/test_iteration_pipeline_helpers.py::test_build_run_iteration_pipeline_impl_from_inputs_dispatch_call_for_run_call_runner_for_run_kwargs_for_run_impl_delegates_builder PASSED [ 54%]
tests/detailtests/test_iteration_pipeline_helpers.py::test_run_iteration_pipeline_impl_from_inputs_dispatch_call_for_run_call_for_run_impl_delegates_runner PASSED [ 54%]
tests/detailtests/test_iteration_pipeline_helpers.py::test_run_iteration_pipeline_impl_from_inputs_dispatch_call_for_run_call_runner_for_run_impl_delegates_builder_then_runner PASSED [ 54%]
tests/detailtests/test_iteration_pipeline_helpers.py::test_run_iteration_pipeline_impl_from_inputs_dispatch_call_for_run_call_runner_sequence_for_run_impl_delegates_builder_then_runner PASSED [ 54%]
tests/detailtests/test_iteration_pipeline_helpers.py::test_run_iteration_pipeline_impl_from_inputs_dispatch_call_for_run_call_runner_kwargs_for_run_impl_builds_nested_runner_kwargs PASSED [ 54%]
tests/detailtests/test_iteration_pipeline_helpers.py::test_run_iteration_pipeline_impl_from_inputs_dispatch_call_for_run_dispatch_call_builder_for_run_impl_delegates_builder PASSED [ 54%]
tests/detailtests/test_iteration_pipeline_helpers.py::test_run_iteration_pipeline_impl_from_inputs_dispatch_call_for_run_dispatch_call_for_run_impl_delegates_builder PASSED [ 54%]
tests/detailtests/test_iteration_pipeline_helpers.py::test_run_iteration_pipeline_impl_from_inputs_dispatch_call_for_run_dispatch_call_sequence_for_run_impl_delegates_builder_then_dispatch_call PASSED [ 54%]
tests/detailtests/test_iteration_pipeline_helpers.py::test_run_iteration_pipeline_impl_from_inputs_dispatch_call_for_run_dispatch_and_runner_for_run_impl_delegates_sequence PASSED [ 55%]
tests/detailtests/test_iteration_pipeline_helpers.py::test_run_iteration_pipeline_impl_from_inputs_dispatch_call_for_run_dispatch_and_runner_kwargs_for_run_impl_builds_nested_kwargs PASSED [ 55%]
tests/detailtests/test_iteration_pipeline_helpers.py::test_run_iteration_pipeline_impl_from_inputs_dispatch_call_for_run_dispatch_and_runner_sequence_for_run_impl_delegates_dispatch_sequence PASSED [ 55%]
tests/detailtests/test_iteration_pipeline_helpers.py::test_run_iteration_pipeline_impl_from_inputs_dispatch_call_for_run_impl_delegates_builder_then_runner PASSED [ 55%]
tests/detailtests/test_iteration_pipeline_helpers.py::test_run_iteration_pipeline_impl_from_inputs_dispatch_call_for_run_kwargs_for_run_impl_delegates_dispatch_builder PASSED [ 55%]
tests/detailtests/test_iteration_pipeline_helpers.py::test_run_iteration_pipeline_impl_from_inputs_dispatch_call_for_run_sequence_for_run_impl_delegates_final_sequence PASSED [ 55%]
tests/detailtests/test_iteration_pipeline_helpers.py::test_run_iteration_pipeline_impl_from_inputs_dispatch_call_for_run_final_sequence_for_run_impl_delegates_runner_sequence PASSED [ 55%]
tests/detailtests/test_iteration_pipeline_helpers.py::test_run_iteration_pipeline_impl_orchestration_dispatch_kwargs_for_run_impl_builds_nested_dispatch_kwargs PASSED [ 55%]
tests/detailtests/test_iteration_pipeline_helpers.py::test_build_run_iteration_pipeline_impl_orchestration_dispatch_for_run_call_kwargs_impl_returns_copy PASSED [ 55%]
tests/detailtests/test_iteration_pipeline_helpers.py::test_run_iteration_pipeline_impl_orchestration_dispatch_for_run_call_for_run_impl_delegates_builder_then_runner PASSED [ 56%]
tests/detailtests/test_iteration_pipeline_helpers.py::test_build_run_iteration_pipeline_impl_orchestration_dispatch_for_run_call_for_run_kwargs_impl_returns_copy PASSED [ 56%]
tests/detailtests/test_iteration_pipeline_helpers.py::test_run_iteration_pipeline_impl_orchestration_dispatch_for_run_call_sequence_for_run_impl_delegates_builder_then_runner PASSED [ 56%]
tests/detailtests/test_iteration_pipeline_helpers.py::test_build_run_iteration_pipeline_impl_from_inputs_dispatch_call_for_run_call_kwargs_for_run_impl_delegates_builder PASSED [ 56%]
tests/detailtests/test_iteration_pipeline_helpers.py::test_run_iteration_pipeline_impl_from_inputs_dispatch_call_for_run_sequence_for_run_impl_delegates_builder_then_runner PASSED [ 56%]
tests/detailtests/test_iteration_pipeline_helpers.py::test_build_run_iteration_pipeline_impl_from_inputs_dispatch_call_sequence_for_run_kwargs_impl_returns_copy PASSED [ 56%]
tests/detailtests/test_iteration_pipeline_helpers.py::test_run_iteration_pipeline_impl_from_inputs_dispatch_call_sequence_for_run_impl_delegates_builder_then_runner PASSED [ 56%]
tests/detailtests/test_iteration_pipeline_helpers.py::test_run_iteration_pipeline_impl_from_inputs_dispatch_call_sequence_for_run_call_kwargs_for_run_impl_builds_mapping PASSED [ 56%]
tests/detailtests/test_iteration_pipeline_helpers.py::test_run_iteration_pipeline_impl_from_inputs_dispatch_call_sequence_for_run_call_sequence_for_run_impl_delegates_runner PASSED [ 57%]
tests/detailtests/test_iteration_pipeline_helpers.py::test_build_run_iteration_pipeline_impl_from_inputs_dispatch_call_for_run_call_for_run_kwargs_impl_returns_copy PASSED [ 57%]
tests/detailtests/test_iteration_pipeline_helpers.py::test_run_iteration_pipeline_impl_from_inputs_dispatch_call_for_run_call_sequence_for_run_impl_delegates_builder_then_runner PASSED [ 57%]
tests/detailtests/test_iteration_pipeline_helpers.py::test_build_run_iteration_pipeline_impl_orchestration_kwargs_for_run_call_sequence_for_run_kwargs_impl_returns_copy PASSED [ 57%]
tests/detailtests/test_iteration_pipeline_helpers.py::test_run_iteration_pipeline_impl_orchestration_kwargs_for_run_call_sequence_for_run_impl_delegates_builder_then_runner PASSED [ 57%]
tests/detailtests/test_iteration_pipeline_helpers.py::test_build_run_iteration_pipeline_impl_from_inputs_dispatch_call_sequence_input_kwargs_for_run_impl_delegates_builder PASSED [ 57%]
tests/detailtests/test_iteration_pipeline_helpers.py::test_build_run_iteration_pipeline_impl_from_inputs_dispatch_call_sequence_for_run_input_kwargs_for_run_impl_wraps_builder_result PASSED [ 57%]
tests/detailtests/test_iteration_pipeline_helpers.py::test_build_run_iteration_pipeline_impl_from_inputs_dispatch_call_sequence_for_run_call_kwargs_for_run_impl_builds_sequence_kwargs PASSED [ 57%]
tests/detailtests/test_iteration_pipeline_helpers.py::test_build_run_iteration_pipeline_impl_from_inputs_dispatch_call_sequence_call_kwargs_for_run_impl_wraps_sequence_call PASSED [ 58%]
tests/detailtests/test_iteration_pipeline_helpers.py::test_build_run_iteration_pipeline_impl_from_inputs_dispatch_call_sequence_call_for_run_call_kwargs_impl_returns_copy PASSED [ 58%]
tests/detailtests/test_iteration_pipeline_helpers.py::test_build_run_iteration_pipeline_impl_from_inputs_dispatch_call_sequence_call_for_run_call_kwargs_for_run_impl_wraps_sequence_call PASSED [ 58%]
tests/detailtests/test_iteration_pipeline_helpers.py::test_run_iteration_pipeline_impl_from_inputs_dispatch_call_sequence_call_for_run_call_for_run_impl_delegates_builder_then_runner PASSED [ 58%]
tests/detailtests/test_iteration_pipeline_helpers.py::test_run_iteration_pipeline_impl_from_inputs_dispatch_call_sequence_call_for_run_impl_executes_with_built_kwargs PASSED [ 58%]
tests/detailtests/test_iteration_preparation_helpers.py::test_prepare_iteration_inputs_impl_builds_iteration_context PASSED [ 58%]
tests/detailtests/test_iteration_preparation_helpers.py::test_prepare_iteration_inputs_impl_returns_none_for_missing_description_non_semantic_badge PASSED [ 58%]
tests/detailtests/test_iteration_run_preparation_helpers.py::test_build_prepare_iteration_input_runtime_for_run_kwargs_impl_maps_all_fields PASSED [ 58%]
tests/detailtests/test_iteration_run_preparation_helpers.py::test_build_prepare_iteration_runtime_callbacks_for_run_kwargs_impl_maps_all_fields PASSED [ 59%]
tests/detailtests/test_iteration_run_preparation_helpers.py::test_prepare_iteration_input_runtime_for_run_impl_returns_none_when_inputs_missing PASSED [ 59%]
tests/detailtests/test_iteration_run_preparation_helpers.py::test_prepare_iteration_runtime_callbacks_for_run_impl_wires_extraction_sequence PASSED [ 59%]
tests/detailtests/test_iteration_run_preparation_helpers.py::test_prepare_run_iteration_pipeline_locals_impl_merges_all_runtime_sections PASSED [ 59%]
tests/detailtests/test_iteration_run_preparation_helpers.py::test_build_prepare_run_iteration_pipeline_locals_kwargs_impl_maps_all_fields PASSED [ 59%]
tests/detailtests/test_iteration_run_preparation_helpers.py::test_build_prepare_run_iteration_pipeline_locals_kwargs_for_run_impl_builds_nested_context PASSED [ 59%]
tests/detailtests/test_iteration_run_preparation_helpers.py::test_prepare_run_iteration_pipeline_locals_for_run_impl_delegates_builder_then_prepare PASSED [ 59%]
tests/detailtests/test_iteration_run_preparation_helpers.py::test_build_prepare_run_iteration_pipeline_locals_for_run_call_kwargs_impl_returns_run_call_mapping PASSED [ 59%]
tests/detailtests/test_iteration_runtime_helpers.py::test_build_iteration_artifact_callbacks_impl_wires_validation_log_writer PASSED [ 60%]
tests/detailtests/test_iteration_runtime_helpers.py::test_build_iteration_artifact_callbacks_impl_wires_attempt_artifacts_with_dimensions PASSED [ 60%]
tests/detailtests/test_iteration_runtime_helpers.py::test_build_iteration_artifact_callbacks_impl_wires_render_failure_logger PASSED [ 60%]
tests/detailtests/test_iteration_setup_helpers.py::test_ensure_iteration_output_dirs_impl_creates_all_expected_dirs PASSED [ 60%]
tests/detailtests/test_iteration_setup_helpers.py::test_build_iteration_base_and_log_path_impl_formats_log_name PASSED [ 60%]
tests/detailtests/test_iteration_setup_helpers.py::test_emit_iteration_description_header_impl_prints_description_and_fallback_elements PASSED [ 60%]
tests/detailtests/test_legacy_api_vtracer_helpers.py::test_convert_image_svg_falls_back_to_failed_prefix PASSED [ 60%]
tests/detailtests/test_legacy_api_vtracer_helpers.py::test_try_vectorize_with_vtracer_opt_in PASSED [ 60%]
tests/detailtests/test_local_completion_checks_tool.py::test_local_completion_checks_drift_warning_is_advisory_by_default PASSED [ 61%]
tests/detailtests/test_local_completion_checks_tool.py::test_local_completion_checks_required_drift_warning_remains_fatal PASSED [ 61%]
tests/detailtests/test_local_completion_checks_tool.py::test_run_test_evidence_records_pass_summary PASSED [ 61%]
tests/detailtests/test_local_completion_checks_tool.py::test_run_test_evidence_records_fail_summary PASSED [ 61%]
tests/detailtests/test_local_completion_checks_tool.py::test_run_test_evidence_records_explicit_identity_metadata PASSED [ 61%]
tests/detailtests/test_local_completion_checks_tool.py::test_run_test_evidence_marks_expected_failure_as_met PASSED [ 61%]
tests/detailtests/test_local_completion_checks_tool.py::test_run_test_evidence_marks_unexpected_success_as_unmet PASSED [ 61%]
tests/detailtests/test_local_completion_checks_tool.py::test_run_test_evidence_marks_wrong_failure_code_as_unmet PASSED [ 61%]
tests/detailtests/test_local_completion_checks_tool.py::test_run_test_evidence_rejects_invalid_expected_exit PASSED [ 61%]
tests/detailtests/test_local_completion_checks_tool.py::test_aggregate_test_evidence_uses_completion_profile_for_overall_pass PASSED [ 62%]
tests/detailtests/test_local_completion_checks_tool.py::test_aggregate_test_evidence_creates_task_for_failed_completion PASSED [ 62%]
tests/detailtests/test_local_completion_checks_tool.py::test_ac08_success_metrics_gate_passes_for_complete_green_metrics PASSED [ 62%]
tests/detailtests/test_local_completion_checks_tool.py::test_ac08_success_metrics_gate_fails_for_regression_criterion PASSED [ 62%]
tests/detailtests/test_local_completion_checks_tool.py::test_release_candidate_gate_records_blockers_and_accepted_exceptions PASSED [ 62%]
tests/detailtests/test_local_completion_checks_tool.py::test_release_candidate_gate_fails_unaccepted_blocker PASSED [ 62%]
tests/detailtests/test_local_completion_checks_tool.py::test_release_candidate_gate_discards_stale_metrics_before_smoke PASSED [ 62%]
tests/detailtests/test_local_completion_checks_tool.py::test_release_candidate_gate_propagates_paths_to_segmented_smoke PASSED [ 62%]
tests/detailtests/test_local_completion_checks_tool.py::test_release_candidate_gate_help_documents_hard_gate_controls PASSED [ 63%]
tests/detailtests/test_local_completion_checks_tool.py::test_segmented_ac08_smoke_withholds_aggregation_when_one_variant_fails PASSED [ 63%]
tests/detailtests/test_local_completion_checks_tool.py::test_segmented_ac08_smoke_rejects_exit_zero_without_expected_iteration_row PASSED [ 63%]
tests/detailtests/test_local_completion_checks_tool.py::test_segmented_ac08_smoke_runs_aggregation_after_all_segments_pass PASSED [ 63%]
tests/detailtests/test_local_completion_checks_tool.py::test_finalize_ac08_segmented_run_requires_every_fixed_variant PASSED [ 63%]
tests/detailtests/test_local_completion_checks_tool.py::test_finalize_ac08_segmented_run_rejects_marker_without_expected_iteration_row PASSED [ 63%]
tests/detailtests/test_local_completion_checks_tool.py::test_finalize_ac08_segmented_run_writes_empty_optional_quality_report PASSED [ 63%]
tests/detailtests/test_local_completion_checks_tool.py::test_finalize_ac08_segmented_run_merges_complete_artifact_chain PASSED [ 63%]
tests/detailtests/test_mask_metrics_helpers.py::test_iou_impl_returns_overlap_ratio PASSED [ 64%]
tests/detailtests/test_multi_objective_prototype_tool.py::test_evaluate_prototype_applies_semantic_penalty_from_logs PASSED [ 64%]
tests/detailtests/test_non_composite_runtime_helpers.py::test_structured_symbol_svg_can_fit_single_diagonal_top_left_plus PASSED [ 64%]
tests/detailtests/test_non_composite_runtime_helpers.py::test_symbol_params_detect_glyph_geometry_from_raster PASSED [ 64%]
tests/detailtests/test_non_composite_runtime_helpers.py::test_symbol_params_estimate_dark_glyph_color_from_top_left_raster PASSED [ 64%]
tests/detailtests/test_non_composite_runtime_helpers.py::test_candidate_window_can_avoid_boundary_escape_for_glyph_pose PASSED [ 64%]
tests/detailtests/test_non_composite_runtime_helpers.py::test_run_non_composite_iteration_impl_manual_review_plan_b_uses_sample_svg PASSED [ 64%]
tests/detailtests/test_non_composite_runtime_helpers.py::test_run_non_composite_iteration_impl_manual_review_uses_iterative_symbol_fit PASSED [ 64%]
tests/detailtests/test_non_composite_runtime_helpers.py::test_run_non_composite_iteration_impl_manual_review_writes_skip_log PASSED [ 65%]
tests/detailtests/test_non_composite_runtime_helpers.py::test_run_non_composite_iteration_impl_manual_review_uses_gradient_stripe_plan_b PASSED [ 65%]
tests/detailtests/test_non_composite_runtime_helpers.py::test_run_non_composite_iteration_impl_gradient_stripe_returns_iteration_tuple PASSED [ 65%]
tests/detailtests/test_non_composite_runtime_helpers.py::test_run_non_composite_iteration_impl_prefers_sample_svg_when_better PASSED [ 65%]
tests/detailtests/test_non_composite_runtime_helpers.py::test_run_non_composite_iteration_impl_keeps_algorithmic_svg_when_sample_error_is_worse PASSED [ 65%]
tests/detailtests/test_non_composite_runtime_helpers.py::test_run_non_composite_iteration_impl_prefers_documented_reference_sample_over_exact_alias PASSED [ 65%]
tests/detailtests/test_non_composite_runtime_helpers.py::test_run_non_composite_iteration_impl_keeps_vector_placeholder_when_non_forced_sample_render_fails PASSED [ 65%]
tests/detailtests/test_non_composite_runtime_helpers.py::test_run_non_composite_iteration_impl_prefers_perception_seeded_geometry_ir PASSED [ 65%]
tests/detailtests/test_non_composite_runtime_helpers.py::test_run_non_composite_iteration_impl_vector_placeholder_has_no_embedded_image PASSED [ 66%]
tests/detailtests/test_non_composite_runtime_helpers.py::test_run_non_composite_iteration_impl_uses_same_root_sample_svg_when_exact_missing PASSED [ 66%]
tests/detailtests/test_non_composite_runtime_helpers.py::test_run_non_composite_iteration_impl_uses_root_sample_svg_without_size_suffix PASSED [ 66%]
tests/detailtests/test_non_composite_runtime_helpers.py::test_run_non_composite_iteration_impl_uses_plain_root_sample_when_size_variant_missing PASSED [ 66%]
tests/detailtests/test_non_composite_runtime_helpers.py::test_run_non_composite_iteration_impl_uses_own_size_sample_for_base_without_size_suffix PASSED [ 66%]
tests/detailtests/test_non_composite_runtime_helpers.py::test_try_load_sample_svg_does_not_fallback_to_standalone_size_suffix_file PASSED [ 66%]
tests/detailtests/test_non_composite_runtime_helpers.py::test_run_non_composite_iteration_impl_rejects_sample_without_sufficient_gain PASSED [ 66%]
tests/detailtests/test_non_composite_runtime_helpers.py::test_extract_reference_family_from_description PASSED [ 66%]
tests/detailtests/test_non_composite_runtime_helpers.py::test_run_non_composite_iteration_impl_does_not_force_sample_for_known_problem_variant PASSED [ 66%]
tests/detailtests/test_non_composite_runtime_helpers.py::test_try_load_sample_svg_prefers_reference_family_from_description PASSED [ 67%]
tests/detailtests/test_non_composite_runtime_helpers.py::test_try_load_sample_svg_prefers_ac0100_documented_reference_over_exact_family PASSED [ 67%]
tests/detailtests/test_non_composite_runtime_helpers.py::test_run_non_composite_iteration_impl_ac0100_size_variant_keeps_algorithmic_result_when_sample_error_is_higher PASSED [ 67%]
tests/detailtests/test_non_composite_runtime_helpers.py::test_run_non_composite_iteration_impl_ac0100_keeps_description_algorithm_even_when_sample_error_is_lower PASSED [ 67%]
tests/detailtests/test_non_composite_runtime_helpers.py::test_try_load_sample_svg_auto_converts_inkscape_file PASSED [ 67%]
tests/detailtests/test_non_composite_runtime_helpers.py::test_try_load_sample_svg_does_not_rewrite_non_inkscape_svg PASSED [ 67%]
tests/detailtests/test_non_composite_runtime_helpers.py::test_run_non_composite_iteration_impl_uses_description_geometry_ir_for_ac0150_like_shape PASSED [ 67%]
tests/detailtests/test_non_composite_runtime_helpers.py::test_run_non_composite_iteration_impl_uses_description_geometry_ir_for_ac0160_like_shape PASSED [ 67%]
tests/detailtests/test_non_composite_runtime_helpers.py::test_run_non_composite_iteration_impl_uses_description_geometry_ir_for_ac0201_compressor PASSED [ 68%]
tests/detailtests/test_non_composite_runtime_helpers.py::test_run_non_composite_iteration_impl_uses_description_geometry_ir_for_ac0202_compressor PASSED [ 68%]
tests/detailtests/test_non_composite_runtime_helpers.py::test_run_non_composite_iteration_impl_uses_description_geometry_ir_for_ac0203_mirrored_compressor PASSED [ 68%]
tests/detailtests/test_non_composite_runtime_helpers.py::test_run_non_composite_iteration_impl_uses_description_geometry_ir_for_ac0204_identical_reference PASSED [ 68%]
tests/detailtests/test_non_composite_runtime_helpers.py::test_run_non_composite_iteration_impl_uses_description_geometry_ir_for_ac0211_typo_upward_compressor PASSED [ 68%]
tests/detailtests/test_non_composite_runtime_helpers.py::test_run_non_composite_iteration_impl_uses_description_geometry_ir_for_ac0222_grey_background_upward_compressor PASSED [ 68%]
tests/detailtests/test_non_composite_runtime_helpers.py::test_run_non_composite_iteration_impl_uses_description_geometry_ir_for_ac0221_top_kelle_three_way_valve PASSED [ 68%]
tests/detailtests/test_non_composite_runtime_helpers.py::test_run_non_composite_iteration_impl_uses_description_geometry_ir_for_ac0232_left_rotated_m_top_kelle_three_way_valve PASSED [ 68%]
tests/detailtests/test_non_composite_runtime_helpers.py::test_run_non_composite_iteration_impl_uses_description_geometry_ir_for_ac0233_180_rotated_m_top_kelle_three_way_valve PASSED [ 69%]
tests/detailtests/test_non_composite_runtime_helpers.py::test_ac0224_sia_variant_restores_compact_crossed_square_handle_profile PASSED [ 69%]
tests/detailtests/test_non_composite_runtime_helpers.py::test_run_non_composite_iteration_impl_uses_description_geometry_ir_for_ac0224_right_rotated_top_kelle_three_way_valve PASSED [ 69%]
tests/detailtests/test_non_composite_runtime_helpers.py::test_run_non_composite_iteration_impl_uses_description_geometry_ir_for_ac0212_vertical_two_way_valve_motor PASSED [ 69%]
tests/detailtests/test_non_composite_runtime_helpers.py::test_run_non_composite_iteration_impl_uses_description_geometry_ir_for_ac0213_left_rotated_two_way_valve_motor PASSED [ 69%]
tests/detailtests/test_non_composite_runtime_helpers.py::test_run_non_composite_iteration_impl_uses_description_geometry_ir_for_ac0214_180_rotated_two_way_valve_motor PASSED [ 69%]
tests/detailtests/test_non_composite_runtime_helpers.py::test_ac0224_sia_prefers_semantic_geometry_and_uses_crossed_square PASSED [ 69%]
tests/detailtests/test_non_composite_runtime_helpers.py::test_symbol_fit_keeps_description_declared_top_left_glyph_in_top_region PASSED [ 69%]
tests/detailtests/test_non_composite_runtime_helpers.py::test_symbol_fit_honors_declared_diagonal_and_center_dot_without_inventing_glyphs PASSED [ 70%]
tests/detailtests/test_non_composite_runtime_helpers.py::test_symbol_fit_renders_description_declared_right_chevron_without_inventing_diagonals PASSED [ 70%]
tests/detailtests/test_non_composite_runtime_helpers.py::test_symbol_fit_rotates_declared_diagonal_for_quarter_turn_variant PASSED [ 70%]
tests/detailtests/test_non_composite_runtime_helpers.py::test_symbol_raster_estimation_ignores_bright_frame_for_gradient_midpoint PASSED [ 70%]
tests/detailtests/test_non_composite_runtime_helpers.py::test_symbol_raster_estimation_preserves_bgr_source_colors_for_svg PASSED [ 70%]
tests/detailtests/test_nonconvertable_move_helpers.py::test_move_nonconvertable_sources_moves_failed_files PASSED [ 70%]
tests/detailtests/test_optimization_element_alignment_helpers.py::test_estimate_vertical_stem_from_mask_returns_center_and_width PASSED [ 70%]
tests/detailtests/test_optimization_element_alignment_helpers.py::test_apply_element_alignment_step_updates_stem_geometry PASSED [ 70%]
tests/detailtests/test_optimization_element_search_helpers.py::test_render_candidate_mask_and_score PASSED [ 71%]
tests/detailtests/test_optimization_element_search_helpers.py::test_optimize_element_impl_improves_score PASSED [ 71%]
tests/detailtests/test_optimization_element_search_helpers.py::test_random_neighbor_impl_uses_factory PASSED [ 71%]
tests/detailtests/test_optimization_facade_helpers.py::test_build_default_optimization_hooks_returns_expected_bundle PASSED [ 71%]
tests/detailtests/test_optimization_pass_helpers.py::test_select_open_quality_cases_filters_and_orders_descending PASSED [ 71%]
tests/detailtests/test_optimization_pass_helpers.py::test_compute_successful_conversions_error_threshold_uses_mean_plus_two_sigma PASSED [ 71%]
tests/detailtests/test_optimization_pass_reporting_helpers.py::test_quality_pass_prefers_lower_spatial_score_over_lower_mean_alone PASSED [ 71%]
tests/detailtests/test_optimization_pass_reporting_helpers.py::test_quality_pass_accepts_better_distributed_difference_pattern PASSED [ 71%]
tests/detailtests/test_optimization_quantization_helpers.py::test_enforce_circle_connector_symmetry_vertical_arm_aligns_to_circle_axis PASSED [ 72%]
tests/detailtests/test_optimization_quantization_helpers.py::test_quantize_badge_params_snaps_and_clamps_values PASSED [ 72%]
tests/detailtests/test_output_paths_helpers.py::test_default_converted_symbols_root_impl_resolves_repo_relative_path PASSED [ 72%]
tests/detailtests/test_output_paths_helpers.py::test_output_subdir_helpers_use_expected_folder_names PASSED [ 72%]
tests/detailtests/test_overview_tiles_helpers.py::test_has_valid_png_structure_accepts_valid_png PASSED [ 72%]
tests/detailtests/test_overview_tiles_helpers.py::test_has_valid_png_structure_rejects_bad_crc PASSED [ 72%]
tests/detailtests/test_perception_geometry_helpers.py::test_looks_like_elongated_foreground_rect_impl_detects_wide_bar PASSED [ 72%]
tests/detailtests/test_perception_geometry_helpers.py::test_looks_like_elongated_foreground_rect_impl_rejects_compact_blob PASSED [ 72%]
tests/detailtests/test_perception_reflection_reference_inheritance.py::test_parse_description_inherits_dual_arrow_mode_from_wie_reference PASSED [ 72%]
tests/detailtests/test_perception_reflection_reference_inheritance.py::test_parse_description_breaks_reference_cycles_without_crashing PASSED [ 73%]
tests/detailtests/test_policy_phase_helpers.py::test_policy_phase_keeps_geometry_when_chain_wins PASSED [ 73%]
tests/detailtests/test_policy_phase_helpers.py::test_policy_phase_lets_sample_win_after_geometry_comparison PASSED [ 73%]
tests/detailtests/test_policy_phase_helpers.py::test_policy_phase_guard_blocks_only_after_geometry_result_is_logged PASSED [ 73%]
tests/detailtests/test_quality_config_helpers.py::test_svg_href_mime_type_defaults_to_octet_stream PASSED [ 73%]
tests/detailtests/test_quality_config_helpers.py::test_render_embedded_raster_svg_uses_sniffed_size PASSED [ 73%]
tests/detailtests/test_quality_config_helpers.py::test_load_and_write_quality_config_roundtrip PASSED [ 73%]
tests/detailtests/test_quality_config_helpers.py::test_load_quality_config_handles_invalid_payload PASSED [ 73%]
tests/detailtests/test_quality_config_helpers.py::test_write_quality_config_preserves_early_abort_tuning PASSED [ 74%]
tests/detailtests/test_quality_pass_policy_helpers.py::test_ac0811_focused_batch_skips_blanket_quality_retry PASSED [ 74%]
tests/detailtests/test_quality_pass_policy_helpers.py::test_non_ac0811_single_base_keeps_one_refinement_pass PASSED [ 74%]
tests/detailtests/test_quality_pass_policy_helpers.py::test_quality_pass_policy_env_override_wins PASSED [ 74%]
tests/detailtests/test_quality_pass_policy_helpers.py::test_base_names_from_filenames_uses_converter_base_parser PASSED [ 74%]
tests/detailtests/test_quality_pass_policy_helpers.py::test_multi_base_batch_keeps_one_refinement_pass_by_default PASSED [ 74%]
tests/detailtests/test_quality_threshold_helpers.py::test_resolve_allowed_error_uses_successful_threshold_by_default PASSED [ 74%]
tests/detailtests/test_quality_threshold_helpers.py::test_resolve_allowed_error_falls_back_to_initial_and_manual_override PASSED [ 74%]
tests/detailtests/test_ranking_helpers.py::test_write_pixel_delta2_ranking_writes_expected_reports PASSED [ 75%]
tests/detailtests/test_remaining_geometry_helpers.py::test_looks_like_elongated_foreground_rect_detects_wide_bar PASSED [ 75%]
tests/detailtests/test_remaining_geometry_helpers.py::test_looks_like_elongated_foreground_rect_rejects_compact_blob PASSED [ 75%]
tests/detailtests/test_render_dispatch_helpers.py::test_render_svg_to_numpy_returns_subprocess_result_when_available PASSED [ 75%]
tests/detailtests/test_render_dispatch_helpers.py::test_render_svg_to_numpy_skips_inprocess_fallback_during_pytest_when_unpatched PASSED [ 75%]
tests/detailtests/test_render_dispatch_helpers.py::test_render_svg_to_numpy_reuses_cached_render_result PASSED [ 75%]
tests/detailtests/test_render_dispatch_helpers.py::test_render_svg_to_numpy_uses_inprocess_for_implicit_pytest_simple_svg PASSED [ 75%]
tests/detailtests/test_satisfactory_regression_battery_helpers.py::test_reconverted_svg_path_falls_back_to_bestlist_snapshot PASSED [ 75%]
tests/detailtests/test_satisfactory_regression_battery_helpers.py::test_reconverted_svg_path_prefers_final_converted_svg PASSED [ 76%]
tests/detailtests/test_satisfactory_regression_battery_helpers.py::test_require_reconverted_svg_path_returns_fallback_path PASSED [ 76%]
tests/detailtests/test_satisfactory_regression_battery_helpers.py::test_require_reconverted_svg_path_reports_available_outputs PASSED [ 76%]
tests/detailtests/test_semantic_ac0050_helpers.py::test_default_ac0050_geometry_stays_inside_canvas PASSED [ 76%]
tests/detailtests/test_semantic_ac0050_helpers.py::test_generate_svg_contains_expected_core_primitives PASSED [ 76%]
tests/detailtests/test_semantic_ac0050_helpers.py::test_measure_and_draw_detects_dual_stems_and_samples_colors PASSED [ 76%]
tests/detailtests/test_semantic_ac0050_helpers.py::test_measurement_generalizes_to_scaled_variants[40-140-6.0-34.0-130.0-10.0] PASSED [ 76%]
tests/detailtests/test_semantic_ac0050_helpers.py::test_measurement_generalizes_to_scaled_variants[80-220-14.0-66.0-195.0-16.0] PASSED [ 76%]
tests/detailtests/test_semantic_ac0050_helpers.py::test_iterative_refinement_improves_projection_error PASSED [ 77%]
tests/detailtests/test_semantic_ac0050_helpers.py::test_iterative_refinement_can_optimize_colors PASSED [ 77%]
tests/detailtests/test_semantic_ac0811_helpers.py::test_fit_ac0811_params_permanently_removes_locks PASSED [ 77%]
tests/detailtests/test_semantic_ac08_family_helpers.py::test_tune_left_connector_family_applies_expected_guards PASSED [ 77%]
tests/detailtests/test_semantic_ac08_family_helpers.py::test_tune_right_connector_family_skips_non_target_symbols PASSED [ 77%]
tests/detailtests/test_semantic_ac08_family_helpers.py::test_tune_vertical_connector_family_sets_text_and_stem_defaults PASSED [ 77%]
tests/detailtests/test_semantic_ac08_family_helpers.py::test_tune_vertical_connector_family_treats_ac0838_as_top_arm_variant PASSED [ 77%]
tests/detailtests/test_semantic_ac08_family_helpers.py::test_tune_circle_text_family_applies_voc_bounds_for_small_badges PASSED [ 77%]
tests/detailtests/test_semantic_ac08_params_helpers.py::test_make_ac08_badge_params_returns_none_for_unknown_name PASSED [ 77%]
tests/detailtests/test_semantic_ac08_params_helpers.py::test_make_ac08_badge_params_uses_vertical_voc_fit_for_ac0836 PASSED [ 78%]
tests/detailtests/test_semantic_ac08_params_helpers.py::test_make_ac08_badge_params_uses_top_vertical_voc_fit_for_ac0838 PASSED [ 78%]
tests/detailtests/test_semantic_ac08_params_helpers.py::test_make_ac08_badge_params_applies_rf_text_mode_for_ac0842 PASSED [ 78%]
tests/detailtests/test_semantic_ac08_params_helpers.py::test_make_ac08_badge_params_applies_rf_text_mode_for_ac0862 PASSED [ 78%]
tests/detailtests/test_semantic_ar0100_params_helpers.py::test_build_ar0100_badge_params_scales_geometry_and_centers_glyph_bbox PASSED [ 78%]
tests/detailtests/test_semantic_audit_bootstrap_helpers.py::test_build_pending_semantic_audit_row_impl_returns_none_when_base_not_targeted PASSED [ 78%]
tests/detailtests/test_semantic_audit_bootstrap_helpers.py::test_build_pending_semantic_audit_row_impl_builds_pending_row PASSED [ 78%]
tests/detailtests/test_semantic_audit_helpers.py::test_collect_description_fragments_keeps_lookup_order PASSED [ 78%]
tests/detailtests/test_semantic_audit_helpers.py::test_collect_description_fragments_skips_duplicate_lookup_keys_and_texts PASSED [ 79%]
tests/detailtests/test_semantic_audit_logging_helpers.py::test_build_semantic_audit_log_lines_empty_for_none PASSED [ 79%]
tests/detailtests/test_semantic_audit_logging_helpers.py::test_build_semantic_audit_log_lines_includes_mismatch_reason_when_requested PASSED [ 79%]
tests/detailtests/test_semantic_audit_runtime_helpers.py::test_should_create_semantic_audit_for_base_name_impl_normalizes_variant_suffix PASSED [ 79%]
tests/detailtests/test_semantic_audit_runtime_helpers.py::test_build_semantic_audit_record_kwargs_impl_collects_semantic_fields PASSED [ 79%]
tests/detailtests/test_semantic_badge_geometry_helpers.py::test_rotate_semantic_badge_clockwise_rotates_circle_and_arm_points PASSED [ 79%]
tests/detailtests/test_semantic_badge_geometry_helpers.py::test_glyph_bbox_prefers_t_bounds_for_path_t_mode PASSED [ 79%]
tests/detailtests/test_semantic_badge_geometry_helpers.py::test_center_glyph_bbox_sets_tx_ty_for_centered_label PASSED [ 79%]
tests/detailtests/test_semantic_badge_geometry_helpers.py::test_align_stem_to_circle_center_reanchors_stem_geometry PASSED [ 80%]
tests/detailtests/test_semantic_badge_geometry_helpers.py::test_align_stem_to_circle_center_keeps_non_stem_badges_unchanged PASSED [ 80%]
tests/detailtests/test_semantic_badge_runtime_helpers.py::test_run_semantic_badge_iteration_impl_returns_none_for_semantic_mismatch PASSED [ 80%]
tests/detailtests/test_semantic_badge_runtime_helpers.py::test_run_semantic_badge_iteration_impl_finalizes_semantic_ok PASSED [ 80%]
tests/detailtests/test_semantic_badge_svg_helpers.py::test_generate_badge_svg_impl_renders_co2_with_subscript PASSED [ 80%]
tests/detailtests/test_semantic_badge_svg_helpers.py::test_generate_badge_svg_impl_renders_voc_text PASSED [ 80%]
tests/detailtests/test_semantic_badge_svg_helpers.py::test_generate_badge_svg_impl_strips_stale_connectors_for_ac0835 PASSED [ 80%]
tests/detailtests/test_semantic_badge_svg_helpers.py::test_generate_badge_svg_impl_suppresses_degenerate_arm_probe PASSED [ 80%]
tests/detailtests/test_semantic_badge_svg_helpers.py::test_generate_badge_svg_impl_renders_rf_text PASSED [ 81%]
tests/detailtests/test_semantic_circle_style_helpers.py::test_normalize_light_circle_colors_updates_expected_fields PASSED [ 81%]
tests/detailtests/test_semantic_circle_style_helpers.py::test_normalize_ac08_line_widths_preserves_outer_diameter_when_requested PASSED [ 81%]
tests/detailtests/test_semantic_circle_style_helpers.py::test_estimate_border_background_gray_uses_image_border_median PASSED [ 81%]
tests/detailtests/test_semantic_circle_style_helpers.py::test_estimate_circle_tones_and_stroke_returns_stable_ranges PASSED [ 81%]
tests/detailtests/test_semantic_connector_helpers.py::test_enforce_left_arm_badge_geometry_sets_visible_left_connector PASSED [ 81%]
tests/detailtests/test_semantic_connector_helpers.py::test_enforce_top_stem_badge_geometry_keeps_circle_in_lower_half PASSED [ 81%]
tests/detailtests/test_semantic_connector_helpers.py::test_enforce_semantic_connector_expectation_routes_to_left_and_right_handlers PASSED [ 81%]
tests/detailtests/test_semantic_connector_helpers.py::test_enforce_semantic_connector_expectation_routes_top_stem_family PASSED [ 82%]
tests/detailtests/test_semantic_family_rules_helpers.py::test_apply_semantic_badge_family_rules_supports_ac0842_left_connector PASSED [ 82%]
tests/detailtests/test_semantic_family_rules_helpers.py::test_apply_semantic_badge_family_rules_supports_ac0862_left_connector PASSED [ 82%]
tests/detailtests/test_semantic_family_rules_helpers.py::test_apply_semantic_badge_family_rules_parses_explicit_color_count_override PASSED [ 82%]
tests/detailtests/test_semantic_family_rules_helpers.py::test_apply_semantic_badge_family_rules_supports_ac0844_right_connector PASSED [ 82%]
tests/detailtests/test_semantic_fitting_helpers.py::test_stabilize_semantic_circle_pose_keeps_vertical_connector_text_close_to_template PASSED [ 82%]
tests/detailtests/test_semantic_fitting_helpers.py::test_enforce_directional_circle_side_resets_vertical_badge_when_circle_flips_up PASSED [ 82%]
tests/detailtests/test_semantic_harmonization_helpers.py::test_needs_large_circle_overflow_guard_requires_large_co2_circle_without_connectors PASSED [ 82%]
tests/detailtests/test_semantic_harmonization_helpers.py::test_family_harmonized_badge_colors_boosts_contrast_and_caps_text_stem PASSED [ 83%]
tests/detailtests/test_semantic_harmonization_helpers.py::test_scale_badge_params_enables_overflow_for_large_centered_co2_circle PASSED [ 83%]
tests/detailtests/test_semantic_harmonization_helpers.py::test_harmonize_semantic_size_variants_writes_catalog_and_harmonized_svg PASSED [ 83%]
tests/detailtests/test_semantic_harmonization_helpers.py::test_harmonize_semantic_size_variants_uses_cross_family_prototype_anchor PASSED [ 83%]
tests/detailtests/test_semantic_harmonization_helpers.py::test_harmonize_semantic_size_variants_reports_cross_family_ring_hypothesis_rejected_by_text_topology PASSED [ 83%]
tests/detailtests/test_semantic_harmonization_helpers.py::test_harmonize_semantic_size_variants_reports_cross_family_rotation_hypothesis_confirmed PASSED [ 83%]
tests/detailtests/test_semantic_iteration_finalization_helpers.py::test_finalize_semantic_badge_run_impl_returns_iteration_tuple PASSED [ 83%]
tests/detailtests/test_semantic_iteration_finalization_helpers.py::test_finalize_semantic_badge_run_impl_returns_none_on_failed_finalize PASSED [ 83%]
tests/detailtests/test_semantic_label_helpers.py::test_apply_co2_label_sets_defaults PASSED [ 83%]
tests/detailtests/test_semantic_label_helpers.py::test_co2_layout_caps_width_scale_for_ac0820 PASSED [ 84%]
tests/detailtests/test_semantic_label_helpers.py::test_normalize_centered_co2_label_adjusts_label_metrics PASSED [ 84%]
tests/detailtests/test_semantic_label_helpers.py::test_tune_ac0831_co2_badge_enforces_vertical_cluster_defaults PASSED [ 84%]
tests/detailtests/test_semantic_label_helpers.py::test_tune_ac0834_co2_badge_keeps_tiny_geometry_centered PASSED [ 84%]
tests/detailtests/test_semantic_label_helpers.py::test_default_ac0834_params_impl_delegates_in_sequence PASSED [ 84%]
tests/detailtests/test_semantic_mismatch_reporting_helpers.py::test_build_semantic_connector_debug_line_impl_formats_all_fields PASSED [ 84%]
tests/detailtests/test_semantic_mismatch_reporting_helpers.py::test_build_semantic_mismatch_console_lines_impl_lists_issues_in_order PASSED [ 84%]
tests/detailtests/test_semantic_mismatch_runtime_helpers.py::test_build_semantic_mismatch_outcome_impl_with_audit_row PASSED [ 84%]
tests/detailtests/test_semantic_mismatch_runtime_helpers.py::test_build_semantic_mismatch_outcome_impl_without_audit_row PASSED [ 85%]
tests/detailtests/test_semantic_params_helpers.py::test_make_badge_params_prefers_ar0100_when_available PASSED [ 85%]
tests/detailtests/test_semantic_params_helpers.py::test_make_badge_params_falls_back_to_ac08_when_ar0100_missing PASSED [ 85%]
tests/detailtests/test_semantic_params_helpers.py::test_make_badge_params_supports_ac0862_family_dispatch PASSED [ 85%]
tests/detailtests/test_semantic_params_helpers.py::test_make_badge_params_supports_ac0842_family_dispatch PASSED [ 85%]
tests/detailtests/test_semantic_post_validation_helpers.py::test_prepare_semantic_badge_post_validation_impl_applies_guard_redraw_and_log PASSED [ 85%]
tests/detailtests/test_semantic_quality_flags.py::test_semantic_quality_flags_marks_ac0811_with_high_element_error PASSED [ 85%]
tests/detailtests/test_semantic_quality_flags.py::test_semantic_quality_flags_ignores_non_ac0811_variants PASSED [ 85%]
tests/detailtests/test_semantic_quality_flags.py::test_run_iteration_pipeline_logs_borderline_quality_for_ac0811 PASSED [ 86%]
tests/detailtests/test_semantic_quality_flags.py::test_write_ac08_weak_family_status_report_summarizes_ranked_outliers PASSED [ 86%]
tests/detailtests/test_semantic_quality_flags.py::test_write_ac08_weak_family_status_report_skips_non_ac08_selection PASSED [ 86%]
tests/detailtests/test_semantic_validation_context_helpers.py::test_resolve_semantic_validation_debug_dir_impl_prefers_element_debug_dir PASSED [ 86%]
tests/detailtests/test_semantic_validation_context_helpers.py::test_resolve_semantic_validation_debug_dir_impl_uses_ac0811_fallback PASSED [ 86%]
tests/detailtests/test_semantic_validation_context_helpers.py::test_build_non_composite_gradient_stripe_validation_log_lines_impl_marks_override PASSED [ 86%]
tests/detailtests/test_semantic_validation_finalization_helpers.py::test_append_semantic_connector_expectation_log_impl_appends_guard_for_arm PASSED [ 86%]
tests/detailtests/test_semantic_validation_finalization_helpers.py::test_build_semantic_ok_validation_outcome_impl_updates_audit_and_lines PASSED [ 86%]
tests/detailtests/test_semantic_validation_helpers.py::test_expected_semantic_presence_detects_circle_stem_and_text PASSED [ 87%]
tests/detailtests/test_semantic_validation_helpers.py::test_semantic_presence_mismatches_reports_missing_and_unexpected_items PASSED [ 87%]
tests/detailtests/test_semantic_validation_helpers.py::test_observed_semantic_presence_from_shape_detection_handles_missing_image PASSED [ 87%]
tests/detailtests/test_semantic_validation_logging_helpers.py::test_build_semantic_mismatch_validation_log_lines_impl_contains_expected_fields PASSED [ 87%]
tests/detailtests/test_semantic_validation_logging_helpers.py::test_build_semantic_ok_validation_log_lines_impl_keeps_order PASSED [ 87%]
tests/detailtests/test_semantic_validation_runtime_helpers.py::test_build_semantic_text_mode_validation_log_line_impl_reports_plain_ring PASSED [ 87%]
tests/detailtests/test_semantic_validation_runtime_helpers.py::test_collect_semantic_badge_validation_logs_impl_uses_guard_line_and_round_floor PASSED [ 87%]
tests/detailtests/test_semantic_validation_runtime_helpers.py::test_finalize_semantic_badge_iteration_result_impl_attaches_audit_and_error PASSED [ 87%]
tests/detailtests/test_semantic_validation_runtime_helpers.py::test_finalize_semantic_badge_iteration_result_impl_records_render_failure PASSED [ 88%]
tests/detailtests/test_semantic_visual_override_helpers.py::test_apply_semantic_visual_override_impl_switches_mode_for_gradient_stripe PASSED [ 88%]
tests/detailtests/test_semantic_visual_override_helpers.py::test_apply_semantic_visual_override_impl_keeps_params_when_not_needed PASSED [ 88%]
tests/detailtests/test_successful_conversion_helpers.py::test_parse_successful_conversion_manifest_line_parses_metrics PASSED [ 88%]
tests/detailtests/test_successful_conversion_helpers.py::test_is_candidate_better_prefers_semantic_ok PASSED [ 88%]
tests/detailtests/test_successful_conversion_helpers.py::test_format_manifest_line_keeps_comment_and_appends_metrics PASSED [ 88%]
tests/detailtests/test_successful_conversion_helpers.py::test_store_and_restore_successful_snapshot_roundtrip PASSED [ 88%]
tests/detailtests/test_successful_conversion_helpers.py::test_latest_failed_manifest_entry_prefers_last_relevant_row PASSED [ 88%]
tests/detailtests/test_successful_conversion_helpers.py::test_write_successful_conversion_csv_table_sorts_and_formats PASSED [ 88%]
tests/detailtests/test_successful_conversion_helpers.py::test_successful_conversion_metrics_available_detects_payload_fields PASSED [ 89%]
tests/detailtests/test_successful_conversion_quality_helpers.py::test_load_iteration_log_rows_keys_by_variant PASSED [ 89%]
tests/detailtests/test_successful_conversion_quality_helpers.py::test_find_image_path_by_variant_picks_existing_extension PASSED [ 89%]
tests/detailtests/test_successful_conversion_quality_helpers.py::test_collect_metrics_requires_image_dependencies PASSED [ 89%]
tests/detailtests/test_successful_conversion_quality_helpers.py::test_collect_metrics_reads_status_and_iteration_without_render PASSED [ 89%]
tests/detailtests/test_svg_render_timeout_defaults.py::test_svg_render_subprocess_timeout_defaults_to_five_seconds_under_pytest_context PASSED [ 89%]
tests/detailtests/test_svg_render_timeout_defaults.py::test_svg_render_subprocess_defaults_activate_when_pytest_env_is_inherited PASSED [ 89%]
tests/detailtests/test_svg_render_timeout_defaults.py::test_svg_render_subprocess_inherits_runtime_pythonpath PASSED [ 89%]
tests/detailtests/test_template_transfer_helpers.py::test_valve_geometry_ir_is_description_driven_and_not_template_transferable PASSED [ 90%]
tests/detailtests/test_width_optimization_helpers.py::test_element_width_key_and_bounds_locks_stem_width_by_default PASSED [ 90%]
tests/detailtests/test_width_optimization_helpers.py::test_element_error_for_width_returns_inf_if_element_is_not_supported PASSED [ 90%]
tests/detailtests/test_width_optimization_helpers.py::test_element_width_key_and_bounds_exposes_path_t_scale PASSED [ 90%]
tests/detailtests/test_width_optimization_helpers.py::test_element_width_key_and_bounds_respects_path_t_scale_locks PASSED [ 90%]
tests/test_generate_form_code_inventory.py::test_collect_form_code_hits_detects_runtime_string_literals PASSED [ 90%]
tests/test_generate_form_code_inventory.py::test_collect_form_code_hits_excludes_comments_docstrings_and_help_text PASSED [ 90%]
tests/test_generate_form_code_inventory.py::test_write_inventory_csv_writes_semicolon_delimited_rows PASSED [ 90%]
tests/test_image_composite_converter_element_decomposition.py::test_candidate_to_svg_impl_generates_circle_with_stroke PASSED [ 91%]
tests/test_image_composite_converter_element_decomposition.py::test_estimate_stroke_style_impl_detects_circle_ring PASSED [ 91%]
tests/test_image_composite_converter_naming.py::test_get_base_name_from_file_impl_normalizes_variant_suffixes PASSED [ 91%]
tests/test_image_composite_converter_naming.py::test_get_base_name_from_file_impl_keeps_non_variant_suffixes PASSED [ 91%]
tests/test_no_new_image_id_hardcoding.py::test_runtime_source_adds_no_image_ids_above_migration_baseline PASSED [ 91%]
tests/test_non_composite_sample_candidates.py::test_build_sample_candidates_includes_ac_alias_for_se_code PASSED [ 91%]
tests/test_non_composite_sample_candidates.py::test_build_sample_candidates_includes_se_alias_for_ac_variant PASSED [ 91%]
tests/test_perception_circle_ring_seed.py::test_circle_ring_candidates_expose_circle_background_seed_geometry PASSED [ 91%]
tests/test_perception_circle_ring_seed.py::test_circle_ring_candidate_merges_into_existing_circle_background PASSED [ 92%]
tests/test_perception_circle_ring_seed.py::test_build_circle_seeded_geometry_ir_adds_circle_background_to_description_ir PASSED [ 92%]
tests/test_perception_circle_ring_seed.py::test_run_circle_ring_seed_report_writes_json_report PASSED [ 92%]
tests/test_perception_detection_contract.py::test_contract_serializes_line_circle_and_rectangle_candidates PASSED [ 92%]
tests/test_perception_detection_contract.py::test_run_contract_report_writes_json_report PASSED [ 92%]
tests/test_perception_minus_roi.py::test_description_hint_limits_minus_detection_to_top_center_roi PASSED [ 92%]
tests/test_perception_minus_roi.py::test_real_ac0120_image_emits_horizontal_rule_candidate PASSED [ 92%]
tests/test_perception_minus_roi.py::test_run_minus_roi_report_writes_synthetic_and_real_samples PASSED [ 92%]
tests/test_perception_seed_evaluation.py::test_build_perception_seed_evaluation_record_tracks_metrics PASSED [ 93%]
tests/test_perception_seed_evaluation.py::test_run_perception_seed_evaluation_report_writes_metrics PASSED [ 93%]
tests/test_perception_seeded_geometry_ir.py::test_perception_seeded_geometry_ir_adds_horizontal_rule_before_symbol_fit PASSED [ 93%]
tests/test_perception_seeded_geometry_ir.py::test_perception_seeded_geometry_ir_combines_description_and_circle_seed PASSED [ 93%]
tests/test_perception_seeded_geometry_ir.py::test_run_perception_seeded_geometry_ir_report_writes_json PASSED [ 93%]
tests/test_perception_telemetry_report.py::test_build_perception_telemetry_record_tracks_seed_decision_and_errors PASSED [ 93%]
tests/test_perception_telemetry_report.py::test_run_perception_telemetry_report_writes_json_and_csv PASSED [ 93%]
tests/test_perception_text_glyph_eval.py::test_detect_text_glyph_candidates_matches_m_plus_minus_and_label PASSED [ 93%]
tests/test_perception_text_glyph_eval.py::test_build_text_glyph_evaluation_record_marks_match PASSED [ 94%]
tests/test_perception_text_glyph_eval.py::test_run_text_glyph_evaluation_report_writes_json_and_csv PASSED [ 94%]
tests/test_plan_b_perception_linkage.py::test_plan_b_perception_targets_match_quality_triage PASSED [ 94%]
tests/test_plan_b_perception_linkage.py::test_run_plan_b_perception_linkage_report_writes_json_and_csv PASSED [ 94%]
tests/test_retry_failed_image_conversions.py::test_stem_from_failed_diff_name_supports_diff_suffix PASSED [ 94%]
tests/test_retry_failed_image_conversions.py::test_retry_failed_conversions_creates_embedded_svg PASSED [ 94%]
tests/test_retry_failed_image_conversions.py::test_retry_failed_conversions_accepts_jpg_sources PASSED [ 94%]
tests/test_review_conversion_quality.py::test_normalized_mse_uses_three_channel_rgb_range PASSED [ 94%]
tests/test_review_conversion_quality.py::test_select_plan_b_candidates_prioritizes_failed_success_then_compact_diffs PASSED [ 94%]
tests/test_review_conversion_quality.py::test_write_reports_keeps_candidate_priority_machine_readable PASSED [ 95%]
tests/test_review_conversion_quality.py::test_ac0820_l_committed_svg_preserves_co2_badge_quality PASSED [ 95%]
tests/test_review_conversion_quality.py::test_ac0531_1_s_committed_svg_preserves_flap_primitives_and_quality PASSED [ 95%]
tests/test_review_conversion_quality.py::test_ac0502_1_m_committed_svg_preserves_rotated_flap_quality PASSED [ 95%]
tests/test_review_conversion_quality.py::test_ac0403_1_m_committed_svg_preserves_rotated_pump_quality PASSED [ 95%]
tests/test_review_conversion_quality.py::test_ac0253_1_committed_svg_preserves_rotated_pump_quality PASSED [ 95%]
tests/test_review_conversion_quality.py::test_ac0150_2_committed_svg_preserves_saturated_chevron_quality PASSED [ 95%]
tests/test_review_conversion_quality.py::test_ac0551_1_m_committed_svg_preserves_chevron_quality PASSED [ 95%]
tests/test_review_conversion_quality.py::test_ac0835_l_committed_svg_is_below_review_threshold PASSED [ 96%]
tests/test_review_conversion_quality.py::test_ac0922_s_committed_snapshot_preserves_circle_connector_quality PASSED [ 96%]
tests/test_review_conversion_quality.py::test_ac0414_s_committed_svg_preserves_partitioned_circle_quality PASSED [ 96%]
tests/test_review_conversion_quality.py::test_ac0130_m_committed_svg_preserves_visible_vertical_partition_quality PASSED [ 96%]
tests/test_review_conversion_quality.py::test_ac0130_committed_svg_preserves_full_size_cross_quality PASSED [ 96%]
tests/test_review_conversion_quality.py::test_ac0551_2_m_committed_svg_preserves_chevron_quality PASSED [ 96%]
tests/test_review_conversion_quality.py::test_ac0254_2_committed_svg_preserves_left_rotated_circular_damper_quality PASSED [ 96%]
tests/test_review_conversion_quality.py::test_ac0732_1_s_committed_svg_preserves_right_facing_p_kelle_quality PASSED [ 96%]
tests/test_review_conversion_quality.py::test_ac0732_1_l_committed_svg_preserves_right_facing_p_kelle_quality PASSED [ 97%]
tests/test_review_conversion_quality.py::test_ac0732_1_m_committed_svg_preserves_right_facing_p_kelle_quality PASSED [ 97%]
tests/test_review_conversion_quality.py::test_ac0733_1_l_committed_svg_preserves_horizontal_p_kelle_quality PASSED [ 97%]
tests/test_review_conversion_quality.py::test_ac0733_1_m_committed_svg_preserves_horizontal_p_kelle_quality PASSED [ 97%]
tests/test_review_conversion_quality.py::test_ac0722_1_l_committed_svg_preserves_horizontal_t_kelle_quality PASSED [ 97%]
tests/test_review_conversion_quality.py::test_ac0722_1_s_committed_svg_preserves_small_horizontal_t_kelle_quality PASSED [ 97%]
tests/test_review_conversion_quality.py::test_ac0723_1_s_committed_svg_preserves_vertical_square_t_kelle_quality PASSED [ 97%]
tests/test_review_conversion_quality.py::test_ac0701_1_s_committed_svg_preserves_upright_square_kelle_quality PASSED [ 97%]
tests/test_review_conversion_quality.py::test_ac0845_s_committed_svg_preserves_connector_free_rh_badge_quality PASSED [ 98%]
tests/test_run_catalog_conversion.py::test_selected_images_partitions_supported_catalog_without_overlap PASSED [ 98%]
tests/test_run_catalog_conversion.py::test_completed_variants_reads_resumable_result_csv PASSED [ 98%]
tests/test_run_catalog_conversion.py::test_report_failure_emits_github_error_annotation PASSED [ 98%]
tests/test_run_catalog_conversion.py::test_conversion_environment_prepends_matching_vendor_bundle PASSED [ 98%]
tests/test_run_catalog_conversion.py::test_main_returns_failure_when_a_converter_fails PASSED [ 98%]
tests/test_runtime_image_id_dependency_report.py::test_report_distinguishes_decisions_output_names_and_review_items PASSED [ 98%]
tests/test_runtime_image_id_dependency_report.py::test_cli_writes_machine_readable_report PASSED [ 98%]
tests/test_shape_detection_classification.py::test_classify_triangle PASSED [ 99%]
tests/test_shape_detection_classification.py::test_classify_rectangle PASSED [ 99%]
tests/test_shape_detection_classification.py::test_classify_arrow_non_convex PASSED [ 99%]
tests/test_shape_detection_colors.py::test_detect_primitive_colors_returns_fill_and_stroke PASSED [ 99%]
tests/test_shape_detection_eval.py::test_run_eval_writes_reports PASSED  [ 99%]
tests/test_shape_detection_vertical_lines.py::test_detect_vertical_lines_finds_single_vertical_stroke PASSED [ 99%]
tests/test_shape_detection_vertical_lines.py::test_detect_vertical_lines_rejects_horizontal_line PASSED [ 99%]
tests/test_weak_family_pipeline.py::test_select_top_variants_filters_prefix_and_sorts PASSED [ 99%]
tests/test_weak_family_pipeline.py::test_write_comparison_marks_improvement PASSED [100%]

============================= slowest 20 durations =============================
10.61s call     tests/detailtests/test_local_completion_checks_tool.py::test_release_candidate_gate_propagates_paths_to_segmented_smoke
6.76s call     tests/detailtests/test_local_completion_checks_tool.py::test_release_candidate_gate_discards_stale_metrics_before_smoke
6.51s call     tests/detailtests/test_local_completion_checks_tool.py::test_release_candidate_gate_fails_unaccepted_blocker
6.37s call     tests/detailtests/test_local_completion_checks_tool.py::test_release_candidate_gate_records_blockers_and_accepted_exceptions
5.80s call     tests/detailtests/test_local_completion_checks_tool.py::test_segmented_ac08_smoke_runs_aggregation_after_all_segments_pass
3.85s call     tests/detailtests/test_local_completion_checks_tool.py::test_segmented_ac08_smoke_withholds_aggregation_when_one_variant_fails
1.95s call     tests/detailtests/test_local_completion_checks_tool.py::test_segmented_ac08_smoke_rejects_exit_zero_without_expected_iteration_row
0.76s call     tests/test_review_conversion_quality.py::test_ac0820_l_committed_svg_preserves_co2_badge_quality
0.72s call     tests/test_review_conversion_quality.py::test_ac0732_1_s_committed_svg_preserves_right_facing_p_kelle_quality
0.71s call     tests/detailtests/test_svg_render_timeout_defaults.py::test_svg_render_subprocess_defaults_activate_when_pytest_env_is_inherited
0.71s call     tests/test_review_conversion_quality.py::test_ac0723_1_s_committed_svg_preserves_vertical_square_t_kelle_quality
0.70s call     tests/test_review_conversion_quality.py::test_ac0733_1_m_committed_svg_preserves_horizontal_p_kelle_quality
0.69s call     tests/test_review_conversion_quality.py::test_ac0733_1_l_committed_svg_preserves_horizontal_p_kelle_quality
0.69s call     tests/test_review_conversion_quality.py::test_ac0845_s_committed_svg_preserves_connector_free_rh_badge_quality
0.68s call     tests/test_review_conversion_quality.py::test_ac0130_committed_svg_preserves_full_size_cross_quality
0.68s call     tests/detailtests/test_svg_render_timeout_defaults.py::test_svg_render_subprocess_timeout_defaults_to_five_seconds_under_pytest_context
0.67s call     tests/test_review_conversion_quality.py::test_ac0150_2_committed_svg_preserves_saturated_chevron_quality
0.67s call     tests/test_review_conversion_quality.py::test_ac0732_1_l_committed_svg_preserves_right_facing_p_kelle_quality
0.67s call     tests/test_review_conversion_quality.py::test_ac0732_1_m_committed_svg_preserves_right_facing_p_kelle_quality
0.67s call     tests/test_review_conversion_quality.py::test_ac0701_1_s_committed_svg_preserves_upright_square_kelle_quality
======================== 818 passed in 68.22s (0:01:08) ========================
