variant;filename;status;best_iter;best_error;error_per_pixel;mean_delta2;std_delta2
AC0223_L;AC0223_L.jpg;;1;33.010667;0.00880284;6035.668945;10078.457031
AC0223_L_SIA;AC0223_L_sia.jpg;;1;0.000000;0.00000000;0.000000;0.000000
AC0223_M;AC0223_M.jpg;;1;37.647654;0.02788715;7449.677734;11298.871094
AC0223_M_SIA;AC0223_M_sia.jpg;;1;0.000000;0.00000000;0.000000;0.000000
AC0223_S;AC0223_S.jpg;;1;21.927778;0.03654630;3169.203369;5661.813965
AC0223_S_SIA;AC0223_S_sia.jpg;;1;0.000000;0.00000000;0.000000;0.000000
