variant;filename;status;best_iter;best_error;error_per_pixel;mean_delta2;std_delta2
AC0223_L;AC0223_L.jpg;;1;36.218578;0.00965829;9586.800781;14622.461914
AC0223_L_SIA;AC0223_L_sia.jpg;;1;0.000000;0.00000000;0.000000;0.000000
AC0223_M;AC0223_M.jpg;;1;35.246173;0.02610828;7452.805176;10397.890625
AC0223_M_SIA;AC0223_M_sia.jpg;;1;0.000000;0.00000000;0.000000;0.000000
AC0223_S;AC0223_S.jpg;;1;79.594444;0.13265741;43540.207031;60758.113281
AC0223_S_SIA;AC0223_S_sia.jpg;;1;0.000000;0.00000000;0.000000;0.000000
