variant;filename;status;best_iter;best_error;error_per_pixel;mean_delta2;std_delta2
AC0223_L;AC0223_L.jpg;;1;46.416889;0.01237784;21255.855469;40670.937500
AC0223_L_SIA;AC0223_L_sia.jpg;;1;42.630133;0.01136804;19607.068359;40329.535156
AC0223_M;AC0223_M.jpg;;1;50.191358;0.03717878;20320.408203;39126.980469
AC0223_M_SIA;AC0223_M_sia.jpg;;1;47.190617;0.03495601;20666.183594;39806.691406
AC0223_S;AC0223_S.jpg;;1;51.327778;0.08554630;20522.693359;37680.937500
AC0223_S_SIA;AC0223_S_sia.jpg;;1;45.570000;0.07595000;18891.496094;37965.246094
