image;mean_delta2;std_delta2
AC0223_M.jpg;7977.354980;12837.892578
AC0223_L.jpg;6035.668945;10078.457031
AC0223_S.jpg;3169.203369;5661.813965
