image;mean_delta2;std_delta2
AC0080_L.jpg;1689.604614;5282.123047
AC0080_M.jpg;1151.245728;4075.944580
AC0080_S.jpg;1093.155029;3183.062012
AC0800_L.jpg;0.000000;0.000000
AC0800_M.jpg;0.000000;0.000000
AC0800_S.jpg;0.000000;0.000000
