image;mean_delta2;std_delta2
AC0800_L.jpg;2040.085571;4575.089355
AC0800_M.jpg;1828.935059;3641.132324
AC0800_S.jpg;1602.008911;2854.439941
