image;mean_delta2;std_delta2
AC0223_S.jpg;43540.207031;60758.113281
AC0223_L.jpg;9586.800781;14622.461914
AC0223_M.jpg;7452.805176;10397.890625
