image;mean_delta2;std_delta2
z_201.jpg;108301.085938;28257.943359
