image;mean_delta2;std_delta2
AC0223_L.jpg;21255.855469;40670.937500
AC0223_M_sia.jpg;20666.183594;39806.691406
AC0223_S.jpg;20522.693359;37680.937500
AC0223_M.jpg;20320.408203;39126.980469
AC0223_L_sia.jpg;19607.068359;40329.535156
AC0223_S_sia.jpg;18891.496094;37965.246094
