image;mean_delta2;std_delta2
AC0800_L.jpg;0.000000;0.000000
AC0800_M.jpg;0.000000;0.000000
AC0800_S.jpg;0.000000;0.000000
