pass;filename;old_error_per_pixel;new_error_per_pixel;old_mean_delta2;new_mean_delta2;improved;decision;iteration_budget;badge_validation_rounds
1;AC0800_L.jpg;0.02256543;0.02181481;5420.166504;5093.166504;1;accepted_improvement;129;7
1;AC0800_M.jpg;0.03761250;0.03766250;2343.149902;2348.774902;0;rejected_regression;129;7
1;AC0800_S.jpg;0.04602469;0.04598519;911.706665;914.479980;1;accepted_improvement;129;7
2;AC0800_S.jpg;0.04598519;0.05803457;914.479980;1429.839966;0;rejected_regression;156;9
2;AC0800_M.jpg;0.03761250;0.03766250;2343.149902;2348.774902;0;rejected_regression;156;9
2;AC0800_L.jpg;0.02181481;0.02256543;5093.166504;5420.166504;0;rejected_regression;156;9
