pass;filename;old_error_per_pixel;new_error_per_pixel;old_mean_delta2;new_mean_delta2;improved;decision;iteration_budget;badge_validation_rounds
1;AC0800_S.jpg;0.04594568;0.04598519;912.320007;914.479980;0;rejected_regression;129;7
1;AC0800_M.jpg;0.06289375;0.03766250;5908.282715;2348.774902;1;accepted_improvement;129;7
1;AC0800_L.jpg;0.01351852;0.02256543;2288.939941;5420.166504;0;rejected_regression;129;7
2;AC0800_M.jpg;0.03766250;0.03766250;2348.774902;2348.774902;0;rejected_regression;156;9
2;AC0800_S.jpg;0.04594568;0.04598519;912.320007;914.479980;0;rejected_regression;156;9
2;AC0800_L.jpg;0.01351852;0.02177037;2288.939941;5080.293457;0;rejected_regression;156;9
