pass;filename;old_error_per_pixel;new_error_per_pixel;old_mean_delta2;new_mean_delta2;improved;decision;iteration_budget;badge_validation_rounds
1;AC0820_S.jpg;0.17270123;0.17270123;8415.719727;8415.719727;0;rejected_regression;129;7
1;AC0820_M.jpg;0.06897500;0.06895000;6182.205078;6179.024902;1;accepted_improvement;129;7
1;AC0820_L.jpg;0.04120494;0.04117037;10147.900391;9850.813477;1;accepted_improvement;129;7
2;AC0820_M.jpg;0.06895000;0.06891250;6179.024902;6174.645020;1;accepted_improvement;156;9
2;AC0820_L.jpg;0.04117037;0.04116420;9850.813477;9842.723633;1;accepted_improvement;156;9
2;AC0820_S.jpg;0.17270123;0.17270123;8415.719727;8415.719727;0;rejected_regression;156;9
3;AC0820_L.jpg;0.04116420;0.04116543;9842.723633;9847.226562;0;rejected_regression;185;11
3;AC0820_S.jpg;0.17270123;0.17270123;8415.719727;8415.719727;0;rejected_regression;185;11
3;AC0820_M.jpg;0.06891250;0.06895000;6174.645020;6179.024902;0;rejected_regression;185;11
