pass;filename;old_error_per_pixel;new_error_per_pixel;old_mean_delta2;new_mean_delta2;improved;decision;iteration_budget;badge_validation_rounds
1;AC0820_M.jpg;0.06900625;0.06892500;6185.842285;6175.680176;1;accepted_improvement;129;7
1;AC0820_S.jpg;0.12689383;0.12689383;5472.773438;5472.773438;0;rejected_regression;129;7
1;AC0820_L.jpg;0.02710864;0.02695679;5770.633301;5743.649902;1;accepted_improvement;129;7
2;AC0820_S.jpg;0.12689383;0.12689383;5472.773438;5472.773438;0;rejected_regression;156;9
2;AC0820_L.jpg;0.02695679;0.02711235;5743.649902;5771.223145;0;rejected_regression;156;9
2;AC0820_M.jpg;0.06892500;0.06901250;6175.680176;6185.189941;0;rejected_regression;156;9
