pass;filename;old_error_per_pixel;new_error_per_pixel;old_mean_delta2;new_mean_delta2;improved;decision;iteration_budget;badge_validation_rounds
1;AC0811_L.jpg;0.00456059;0.00429353;625.023987;605.573303;1;accepted_improvement;129;7
1;AC0811_M.jpg;0.01220204;0.01587143;1216.589966;1992.604248;0;rejected_regression;129;7
1;AC0811_S.jpg;0.02479644;0.02479644;1066.456055;1066.456055;0;rejected_regression;129;7
2;AC0811_S.jpg;0.02479644;0.02479644;1066.456055;1066.456055;0;rejected_regression;156;9
2;AC0811_M.jpg;0.01220204;0.01587143;1216.589966;1992.604248;0;rejected_regression;156;9
2;AC0811_L.jpg;0.00429353;0.00465383;605.573303;670.709351;0;rejected_regression;156;9
