filename;donor_variant;rotation_deg;scale;old_error_per_pixel;new_error_per_pixel
AC0832_S.jpg;AC0832_L;0;0.7500;0.05196800;0.04868978
AC0836_M.jpg;AC0831_L;0;0.9440;0.03666735;0.03152653
AC0836_S.jpg;AC0831_L;0;0.8500;0.05696000;0.05516800
