filename;donor_variant;rotation_deg;scale;old_error_per_pixel;new_error_per_pixel
AC0839_M.jpg;AC0839_L;0;0.8000;0.02924490;0.02809592
AC0839_S.jpg;AC0832_L;180;0.6500;0.06576356;0.06521600
AC0835_S.jpg;AC0832_L;180;0.7500;0.12037531;0.12003951
AC0882_S.jpg;AC0882_L;0;0.7080;0.07157333;0.06801067
AC0832_M.jpg;AC0832_L;0;0.8000;0.03496735;0.03174286
