filename;donor_variant;rotation_deg;scale;old_error_per_pixel;new_error_per_pixel
AC0835_L.jpg;AC0839_L;0;1.0000;0.03879936;0.03808256
AC0837_L.jpg;AC0832_L;0;0.9000;0.02186983;0.02177185
AC0837_M.jpg;AC0882_L;0;1.1000;0.03559388;0.03490816
AC0882_M.jpg;AC0882_L;0;0.8000;0.03575714;0.03410204
AC0833_M.jpg;AC0833_L;0;0.9440;0.03342245;0.03269592
AC0836_S.jpg;AC0882_L;270;1.0000;0.06232889;0.05761422
