[INFO] Schreibe Konsolen-Output nach: C:\Users\marku\myCloud\imageConverter\imageCompositeConverter.local.log
[DEBUG] Strukturierte Ablaufspur: artifacts\converted_images\reports\conversion_debug_trace.jsonl
[INFO] Inkrementeller Lauf: 1 unveränderte Konvertierungen wiederverwendet; 1743 Dateien werden neu berechnet. Mit ICC_FORCE_RECONVERT=1 kann eine vollständige Neuberechnung erzwungen werden.
[INFO] GE9031_5M.jpg: Frühe Qualitätsprobe mit 3 Iterationen (Erfolgsbasis=1.000000, Abbruchgrenze=8.000000).
[INFO] Konvertiere GE9031_5M.jpg | Parameter: Iterationen=3, max. Validierungsrunden=8

--- Verarbeite GE9031_5M.jpg ---
Bildbeschreibung: Wie BackBottom: hellgraues Quadrat. . Geometrische Variante: identisch zur Referenz.
Befehl erkannt: Fallback-Modus aktiv (Beschreibung wird ohne expliziten Compositing-Befehl verarbeitet)
  -> Fallback aktiv: elementweise iterative Annäherung aus Rasterbild.
[INFO] Konvertiert GE9031_5M.jpg | Parameter: mode=auto, label=M, variant_name=GE9031_5M | Qualität: Optimierungsfehler/Pixel=0.014889, Mean-Delta²=5622.296875, RGB-RMSE/Kanal=43.290865, Raumscore=13084.093547, beste Composite-Iteration=n/a (direkte/semantische Pipeline), ausgeführt=3/3 | Dauer=0.8s
[INFO] Konvertiere GE9031_5M.jpg | Parameter: Iterationen=64, max. Validierungsrunden=8

--- Verarbeite GE9031_5M.jpg ---
Bildbeschreibung: Wie BackBottom: hellgraues Quadrat. . Geometrische Variante: identisch zur Referenz.
Befehl erkannt: Fallback-Modus aktiv (Beschreibung wird ohne expliziten Compositing-Befehl verarbeitet)
  -> Fallback aktiv: elementweise iterative Annäherung aus Rasterbild.
[INFO] Konvertiert GE9031_5M.jpg | Parameter: mode=auto, label=M, variant_name=GE9031_5M | Qualität: Optimierungsfehler/Pixel=0.014874, Mean-Delta²=5629.262695, RGB-RMSE/Kanal=43.317674, Raumscore=13037.974543, beste Composite-Iteration=n/a (direkte/semantische Pipeline), ausgeführt=64/64 | Dauer=0.3s
[INFO] AC0203.jpg: Frühe Qualitätsprobe mit 3 Iterationen (Erfolgsbasis=1.000000, Abbruchgrenze=8.000000).
[INFO] Konvertiere AC0203.jpg | Parameter: Iterationen=3, max. Validierungsrunden=8

--- Verarbeite AC0203.jpg ---
Bildbeschreibung: Wie AC0202: Kompressor grau nach rechts. Geometrische Variante: Hauptdiagonal gespiegelt.
Befehl erkannt: Fallback-Modus aktiv (Beschreibung wird ohne expliziten Compositing-Befehl verarbeitet)
  -> Fallback aktiv: elementweise iterative Annäherung aus Rasterbild.
[WARN] AC0203.jpg: Differenzbild-Fehlerpixel sind nicht zufällig verteilt; Variante bleibt für einen Qualitäts-Nachbesserungslauf geöffnet (upper_quartile_error_pixels_form_large_connected_component; largest_cluster_fraction=0.954849, localized_error_fraction=0.516380).
[INFO] Konvertiert AC0203.jpg | Parameter: mode=auto, label=M, variant_name=AC0203 | Qualität: Optimierungsfehler/Pixel=0.006428, Mean-Delta²=2530.610352, RGB-RMSE/Kanal=29.043705, Raumscore=6136.925169, beste Composite-Iteration=n/a (direkte/semantische Pipeline), ausgeführt=3/3 | Dauer=1.6s
[INFO] Konvertiere AC0203.jpg | Parameter: Iterationen=64, max. Validierungsrunden=8

--- Verarbeite AC0203.jpg ---
Bildbeschreibung: Wie AC0202: Kompressor grau nach rechts. Geometrische Variante: Hauptdiagonal gespiegelt.
Befehl erkannt: Fallback-Modus aktiv (Beschreibung wird ohne expliziten Compositing-Befehl verarbeitet)
  -> Fallback aktiv: elementweise iterative Annäherung aus Rasterbild.
[WARN] AC0203.jpg: Differenzbild-Fehlerpixel sind nicht zufällig verteilt; Variante bleibt für einen Qualitäts-Nachbesserungslauf geöffnet (upper_quartile_error_pixels_form_large_connected_component; largest_cluster_fraction=0.954849, localized_error_fraction=0.516380).
[INFO] Konvertiert AC0203.jpg | Parameter: mode=auto, label=M, variant_name=AC0203 | Qualität: Optimierungsfehler/Pixel=0.006365, Mean-Delta²=2530.610352, RGB-RMSE/Kanal=29.043705, Raumscore=6136.925169, beste Composite-Iteration=n/a (direkte/semantische Pipeline), ausgeführt=64/64 | Dauer=1.5s
[INFO] AC0552_L.jpg: Frühe Qualitätsprobe mit 3 Iterationen (Erfolgsbasis=1.000000, Abbruchgrenze=8.000000).
[INFO] Konvertiere AC0552_L.jpg | Parameter: Iterationen=3, max. Validierungsrunden=8

--- Verarbeite AC0552_L.jpg ---
Bildbeschreibung: Wie AC0551: Wie AC0150. Geometrische Variante: 90° nach rechts gedreht.
Befehl erkannt: Fallback-Modus aktiv (Beschreibung wird ohne expliziten Compositing-Befehl verarbeitet)
  -> Fallback aktiv: verwende gerahmtes Farbuebergang-Panel aus Rasterfarben.
[WARN] AC0552_L.jpg: Differenzbild-Fehlerpixel sind nicht zufällig verteilt; Variante bleibt für einen Qualitäts-Nachbesserungslauf geöffnet (upper_quartile_error_pixels_form_large_connected_component; largest_cluster_fraction=0.944575, localized_error_fraction=0.795455).
[INFO] Konvertiert AC0552_L.jpg | Parameter: mode=auto, label=M, variant_name=AC0552_L | Qualität: Optimierungsfehler/Pixel=0.006740, Mean-Delta²=2682.469727, RGB-RMSE/Kanal=29.902451, Raumscore=8446.251141, beste Composite-Iteration=n/a (direkte/semantische Pipeline), ausgeführt=3/3 | Dauer=0.2s
[INFO] Konvertiere AC0552_L.jpg | Parameter: Iterationen=64, max. Validierungsrunden=8

--- Verarbeite AC0552_L.jpg ---
Bildbeschreibung: Wie AC0551: Wie AC0150. Geometrische Variante: 90° nach rechts gedreht.
Befehl erkannt: Fallback-Modus aktiv (Beschreibung wird ohne expliziten Compositing-Befehl verarbeitet)
  -> Fallback aktiv: verwende gerahmtes Farbuebergang-Panel aus Rasterfarben.
[WARN] AC0552_L.jpg: Differenzbild-Fehlerpixel sind nicht zufällig verteilt; Variante bleibt für einen Qualitäts-Nachbesserungslauf geöffnet (upper_quartile_error_pixels_form_large_connected_component; largest_cluster_fraction=0.944575, localized_error_fraction=0.795455).
[INFO] Konvertiert AC0552_L.jpg | Parameter: mode=auto, label=M, variant_name=AC0552_L | Qualität: Optimierungsfehler/Pixel=0.006767, Mean-Delta²=2682.469727, RGB-RMSE/Kanal=29.902451, Raumscore=8446.251141, beste Composite-Iteration=n/a (direkte/semantische Pipeline), ausgeführt=64/64 | Dauer=0.2s
[INFO] GE0023_1_M.jpg: Frühe Qualitätsprobe mit 3 Iterationen (Erfolgsbasis=1.000000, Abbruchgrenze=8.000000).
[INFO] Konvertiere GE0023_1_M.jpg | Parameter: Iterationen=3, max. Validierungsrunden=8

--- Verarbeite GE0023_1_M.jpg ---
Bildbeschreibung: Wie GE0021: Dicker Pfeil nach oben vor blaugrauem Hintergrund. Hintergrund GE0999. Geometrische Variante: 180° gedreht.
Befehl erkannt: Fallback-Modus aktiv (Beschreibung wird ohne expliziten Compositing-Befehl verarbeitet)
  -> Fallback aktiv: elementweise iterative Annäherung aus Rasterbild.
[INFO] Konvertiert GE0023_1_M.jpg | Parameter: mode=auto, label=M, variant_name=GE0023_1_M | Qualität: Optimierungsfehler/Pixel=0.006649, Mean-Delta²=2832.005859, RGB-RMSE/Kanal=30.724615, Raumscore=4514.400322, beste Composite-Iteration=n/a (direkte/semantische Pipeline), ausgeführt=3/3 | Dauer=0.5s
[INFO] Konvertiere GE0023_1_M.jpg | Parameter: Iterationen=64, max. Validierungsrunden=8

--- Verarbeite GE0023_1_M.jpg ---
Bildbeschreibung: Wie GE0021: Dicker Pfeil nach oben vor blaugrauem Hintergrund. Hintergrund GE0999. Geometrische Variante: 180° gedreht.
Befehl erkannt: Fallback-Modus aktiv (Beschreibung wird ohne expliziten Compositing-Befehl verarbeitet)
  -> Fallback aktiv: elementweise iterative Annäherung aus Rasterbild.
[INFO] Konvertiert GE0023_1_M.jpg | Parameter: mode=auto, label=M, variant_name=GE0023_1_M | Qualität: Optimierungsfehler/Pixel=0.006620, Mean-Delta²=2807.984619, RGB-RMSE/Kanal=30.594033, Raumscore=4449.966519, beste Composite-Iteration=n/a (direkte/semantische Pipeline), ausgeführt=64/64 | Dauer=0.2s
[INFO] GE9031_3S.jpg: Frühe Qualitätsprobe mit 3 Iterationen (Erfolgsbasis=1.000000, Abbruchgrenze=8.000000).
[INFO] Konvertiere GE9031_3S.jpg | Parameter: Iterationen=3, max. Validierungsrunden=8

--- Verarbeite GE9031_3S.jpg ---
Bildbeschreibung: Wie BackBottom: hellgraues Quadrat. . Geometrische Variante: identisch zur Referenz.
Befehl erkannt: Fallback-Modus aktiv (Beschreibung wird ohne expliziten Compositing-Befehl verarbeitet)
  -> Fallback aktiv: elementweise iterative Annäherung aus Rasterbild.
[WARN] GE9031_3S.jpg: Differenzbild-Fehlerpixel sind nicht zufällig verteilt; Variante bleibt für einen Qualitäts-Nachbesserungslauf geöffnet (error_energy_concentrated_in_worst_tiles; largest_cluster_fraction=0.250000, localized_error_fraction=0.793467).
[INFO] Konvertiert GE9031_3S.jpg | Parameter: mode=auto, label=M, variant_name=GE9031_3S | Qualität: Optimierungsfehler/Pixel=0.045458, Mean-Delta²=3446.344971, RGB-RMSE/Kanal=33.893682, Raumscore=9461.561515, beste Composite-Iteration=n/a (direkte/semantische Pipeline), ausgeführt=3/3 | Dauer=0.5s
[INFO] Konvertiere GE9031_3S.jpg | Parameter: Iterationen=64, max. Validierungsrunden=8

--- Verarbeite GE9031_3S.jpg ---
Bildbeschreibung: Wie BackBottom: hellgraues Quadrat. . Geometrische Variante: identisch zur Referenz.
Befehl erkannt: Fallback-Modus aktiv (Beschreibung wird ohne expliziten Compositing-Befehl verarbeitet)
  -> Fallback aktiv: elementweise iterative Annäherung aus Rasterbild.
[WARN] GE9031_3S.jpg: Differenzbild-Fehlerpixel sind nicht zufällig verteilt; Variante bleibt für einen Qualitäts-Nachbesserungslauf geöffnet (error_energy_concentrated_in_worst_tiles; largest_cluster_fraction=0.261905, localized_error_fraction=0.800110).
[INFO] Konvertiert GE9031_3S.jpg | Parameter: mode=auto, label=M, variant_name=GE9031_3S | Qualität: Optimierungsfehler/Pixel=0.045150, Mean-Delta²=3412.814941, RGB-RMSE/Kanal=33.728400, Raumscore=9435.377454, beste Composite-Iteration=n/a (direkte/semantische Pipeline), ausgeführt=64/64 | Dauer=0.3s
[INFO] AC0026.jpg: Frühe Qualitätsprobe mit 3 Iterationen (Erfolgsbasis=1.000000, Abbruchgrenze=8.000000).
[INFO] Konvertiere AC0026.jpg | Parameter: Iterationen=3, max. Validierungsrunden=8

--- Verarbeite AC0026.jpg ---
Bildbeschreibung: Wie AC0023: zwei vertikale Striche links blau, rechts rot, unten Dreiecke blau rot, links Spitze nach unten, rechts Spitze nach oben. Geometrische Variante: identisch zur Referenz.
Befehl erkannt: SEMANTIC: zwei vertikale farbige Pfeile (blau runter, rot hoch)
[WARN] AC0026.jpg: Differenzbild-Fehlerpixel sind nicht zufällig verteilt; Variante bleibt für einen Qualitäts-Nachbesserungslauf geöffnet (upper_quartile_error_pixels_form_large_connected_component; largest_cluster_fraction=1.000000, localized_error_fraction=0.788929).
[INFO] Konvertiert AC0026.jpg | Parameter: mode=dual_arrow_badge, label=, variant_name=AC0026 | Qualität: Optimierungsfehler/Pixel=0.006326, Mean-Delta²=8289.932617, RGB-RMSE/Kanal=52.567203, Raumscore=26077.875376, beste Composite-Iteration=n/a (direkte/semantische Pipeline), ausgeführt=3/3 | Dauer=0.2s
[INFO] Konvertiere AC0026.jpg | Parameter: Iterationen=64, max. Validierungsrunden=8

--- Verarbeite AC0026.jpg ---
Bildbeschreibung: Wie AC0023: zwei vertikale Striche links blau, rechts rot, unten Dreiecke blau rot, links Spitze nach unten, rechts Spitze nach oben. Geometrische Variante: identisch zur Referenz.
Befehl erkannt: SEMANTIC: zwei vertikale farbige Pfeile (blau runter, rot hoch)
[WARN] AC0026.jpg: Differenzbild-Fehlerpixel sind nicht zufällig verteilt; Variante bleibt für einen Qualitäts-Nachbesserungslauf geöffnet (upper_quartile_error_pixels_form_large_connected_component; largest_cluster_fraction=1.000000, localized_error_fraction=0.788929).
[INFO] Konvertiert AC0026.jpg | Parameter: mode=dual_arrow_badge, label=, variant_name=AC0026 | Qualität: Optimierungsfehler/Pixel=0.006326, Mean-Delta²=8289.932617, RGB-RMSE/Kanal=52.567203, Raumscore=26077.875376, beste Composite-Iteration=n/a (direkte/semantische Pipeline), ausgeführt=64/64 | Dauer=0.2s
[INFO] AC0538_2L_sia.jpg: Frühe Qualitätsprobe mit 3 Iterationen (Erfolgsbasis=1.000000, Abbruchgrenze=8.000000).
[INFO] Konvertiere AC0538_2L_sia.jpg | Parameter: Iterationen=3, max. Validierungsrunden=8

--- Verarbeite AC0538_2L_sia.jpg ---
Bildbeschreibung: Unzugeordnete Wurzelform aus der Serie AC0538_2L_sia. Das Symbol liegt derzeit nur als einzelnes, noch nicht fachlich klassifiziertes Bildobjekt vor. Dokumentiert ist die dokumentierte Variante (sia). Bitte einer finalen Wurzelform-Kategorie zuordnen.
Befehl erkannt: MANUELL: Beschreibung fordert manuelle Zuordnung zu einer finalen Wurzelform-Kategorie.
  -> Plan B aktiv: elementweise iterative Annäherung aus Rasterbild.
  -> Plan B Vergleich aktiv: verwende generierte Vektor-Lösung (status=manual_review_elementwise_symbol_fit, err=24.302).
[WARN] AC0538_2L_sia.jpg: Differenzbild-Fehlerpixel sind nicht zufällig verteilt; Variante bleibt für einen Qualitäts-Nachbesserungslauf geöffnet (upper_quartile_error_pixels_form_large_connected_component; largest_cluster_fraction=0.529148, localized_error_fraction=0.915534).
[INFO] Konvertiert AC0538_2L_sia.jpg | Parameter: mode=manual_review, label=, variant_name=AC0538_2L_SIA | Qualität: Optimierungsfehler/Pixel=0.007622, Mean-Delta²=2088.056152, RGB-RMSE/Kanal=26.382167, Raumscore=7341.378687, beste Composite-Iteration=n/a (direkte/semantische Pipeline), ausgeführt=3/3 | Dauer=0.4s
[INFO] Konvertiere AC0538_2L_sia.jpg | Parameter: Iterationen=64, max. Validierungsrunden=8

--- Verarbeite AC0538_2L_sia.jpg ---
Bildbeschreibung: Unzugeordnete Wurzelform aus der Serie AC0538_2L_sia. Das Symbol liegt derzeit nur als einzelnes, noch nicht fachlich klassifiziertes Bildobjekt vor. Dokumentiert ist die dokumentierte Variante (sia). Bitte einer finalen Wurzelform-Kategorie zuordnen.
Befehl erkannt: MANUELL: Beschreibung fordert manuelle Zuordnung zu einer finalen Wurzelform-Kategorie.
  -> Plan B aktiv: elementweise iterative Annäherung aus Rasterbild.
  -> Plan B Vergleich aktiv: verwende generierte Vektor-Lösung (status=manual_review_elementwise_symbol_fit, err=24.302).
[WARN] AC0538_2L_sia.jpg: Differenzbild-Fehlerpixel sind nicht zufällig verteilt; Variante bleibt für einen Qualitäts-Nachbesserungslauf geöffnet (upper_quartile_error_pixels_form_large_connected_component; largest_cluster_fraction=0.529148, localized_error_fraction=0.915534).
[INFO] Konvertiert AC0538_2L_sia.jpg | Parameter: mode=manual_review, label=, variant_name=AC0538_2L_SIA | Qualität: Optimierungsfehler/Pixel=0.007597, Mean-Delta²=2088.056152, RGB-RMSE/Kanal=26.382167, Raumscore=7341.378687, beste Composite-Iteration=n/a (direkte/semantische Pipeline), ausgeführt=64/64 | Dauer=0.2s
[INFO] b_electro1.jpg: Frühe Qualitätsprobe mit 3 Iterationen (Erfolgsbasis=1.000000, Abbruchgrenze=8.000000).
[INFO] Konvertiere b_electro1.jpg | Parameter: Iterationen=3, max. Validierungsrunden=8

--- Verarbeite b_electro1.jpg ---
Bildbeschreibung: Hintergrund: GE0999. Symbol ist ein Gelber Blitz, welcher anach unten zeigt. Also: Nur gelbe Fläche mit geraden Linien zuunterst ist eine Pfeilspitze.
Befehl erkannt: Fallback-Modus aktiv (Beschreibung wird ohne expliziten Compositing-Befehl verarbeitet)
  -> Fallback aktiv: elementweise iterative Annäherung aus Rasterbild.
[WARN] b_electro1.jpg: Differenzbild-Fehlerpixel sind nicht zufällig verteilt; Variante bleibt für einen Qualitäts-Nachbesserungslauf geöffnet (upper_quartile_error_pixels_form_large_connected_component; largest_cluster_fraction=0.671275, localized_error_fraction=0.736113).
[INFO] Konvertiert b_electro1.jpg | Parameter: mode=auto, label=M, variant_name=B_ELECTRO1 | Qualität: Optimierungsfehler/Pixel=0.010054, Mean-Delta²=4478.193848, RGB-RMSE/Kanal=38.635881, Raumscore=13421.429141, beste Composite-Iteration=n/a (direkte/semantische Pipeline), ausgeführt=3/3 | Dauer=0.4s
[INFO] Konvertiere b_electro1.jpg | Parameter: Iterationen=64, max. Validierungsrunden=8

--- Verarbeite b_electro1.jpg ---
Bildbeschreibung: Hintergrund: GE0999. Symbol ist ein Gelber Blitz, welcher anach unten zeigt. Also: Nur gelbe Fläche mit geraden Linien zuunterst ist eine Pfeilspitze.
Befehl erkannt: Fallback-Modus aktiv (Beschreibung wird ohne expliziten Compositing-Befehl verarbeitet)
  -> Fallback aktiv: elementweise iterative Annäherung aus Rasterbild.
[WARN] b_electro1.jpg: Differenzbild-Fehlerpixel sind nicht zufällig verteilt; Variante bleibt für einen Qualitäts-Nachbesserungslauf geöffnet (upper_quartile_error_pixels_form_large_connected_component; largest_cluster_fraction=0.661069, localized_error_fraction=0.737489).
[INFO] Konvertiert b_electro1.jpg | Parameter: mode=auto, label=M, variant_name=B_ELECTRO1 | Qualität: Optimierungsfehler/Pixel=0.010039, Mean-Delta²=4470.579590, RGB-RMSE/Kanal=38.603021, Raumscore=13393.018361, beste Composite-Iteration=n/a (direkte/semantische Pipeline), ausgeführt=64/64 | Dauer=0.2s
[INFO] AC0242_S.jpg: Frühe Qualitätsprobe mit 3 Iterationen (Erfolgsbasis=1.000000, Abbruchgrenze=8.000000).
[INFO] Konvertiere AC0242_S.jpg | Parameter: Iterationen=3, max. Validierungsrunden=8

--- Verarbeite AC0242_S.jpg ---
Bildbeschreibung: Unzugeordnete Wurzelform aus der Serie AC0242. Das Symbol liegt derzeit nur als einzelnes, noch nicht fachlich klassifiziertes Bildobjekt vor. Dokumentiert ist die kleine Variante (S). Bitte einer finalen Wurzelform-Kategorie zuordnen.
Befehl erkannt: MANUELL: Beschreibung fordert manuelle Zuordnung zu einer finalen Wurzelform-Kategorie.
  -> Plan B aktiv: elementweise iterative Annäherung aus Rasterbild.
  -> Plan B Vergleich aktiv: verwende generierte Vektor-Lösung (status=manual_review_elementwise_symbol_fit, err=30.168).
[WARN] AC0242_S.jpg: Differenzbild-Fehlerpixel sind nicht zufällig verteilt; Variante bleibt für einen Qualitäts-Nachbesserungslauf geöffnet (upper_quartile_error_pixels_form_large_connected_component; largest_cluster_fraction=0.957265, localized_error_fraction=0.649295).
[INFO] Konvertiert AC0242_S.jpg | Parameter: mode=manual_review, label=, variant_name=AC0242_S | Qualität: Optimierungsfehler/Pixel=0.060372, Mean-Delta²=5582.094238, RGB-RMSE/Kanal=43.135810, Raumscore=14732.597428, beste Composite-Iteration=n/a (direkte/semantische Pipeline), ausgeführt=3/3 | Dauer=0.3s
[INFO] Konvertiere AC0242_S.jpg | Parameter: Iterationen=64, max. Validierungsrunden=8

--- Verarbeite AC0242_S.jpg ---
Bildbeschreibung: Unzugeordnete Wurzelform aus der Serie AC0242. Das Symbol liegt derzeit nur als einzelnes, noch nicht fachlich klassifiziertes Bildobjekt vor. Dokumentiert ist die kleine Variante (S). Bitte einer finalen Wurzelform-Kategorie zuordnen.
Befehl erkannt: MANUELL: Beschreibung fordert manuelle Zuordnung zu einer finalen Wurzelform-Kategorie.
  -> Plan B aktiv: elementweise iterative Annäherung aus Rasterbild.
  -> Plan B Vergleich aktiv: verwende generierte Vektor-Lösung (status=manual_review_elementwise_symbol_fit, err=30.168).
[WARN] AC0242_S.jpg: Differenzbild-Fehlerpixel sind nicht zufällig verteilt; Variante bleibt für einen Qualitäts-Nachbesserungslauf geöffnet (upper_quartile_error_pixels_form_large_connected_component; largest_cluster_fraction=0.957265, localized_error_fraction=0.649295).
[INFO] Konvertiert AC0242_S.jpg | Parameter: mode=manual_review, label=, variant_name=AC0242_S | Qualität: Optimierungsfehler/Pixel=0.060412, Mean-Delta²=5582.094238, RGB-RMSE/Kanal=43.135810, Raumscore=14732.597428, beste Composite-Iteration=n/a (direkte/semantische Pipeline), ausgeführt=64/64 | Dauer=0.2s
[INFO] AC0304_1_S.jpg: Frühe Qualitätsprobe mit 3 Iterationen (Erfolgsbasis=1.000000, Abbruchgrenze=8.000000).
[INFO] Konvertiere AC0304_1_S.jpg | Parameter: Iterationen=3, max. Validierungsrunden=8

--- Verarbeite AC0304_1_S.jpg ---
Bildbeschreibung: Wie AC0301: Kompresor grauer Hintergrund nach oben. Geometrische Variante: identisch zur Referenz.
Befehl erkannt: Fallback-Modus aktiv (Beschreibung wird ohne expliziten Compositing-Befehl verarbeitet)
  -> Fallback aktiv: elementweise iterative Annäherung aus Rasterbild.
[WARN] AC0304_1_S.jpg: Differenzbild-Fehlerpixel sind nicht zufällig verteilt; Variante bleibt für einen Qualitäts-Nachbesserungslauf geöffnet (upper_quartile_error_pixels_form_large_connected_component; largest_cluster_fraction=0.974555, localized_error_fraction=0.701254).
[INFO] Konvertiert AC0304_1_S.jpg | Parameter: mode=auto, label=M, variant_name=AC0304_1_S | Qualität: Optimierungsfehler/Pixel=0.011277, Mean-Delta²=5476.296387, RGB-RMSE/Kanal=42.725076, Raumscore=16367.597779, beste Composite-Iteration=n/a (direkte/semantische Pipeline), ausgeführt=3/3 | Dauer=0.4s
[INFO] Konvertiere AC0304_1_S.jpg | Parameter: Iterationen=64, max. Validierungsrunden=8

--- Verarbeite AC0304_1_S.jpg ---
Bildbeschreibung: Wie AC0301: Kompresor grauer Hintergrund nach oben. Geometrische Variante: identisch zur Referenz.
Befehl erkannt: Fallback-Modus aktiv (Beschreibung wird ohne expliziten Compositing-Befehl verarbeitet)
  -> Fallback aktiv: elementweise iterative Annäherung aus Rasterbild.
[WARN] AC0304_1_S.jpg: Differenzbild-Fehlerpixel sind nicht zufällig verteilt; Variante bleibt für einen Qualitäts-Nachbesserungslauf geöffnet (upper_quartile_error_pixels_form_large_connected_component; largest_cluster_fraction=0.944584, localized_error_fraction=0.695831).
[INFO] Konvertiert AC0304_1_S.jpg | Parameter: mode=auto, label=M, variant_name=AC0304_1_S | Qualität: Optimierungsfehler/Pixel=0.010340, Mean-Delta²=4661.357422, RGB-RMSE/Kanal=39.418090, Raumscore=13874.219955, beste Composite-Iteration=n/a (direkte/semantische Pipeline), ausgeführt=64/64 | Dauer=0.2s
[INFO] AC0537_1L_sia.jpg: Frühe Qualitätsprobe mit 3 Iterationen (Erfolgsbasis=1.000000, Abbruchgrenze=8.000000).
[INFO] Konvertiere AC0537_1L_sia.jpg | Parameter: Iterationen=3, max. Validierungsrunden=8

--- Verarbeite AC0537_1L_sia.jpg ---
Bildbeschreibung: Unzugeordnete Wurzelform aus der Serie AC0537_1L_sia. Das Symbol liegt derzeit nur als einzelnes, noch nicht fachlich klassifiziertes Bildobjekt vor. Dokumentiert ist die dokumentierte Variante (sia). Bitte einer finalen Wurzelform-Kategorie zuordnen.
Befehl erkannt: MANUELL: Beschreibung fordert manuelle Zuordnung zu einer finalen Wurzelform-Kategorie.
  -> Plan B aktiv: elementweise iterative Annäherung aus Rasterbild.
  -> Plan B Vergleich aktiv: verwende generierte Vektor-Lösung (status=manual_review_elementwise_symbol_fit, err=27.395).
[WARN] AC0537_1L_sia.jpg: Differenzbild-Fehlerpixel sind nicht zufällig verteilt; Variante bleibt für einen Qualitäts-Nachbesserungslauf geöffnet (upper_quartile_error_pixels_form_large_connected_component; largest_cluster_fraction=0.755274, localized_error_fraction=0.901193).
[INFO] Konvertiert AC0537_1L_sia.jpg | Parameter: mode=manual_review, label=, variant_name=AC0537_1L_SIA | Qualität: Optimierungsfehler/Pixel=0.008581, Mean-Delta²=8732.360352, RGB-RMSE/Kanal=53.951708, Raumscore=30151.872646, beste Composite-Iteration=n/a (direkte/semantische Pipeline), ausgeführt=3/3 | Dauer=0.4s
[INFO] Konvertiere AC0537_1L_sia.jpg | Parameter: Iterationen=64, max. Validierungsrunden=8

--- Verarbeite AC0537_1L_sia.jpg ---
Bildbeschreibung: Unzugeordnete Wurzelform aus der Serie AC0537_1L_sia. Das Symbol liegt derzeit nur als einzelnes, noch nicht fachlich klassifiziertes Bildobjekt vor. Dokumentiert ist die dokumentierte Variante (sia). Bitte einer finalen Wurzelform-Kategorie zuordnen.
Befehl erkannt: MANUELL: Beschreibung fordert manuelle Zuordnung zu einer finalen Wurzelform-Kategorie.
  -> Plan B aktiv: elementweise iterative Annäherung aus Rasterbild.
  -> Plan B Vergleich aktiv: verwende generierte Vektor-Lösung (status=manual_review_elementwise_symbol_fit, err=27.395).
[WARN] AC0537_1L_sia.jpg: Differenzbild-Fehlerpixel sind nicht zufällig verteilt; Variante bleibt für einen Qualitäts-Nachbesserungslauf geöffnet (upper_quartile_error_pixels_form_large_connected_component; largest_cluster_fraction=0.752825, localized_error_fraction=0.900380).
[INFO] Konvertiert AC0537_1L_sia.jpg | Parameter: mode=manual_review, label=, variant_name=AC0537_1L_SIA | Qualität: Optimierungsfehler/Pixel=0.008584, Mean-Delta²=8738.282227, RGB-RMSE/Kanal=53.969999, Raumscore=30138.281511, beste Composite-Iteration=n/a (direkte/semantische Pipeline), ausgeführt=64/64 | Dauer=0.2s
[INFO] GE9012_7S.jpg: Frühe Qualitätsprobe mit 3 Iterationen (Erfolgsbasis=1.000000, Abbruchgrenze=8.000000).
[INFO] Konvertiere GE9012_7S.jpg | Parameter: Iterationen=3, max. Validierungsrunden=8

--- Verarbeite GE9012_7S.jpg ---
Bildbeschreibung: Wie BackBottom: hellgraues Quadrat. . Geometrische Variante: identisch zur Referenz.
Befehl erkannt: Fallback-Modus aktiv (Beschreibung wird ohne expliziten Compositing-Befehl verarbeitet)
  -> Fallback aktiv: elementweise iterative Annäherung aus Rasterbild.
[WARN] GE9012_7S.jpg: Differenzbild-Fehlerpixel sind nicht zufällig verteilt; Variante bleibt für einen Qualitäts-Nachbesserungslauf geöffnet (upper_quartile_error_pixels_form_large_connected_component; largest_cluster_fraction=0.772152, localized_error_fraction=0.800365).
[INFO] Konvertiert GE9012_7S.jpg | Parameter: mode=auto, label=M, variant_name=GE9012_7S | Qualität: Optimierungsfehler/Pixel=0.080578, Mean-Delta²=7410.673340, RGB-RMSE/Kanal=49.701353, Raumscore=22615.776289, beste Composite-Iteration=n/a (direkte/semantische Pipeline), ausgeführt=3/3 | Dauer=0.6s
[INFO] Konvertiere GE9012_7S.jpg | Parameter: Iterationen=64, max. Validierungsrunden=8

--- Verarbeite GE9012_7S.jpg ---
Bildbeschreibung: Wie BackBottom: hellgraues Quadrat. . Geometrische Variante: identisch zur Referenz.
Befehl erkannt: Fallback-Modus aktiv (Beschreibung wird ohne expliziten Compositing-Befehl verarbeitet)
  -> Fallback aktiv: elementweise iterative Annäherung aus Rasterbild.
[WARN] GE9012_7S.jpg: Differenzbild-Fehlerpixel sind nicht zufällig verteilt; Variante bleibt für einen Qualitäts-Nachbesserungslauf geöffnet (upper_quartile_error_pixels_form_large_connected_component; largest_cluster_fraction=0.769231, localized_error_fraction=0.802227).
[INFO] Konvertiert GE9012_7S.jpg | Parameter: mode=auto, label=M, variant_name=GE9012_7S | Qualität: Optimierungsfehler/Pixel=0.080507, Mean-Delta²=7358.436523, RGB-RMSE/Kanal=49.525874, Raumscore=22540.479934, beste Composite-Iteration=n/a (direkte/semantische Pipeline), ausgeführt=64/64 | Dauer=0.3s
[INFO] AC0201_M.jpg: Frühe Qualitätsprobe mit 3 Iterationen (Erfolgsbasis=1.000000, Abbruchgrenze=8.000000).
[INFO] Konvertiere AC0201_M.jpg | Parameter: Iterationen=3, max. Validierungsrunden=8

--- Verarbeite AC0201_M.jpg ---
Bildbeschreibung: Kompressor grau nach oben
Befehl erkannt: Fallback-Modus aktiv (Beschreibung wird ohne expliziten Compositing-Befehl verarbeitet)
  -> Fallback aktiv: elementweise iterative Annäherung aus Rasterbild.
[WARN] AC0201_M.jpg: Differenzbild-Fehlerpixel sind nicht zufällig verteilt; Variante bleibt für einen Qualitäts-Nachbesserungslauf geöffnet (upper_quartile_error_pixels_form_large_connected_component; largest_cluster_fraction=0.850000, localized_error_fraction=0.585625).
[INFO] Konvertiert AC0201_M.jpg | Parameter: mode=auto, label=M, variant_name=AC0201_M | Qualität: Optimierungsfehler/Pixel=0.022609, Mean-Delta²=4661.322266, RGB-RMSE/Kanal=39.417941, Raumscore=11617.895554, beste Composite-Iteration=n/a (direkte/semantische Pipeline), ausgeführt=3/3 | Dauer=0.8s
[INFO] Konvertiere AC0201_M.jpg | Parameter: Iterationen=64, max. Validierungsrunden=8

--- Verarbeite AC0201_M.jpg ---
Bildbeschreibung: Kompressor grau nach oben
Befehl erkannt: Fallback-Modus aktiv (Beschreibung wird ohne expliziten Compositing-Befehl verarbeitet)
  -> Fallback aktiv: elementweise iterative Annäherung aus Rasterbild.
[WARN] AC0201_M.jpg: Differenzbild-Fehlerpixel sind nicht zufällig verteilt; Variante bleibt für einen Qualitäts-Nachbesserungslauf geöffnet (upper_quartile_error_pixels_form_large_connected_component; largest_cluster_fraction=0.850000, localized_error_fraction=0.585625).
[INFO] Konvertiert AC0201_M.jpg | Parameter: mode=auto, label=M, variant_name=AC0201_M | Qualität: Optimierungsfehler/Pixel=0.022664, Mean-Delta²=4661.322266, RGB-RMSE/Kanal=39.417941, Raumscore=11617.895554, beste Composite-Iteration=n/a (direkte/semantische Pipeline), ausgeführt=64/64 | Dauer=0.3s
[INFO] GE9022_7S.jpg: Frühe Qualitätsprobe mit 3 Iterationen (Erfolgsbasis=1.000000, Abbruchgrenze=8.000000).
[INFO] Konvertiere GE9022_7S.jpg | Parameter: Iterationen=3, max. Validierungsrunden=8

--- Verarbeite GE9022_7S.jpg ---
Bildbeschreibung: Wie BackBottom: hellgraues Quadrat. . Geometrische Variante: identisch zur Referenz.
Befehl erkannt: Fallback-Modus aktiv (Beschreibung wird ohne expliziten Compositing-Befehl verarbeitet)
  -> Fallback aktiv: elementweise iterative Annäherung aus Rasterbild.
[WARN] GE9022_7S.jpg: Differenzbild-Fehlerpixel sind nicht zufällig verteilt; Variante bleibt für einen Qualitäts-Nachbesserungslauf geöffnet (error_energy_concentrated_in_worst_tiles; largest_cluster_fraction=0.391892, localized_error_fraction=0.727733).
[INFO] Konvertiert GE9022_7S.jpg | Parameter: mode=auto, label=M, variant_name=GE9022_7S | Qualität: Optimierungsfehler/Pixel=0.089111, Mean-Delta²=8019.879883, RGB-RMSE/Kanal=51.703900, Raumscore=21017.663953, beste Composite-Iteration=n/a (direkte/semantische Pipeline), ausgeführt=3/3 | Dauer=0.5s
[INFO] Konvertiere GE9022_7S.jpg | Parameter: Iterationen=64, max. Validierungsrunden=8

--- Verarbeite GE9022_7S.jpg ---
Bildbeschreibung: Wie BackBottom: hellgraues Quadrat. . Geometrische Variante: identisch zur Referenz.
Befehl erkannt: Fallback-Modus aktiv (Beschreibung wird ohne expliziten Compositing-Befehl verarbeitet)
  -> Fallback aktiv: elementweise iterative Annäherung aus Rasterbild.
[WARN] GE9022_7S.jpg: Differenzbild-Fehlerpixel sind nicht zufällig verteilt; Variante bleibt für einen Qualitäts-Nachbesserungslauf geöffnet (error_energy_concentrated_in_worst_tiles; largest_cluster_fraction=0.391892, localized_error_fraction=0.727674).
[INFO] Konvertiert GE9022_7S.jpg | Parameter: mode=auto, label=M, variant_name=GE9022_7S | Qualität: Optimierungsfehler/Pixel=0.089100, Mean-Delta²=8018.156738, RGB-RMSE/Kanal=51.698345, Raumscore=21009.631393, beste Composite-Iteration=n/a (direkte/semantische Pipeline), ausgeführt=64/64 | Dauer=0.3s
[INFO] AC0301_2L_sia.jpg: Frühe Qualitätsprobe mit 3 Iterationen (Erfolgsbasis=1.000000, Abbruchgrenze=8.000000).
[INFO] Konvertiere AC0301_2L_sia.jpg | Parameter: Iterationen=3, max. Validierungsrunden=8

--- Verarbeite AC0301_2L_sia.jpg ---
Bildbeschreibung: Kompresor grauer Hintergrund nach oben
Befehl erkannt: MANUELL: Beschreibung unzureichend (fehlende Geometriehinweise oder leerer Beschreibungstext).
  -> Fallback aktiv: elementweise iterative Annäherung aus Rasterbild.
[WARN] AC0301_2L_sia.jpg: Differenzbild-Fehlerpixel sind nicht zufällig verteilt; Variante bleibt für einen Qualitäts-Nachbesserungslauf geöffnet (upper_quartile_error_pixels_form_large_connected_component; largest_cluster_fraction=0.691899, localized_error_fraction=0.582425).
[INFO] Konvertiert AC0301_2L_sia.jpg | Parameter: mode=insufficient_description, label=, variant_name=AC0301_2L_SIA | Qualität: Optimierungsfehler/Pixel=0.004189, Mean-Delta²=7274.046875, RGB-RMSE/Kanal=49.241063, Raumscore=17626.309024, beste Composite-Iteration=n/a (direkte/semantische Pipeline), ausgeführt=3/3 | Dauer=0.4s
[INFO] Konvertiere AC0301_2L_sia.jpg | Parameter: Iterationen=64, max. Validierungsrunden=8

--- Verarbeite AC0301_2L_sia.jpg ---
Bildbeschreibung: Kompresor grauer Hintergrund nach oben
Befehl erkannt: MANUELL: Beschreibung unzureichend (fehlende Geometriehinweise oder leerer Beschreibungstext).
  -> Fallback aktiv: elementweise iterative Annäherung aus Rasterbild.
[WARN] AC0301_2L_sia.jpg: Differenzbild-Fehlerpixel sind nicht zufällig verteilt; Variante bleibt für einen Qualitäts-Nachbesserungslauf geöffnet (upper_quartile_error_pixels_form_large_connected_component; largest_cluster_fraction=0.931912, localized_error_fraction=0.578044).
[INFO] Konvertiert AC0301_2L_sia.jpg | Parameter: mode=insufficient_description, label=, variant_name=AC0301_2L_SIA | Qualität: Optimierungsfehler/Pixel=0.003997, Mean-Delta²=6857.357910, RGB-RMSE/Kanal=47.809894, Raumscore=17494.663673, beste Composite-Iteration=n/a (direkte/semantische Pipeline), ausgeführt=64/64 | Dauer=0.2s
[INFO] AC0301_1_L.jpg: Frühe Qualitätsprobe mit 3 Iterationen (Erfolgsbasis=1.000000, Abbruchgrenze=8.000000).
[INFO] Konvertiere AC0301_1_L.jpg | Parameter: Iterationen=3, max. Validierungsrunden=8

--- Verarbeite AC0301_1_L.jpg ---
Bildbeschreibung: Kompresor grauer Hintergrund nach oben
Befehl erkannt: MANUELL: Beschreibung unzureichend (fehlende Geometriehinweise oder leerer Beschreibungstext).
  -> Fallback aktiv: elementweise iterative Annäherung aus Rasterbild.
[WARN] AC0301_1_L.jpg: Differenzbild-Fehlerpixel sind nicht zufällig verteilt; Variante bleibt für einen Qualitäts-Nachbesserungslauf geöffnet (upper_quartile_error_pixels_form_large_connected_component; largest_cluster_fraction=0.998568, localized_error_fraction=0.692555).
[INFO] Konvertiert AC0301_1_L.jpg | Parameter: mode=insufficient_description, label=, variant_name=AC0301_1_L | Qualität: Optimierungsfehler/Pixel=0.002112, Mean-Delta²=3887.122070, RGB-RMSE/Kanal=35.995935, Raumscore=11665.805467, beste Composite-Iteration=n/a (direkte/semantische Pipeline), ausgeführt=3/3 | Dauer=0.4s
[INFO] Konvertiere AC0301_1_L.jpg | Parameter: Iterationen=64, max. Validierungsrunden=8

--- Verarbeite AC0301_1_L.jpg ---
Bildbeschreibung: Kompresor grauer Hintergrund nach oben
Befehl erkannt: MANUELL: Beschreibung unzureichend (fehlende Geometriehinweise oder leerer Beschreibungstext).
  -> Fallback aktiv: elementweise iterative Annäherung aus Rasterbild.
[WARN] AC0301_1_L.jpg: Differenzbild-Fehlerpixel sind nicht zufällig verteilt; Variante bleibt für einen Qualitäts-Nachbesserungslauf geöffnet (upper_quartile_error_pixels_form_large_connected_component; largest_cluster_fraction=0.995705, localized_error_fraction=0.687869).
[INFO] Konvertiert AC0301_1_L.jpg | Parameter: mode=insufficient_description, label=, variant_name=AC0301_1_L | Qualität: Optimierungsfehler/Pixel=0.002086, Mean-Delta²=3815.161865, RGB-RMSE/Kanal=35.661192, Raumscore=11400.859683, beste Composite-Iteration=n/a (direkte/semantische Pipeline), ausgeführt=64/64 | Dauer=0.3s
[INFO] SE0063.jpg: Frühe Qualitätsprobe mit 3 Iterationen (Erfolgsbasis=1.000000, Abbruchgrenze=8.000000).
[INFO] Konvertiere SE0063.jpg | Parameter: Iterationen=3, max. Validierungsrunden=8

--- Verarbeite SE0063.jpg ---
Bildbeschreibung: Wie AC0811, jecoch ist der Kreis viereckig anstatt rund gezeichnet. Abweichung: anstelle von "T" steht ein "P" Abweichung: nach rechts gekippt. "P" steht waagrecht geschrieben. Abweichung: nach rechts gekippt. "P" steht waagrecht geschrieben.
Befehl erkannt: SEMANTIC: Kreis + Buchstabe
[INFO] unknown: Elementvalidierung gestartet | Runden=8, Elemente=circle,text | Laufzeit=0.0s
[INFO] unknown: Validierungsrunde 1/8 gestartet | Laufzeit=0.0s
[INFO] unknown: Runde 1/8: optimiere Element 'circle' | Laufzeit=0.0s
[INFO] unknown: Runde 1/8: optimiere Element 'text' | Laufzeit=0.0s
[INFO] unknown: Validierungsrunde 1/8 abgeschlossen | Qualität (MAE-basiert, höher=besser): 85.78% -> 86.45% | mittlere Pixelabweichung (MAE, kleiner=besser): 36.263 -> 34.546 | Mean-Delta² (kleiner=besser): 9317.655 -> 8809.086 | Qualitätsgewinn=+1.717 (+4.73%) | Wirkung=verbessert | Parameter geändert=ja | Laufzeit=0.4s
[INFO] unknown: Validierungsrunde 2/8 gestartet | Laufzeit=0.4s
[INFO] unknown: Runde 2/8: optimiere Element 'circle' | Laufzeit=0.4s
[INFO] unknown: Runde 2/8: optimiere Element 'text' | Laufzeit=0.5s
[INFO] unknown: Validierungsrunde 2/8 abgeschlossen | Qualität (MAE-basiert, höher=besser): 86.45% -> 86.47% | mittlere Pixelabweichung (MAE, kleiner=besser): 34.546 -> 34.489 | Mean-Delta² (kleiner=besser): 8809.086 -> 8789.949 | Qualitätsgewinn=+0.057 (+0.16%) | Wirkung=verbessert | Parameter geändert=ja | Laufzeit=0.5s
[INFO] unknown: Validierungsrunde 3/8 gestartet | Laufzeit=0.5s
[INFO] unknown: Runde 3/8: optimiere Element 'circle' | Laufzeit=0.5s
[INFO] unknown: Runde 3/8: optimiere Element 'text' | Laufzeit=0.5s
[INFO] unknown: Validierungsrunde 3/8 abgeschlossen | Qualität (MAE-basiert, höher=besser): 86.47% -> 85.43% | mittlere Pixelabweichung (MAE, kleiner=besser): 34.489 -> 37.152 | Mean-Delta² (kleiner=besser): 8789.949 -> 9865.494 | Qualitätsgewinn=-2.663 (-7.72%) | Wirkung=verschlechtert | Parameter geändert=ja | Laufzeit=0.5s
[INFO] unknown: Validierungsrunde 4/8 gestartet | Laufzeit=0.5s
[INFO] unknown: Runde 4/8: optimiere Element 'circle' | Laufzeit=0.5s
[INFO] unknown: Runde 4/8: optimiere Element 'text' | Laufzeit=0.6s
[INFO] unknown: Validierungsrunde 4/8 abgeschlossen | Qualität (MAE-basiert, höher=besser): 85.43% -> 86.54% | mittlere Pixelabweichung (MAE, kleiner=besser): 37.152 -> 34.316 | Mean-Delta² (kleiner=besser): 9865.494 -> 8916.558 | Qualitätsgewinn=+2.836 (+7.63%) | Wirkung=verbessert | Parameter geändert=ja | Laufzeit=0.6s
[INFO] unknown: Validierungsrunde 5/8 gestartet | Laufzeit=0.6s
[INFO] unknown: Runde 5/8: optimiere Element 'circle' | Laufzeit=0.6s
[INFO] unknown: Runde 5/8: optimiere Element 'text' | Laufzeit=0.7s
[INFO] unknown: Validierungsrunde 5/8 abgeschlossen | Qualität (MAE-basiert, höher=besser): 86.54% -> 86.54% | mittlere Pixelabweichung (MAE, kleiner=besser): 34.316 -> 34.316 | Mean-Delta² (kleiner=besser): 8916.558 -> 8916.558 | Qualitätsgewinn=+0.000 (+0.00%) | Wirkung=unverändert | Parameter geändert=nein | Laufzeit=0.7s
[INFO] unknown: Validierungsrunde 6/8 gestartet | Laufzeit=0.7s
[INFO] unknown: Runde 6/8: optimiere Element 'circle' | Laufzeit=0.7s
[INFO] unknown: Runde 6/8: optimiere Element 'text' | Laufzeit=0.7s
[INFO] unknown: Validierungsrunde 6/8 abgeschlossen | Qualität (MAE-basiert, höher=besser): 86.54% -> 86.54% | mittlere Pixelabweichung (MAE, kleiner=besser): 34.316 -> 34.316 | Mean-Delta² (kleiner=besser): 8916.558 -> 8916.558 | Qualitätsgewinn=+0.000 (+0.00%) | Wirkung=unverändert | Parameter geändert=nein | Laufzeit=0.7s
[INFO] Konvertiert SE0063.jpg | Parameter: mode=semantic_badge, label=T, variant_name=SE0063 | Qualität: Optimierungsfehler/Pixel=0.036266, Mean-Delta²=8005.722168, RGB-RMSE/Kanal=51.658243, Raumscore=17543.432219, beste Validierungsrunde=4/6, beste Composite-Iteration=n/a, ausgeführt=3/3 | Dauer=1.1s
[INFO] Konvertiere SE0063.jpg | Parameter: Iterationen=64, max. Validierungsrunden=8

--- Verarbeite SE0063.jpg ---
Bildbeschreibung: Wie AC0811, jecoch ist der Kreis viereckig anstatt rund gezeichnet. Abweichung: anstelle von "T" steht ein "P" Abweichung: nach rechts gekippt. "P" steht waagrecht geschrieben. Abweichung: nach rechts gekippt. "P" steht waagrecht geschrieben.
Befehl erkannt: SEMANTIC: Kreis + Buchstabe
[INFO] unknown: Elementvalidierung gestartet | Runden=8, Elemente=circle,text | Laufzeit=0.0s
[INFO] unknown: Validierungsrunde 1/8 gestartet | Laufzeit=0.0s
[INFO] unknown: Runde 1/8: optimiere Element 'circle' | Laufzeit=0.0s
[INFO] unknown: Runde 1/8: optimiere Element 'text' | Laufzeit=0.0s
[INFO] unknown: Validierungsrunde 1/8 abgeschlossen | Qualität (MAE-basiert, höher=besser): 85.78% -> 86.45% | mittlere Pixelabweichung (MAE, kleiner=besser): 36.263 -> 34.546 | Mean-Delta² (kleiner=besser): 9317.655 -> 8809.086 | Qualitätsgewinn=+1.717 (+4.73%) | Wirkung=verbessert | Parameter geändert=ja | Laufzeit=0.0s
[INFO] unknown: Validierungsrunde 2/8 gestartet | Laufzeit=0.0s
[INFO] unknown: Runde 2/8: optimiere Element 'circle' | Laufzeit=0.0s
[INFO] unknown: Runde 2/8: optimiere Element 'text' | Laufzeit=0.1s
[INFO] unknown: Validierungsrunde 2/8 abgeschlossen | Qualität (MAE-basiert, höher=besser): 86.45% -> 86.47% | mittlere Pixelabweichung (MAE, kleiner=besser): 34.546 -> 34.489 | Mean-Delta² (kleiner=besser): 8809.086 -> 8789.949 | Qualitätsgewinn=+0.057 (+0.16%) | Wirkung=verbessert | Parameter geändert=ja | Laufzeit=0.1s
[INFO] unknown: Validierungsrunde 3/8 gestartet | Laufzeit=0.1s
[INFO] unknown: Runde 3/8: optimiere Element 'circle' | Laufzeit=0.1s
[INFO] unknown: Runde 3/8: optimiere Element 'text' | Laufzeit=0.1s
[INFO] unknown: Validierungsrunde 3/8 abgeschlossen | Qualität (MAE-basiert, höher=besser): 86.47% -> 85.43% | mittlere Pixelabweichung (MAE, kleiner=besser): 34.489 -> 37.152 | Mean-Delta² (kleiner=besser): 8789.949 -> 9865.494 | Qualitätsgewinn=-2.663 (-7.72%) | Wirkung=verschlechtert | Parameter geändert=ja | Laufzeit=0.1s
[INFO] unknown: Validierungsrunde 4/8 gestartet | Laufzeit=0.1s
[INFO] unknown: Runde 4/8: optimiere Element 'circle' | Laufzeit=0.1s
[INFO] unknown: Runde 4/8: optimiere Element 'text' | Laufzeit=0.2s
[INFO] unknown: Validierungsrunde 4/8 abgeschlossen | Qualität (MAE-basiert, höher=besser): 85.43% -> 86.54% | mittlere Pixelabweichung (MAE, kleiner=besser): 37.152 -> 34.316 | Mean-Delta² (kleiner=besser): 9865.494 -> 8916.558 | Qualitätsgewinn=+2.836 (+7.63%) | Wirkung=verbessert | Parameter geändert=ja | Laufzeit=0.2s
[INFO] unknown: Validierungsrunde 5/8 gestartet | Laufzeit=0.2s
[INFO] unknown: Runde 5/8: optimiere Element 'circle' | Laufzeit=0.2s
[INFO] unknown: Runde 5/8: optimiere Element 'text' | Laufzeit=0.2s
[INFO] unknown: Validierungsrunde 5/8 abgeschlossen | Qualität (MAE-basiert, höher=besser): 86.54% -> 86.54% | mittlere Pixelabweichung (MAE, kleiner=besser): 34.316 -> 34.316 | Mean-Delta² (kleiner=besser): 8916.558 -> 8916.558 | Qualitätsgewinn=+0.000 (+0.00%) | Wirkung=unverändert | Parameter geändert=nein | Laufzeit=0.3s
[INFO] unknown: Validierungsrunde 6/8 gestartet | Laufzeit=0.3s
[INFO] unknown: Runde 6/8: optimiere Element 'circle' | Laufzeit=0.3s
[INFO] unknown: Runde 6/8: optimiere Element 'text' | Laufzeit=0.3s
[INFO] unknown: Validierungsrunde 6/8 abgeschlossen | Qualität (MAE-basiert, höher=besser): 86.54% -> 86.54% | mittlere Pixelabweichung (MAE, kleiner=besser): 34.316 -> 34.316 | Mean-Delta² (kleiner=besser): 8916.558 -> 8916.558 | Qualitätsgewinn=+0.000 (+0.00%) | Wirkung=unverändert | Parameter geändert=nein | Laufzeit=0.3s
[INFO] Konvertiert SE0063.jpg | Parameter: mode=semantic_badge, label=T, variant_name=SE0063 | Qualität: Optimierungsfehler/Pixel=0.036266, Mean-Delta²=8005.722168, RGB-RMSE/Kanal=51.658243, Raumscore=17543.432219, beste Validierungsrunde=4/6, beste Composite-Iteration=n/a, ausgeführt=64/64 | Dauer=0.5s
[INFO] AC5000_S.jpg: Frühe Qualitätsprobe mit 3 Iterationen (Erfolgsbasis=1.000000, Abbruchgrenze=8.000000).
[INFO] Konvertiere AC5000_S.jpg | Parameter: Iterationen=3, max. Validierungsrunden=8

--- Verarbeite AC5000_S.jpg ---
Bildbeschreibung: Radiator (komplexe Zeichnung) ca. 10 ganz dünne Rechtecke, Ecken abgerundet. Zwei dünne dunkelgraue Linien oben und unten hinter den dünnen Rechtecken.
Befehl erkannt: Fallback-Modus aktiv (Beschreibung wird ohne expliziten Compositing-Befehl verarbeitet)
  -> Fallback aktiv: elementweise iterative Annäherung aus Rasterbild.
[INFO] Konvertiert AC5000_S.jpg | Parameter: mode=auto, label=M, variant_name=AC5000_S | Qualität: Optimierungsfehler/Pixel=0.010922, Mean-Delta²=4413.743652, RGB-RMSE/Kanal=38.356849, Raumscore=6208.462917, beste Composite-Iteration=n/a (direkte/semantische Pipeline), ausgeführt=3/3 | Dauer=0.7s
[INFO] Konvertiere AC5000_S.jpg | Parameter: Iterationen=64, max. Validierungsrunden=8

--- Verarbeite AC5000_S.jpg ---
Bildbeschreibung: Radiator (komplexe Zeichnung) ca. 10 ganz dünne Rechtecke, Ecken abgerundet. Zwei dünne dunkelgraue Linien oben und unten hinter den dünnen Rechtecken.
Befehl erkannt: Fallback-Modus aktiv (Beschreibung wird ohne expliziten Compositing-Befehl verarbeitet)
  -> Fallback aktiv: elementweise iterative Annäherung aus Rasterbild.
[INFO] Konvertiert AC5000_S.jpg | Parameter: mode=auto, label=M, variant_name=AC5000_S | Qualität: Optimierungsfehler/Pixel=0.010893, Mean-Delta²=4399.908691, RGB-RMSE/Kanal=38.296687, Raumscore=6208.396477, beste Composite-Iteration=n/a (direkte/semantische Pipeline), ausgeführt=64/64 | Dauer=0.3s
[INFO] AC0704_1_S.jpg: Frühe Qualitätsprobe mit 3 Iterationen (Erfolgsbasis=1.000000, Abbruchgrenze=8.000000).
[INFO] Konvertiere AC0704_1_S.jpg | Parameter: Iterationen=3, max. Validierungsrunden=8

--- Verarbeite AC0704_1_S.jpg ---
Bildbeschreibung: Wie AC0701: Kelle, aber mit Quadrat anstelle von Kreis oben. Geometrische Variante: 90° nach rechts gedreht. Der Griff liegt auf einer Symmetrieachse des Kreises.
Befehl erkannt: SEMANTIC: Kreis + Buchstabe
[ERROR] Semantik-Abgleich fehlgeschlagen:
  - semantic_connector_classification=ambiguous;circle_source=none;horizontal_candidates=1;vertical_candidates=2
  - Beschreibung erwartet Kreis, im Bild aber nicht robust erkennbar
  - Strukturprüfung: Kein belastbarer Kreis-Kandidat im Rohbild erkannt
[WARN] AC0704_1_S.jpg: Semantischer Fehlmatch, Batchlauf stoppt nach diesem Fehler.
[INFO] AC5020_M.jpg: Frühe Qualitätsprobe mit 3 Iterationen (Erfolgsbasis=1.000000, Abbruchgrenze=8.000000).
[INFO] Konvertiere AC5020_M.jpg | Parameter: Iterationen=3, max. Validierungsrunden=8

--- Verarbeite AC5020_M.jpg ---
Bildbeschreibung: sehr komplexe Form, wahrscheinlich sehr schwierig zum nachzeichnen. Das ist ein "Rückkühler" also ein Aussenluftkühlgerät für Heisses Wasser (oder eine Heisse Flüssigkeit). Ob oben sind zwei Röhren um die heisse Luft abzuleiten, oben rchts sind zwei Gitterroste, um die kalte Luft einströmen zu lassen. Unten rechts ist ein grosse Öffnung (?). Auf der Llinken Seite ist oben links ein grau-blauer Punkt.
Befehl erkannt: MANUELL: Beschreibung unzureichend (fehlende Geometriehinweise oder leerer Beschreibungstext).
  -> Fallback aktiv: elementweise iterative Annäherung aus Rasterbild.
[WARN] AC5020_M.jpg: Differenzbild-Fehlerpixel sind nicht zufällig verteilt; Variante bleibt für einen Qualitäts-Nachbesserungslauf geöffnet (upper_quartile_error_pixels_form_large_connected_component; largest_cluster_fraction=0.854199, localized_error_fraction=0.540148).
[INFO] Konvertiert AC5020_M.jpg | Parameter: mode=insufficient_description, label=, variant_name=AC5020_M | Qualität: Optimierungsfehler/Pixel=0.000889, Mean-Delta²=6408.195312, RGB-RMSE/Kanal=46.217584, Raumscore=14525.576102, beste Composite-Iteration=n/a (direkte/semantische Pipeline), ausgeführt=3/3 | Dauer=0.7s
[INFO] Konvertiere AC5020_M.jpg | Parameter: Iterationen=64, max. Validierungsrunden=8

--- Verarbeite AC5020_M.jpg ---
Bildbeschreibung: sehr komplexe Form, wahrscheinlich sehr schwierig zum nachzeichnen. Das ist ein "Rückkühler" also ein Aussenluftkühlgerät für Heisses Wasser (oder eine Heisse Flüssigkeit). Ob oben sind zwei Röhren um die heisse Luft abzuleiten, oben rchts sind zwei Gitterroste, um die kalte Luft einströmen zu lassen. Unten rechts ist ein grosse Öffnung (?). Auf der Llinken Seite ist oben links ein grau-blauer Punkt.
Befehl erkannt: MANUELL: Beschreibung unzureichend (fehlende Geometriehinweise oder leerer Beschreibungstext).
  -> Fallback aktiv: elementweise iterative Annäherung aus Rasterbild.
[WARN] AC5020_M.jpg: Differenzbild-Fehlerpixel sind nicht zufällig verteilt; Variante bleibt für einen Qualitäts-Nachbesserungslauf geöffnet (upper_quartile_error_pixels_form_large_connected_component; largest_cluster_fraction=0.856126, localized_error_fraction=0.543261).
[INFO] Konvertiert AC5020_M.jpg | Parameter: mode=insufficient_description, label=, variant_name=AC5020_M | Qualität: Optimierungsfehler/Pixel=0.000884, Mean-Delta²=6375.780762, RGB-RMSE/Kanal=46.100545, Raumscore=14506.692589, beste Composite-Iteration=n/a (direkte/semantische Pipeline), ausgeführt=64/64 | Dauer=0.4s
[INFO] GE9042_2M.jpg: Frühe Qualitätsprobe mit 3 Iterationen (Erfolgsbasis=1.000000, Abbruchgrenze=8.000000).
[INFO] Konvertiere GE9042_2M.jpg | Parameter: Iterationen=3, max. Validierungsrunden=8

--- Verarbeite GE9042_2M.jpg ---
Bildbeschreibung: Wie BackBottom: hellgraues Quadrat. . Geometrische Variante: identisch zur Referenz.
Befehl erkannt: Fallback-Modus aktiv (Beschreibung wird ohne expliziten Compositing-Befehl verarbeitet)
  -> Fallback aktiv: elementweise iterative Annäherung aus Rasterbild.
[WARN] GE9042_2M.jpg: Differenzbild-Fehlerpixel sind nicht zufällig verteilt; Variante bleibt für einen Qualitäts-Nachbesserungslauf geöffnet (upper_quartile_error_pixels_form_large_connected_component; largest_cluster_fraction=0.580952, localized_error_fraction=0.909632).
[INFO] Konvertiert GE9042_2M.jpg | Parameter: mode=auto, label=M, variant_name=GE9042_2M | Qualität: Optimierungsfehler/Pixel=0.010655, Mean-Delta²=4201.195801, RGB-RMSE/Kanal=37.421900, Raumscore=14266.388987, beste Composite-Iteration=n/a (direkte/semantische Pipeline), ausgeführt=3/3 | Dauer=0.6s
[INFO] Konvertiere GE9042_2M.jpg | Parameter: Iterationen=64, max. Validierungsrunden=8

--- Verarbeite GE9042_2M.jpg ---
Bildbeschreibung: Wie BackBottom: hellgraues Quadrat. . Geometrische Variante: identisch zur Referenz.
Befehl erkannt: Fallback-Modus aktiv (Beschreibung wird ohne expliziten Compositing-Befehl verarbeitet)
  -> Fallback aktiv: elementweise iterative Annäherung aus Rasterbild.
[WARN] GE9042_2M.jpg: Differenzbild-Fehlerpixel sind nicht zufällig verteilt; Variante bleibt für einen Qualitäts-Nachbesserungslauf geöffnet (upper_quartile_error_pixels_form_large_connected_component; largest_cluster_fraction=0.580952, localized_error_fraction=0.909194).
[INFO] Konvertiert GE9042_2M.jpg | Parameter: mode=auto, label=M, variant_name=GE9042_2M | Qualität: Optimierungsfehler/Pixel=0.010650, Mean-Delta²=4183.230469, RGB-RMSE/Kanal=37.341802, Raumscore=14193.687165, beste Composite-Iteration=n/a (direkte/semantische Pipeline), ausgeführt=64/64 | Dauer=0.3s
[INFO] AC0842_S.jpg: Frühe Qualitätsprobe mit 3 Iterationen (Erfolgsbasis=1.000000, Abbruchgrenze=8.000000).
[INFO] Konvertiere AC0842_S.jpg | Parameter: Iterationen=3, max. Validierungsrunden=8

--- Verarbeite AC0842_S.jpg ---
Bildbeschreibung: Kreisförmiges Badge. Abweichung: mit Text "rF" (relative Feuchtigkeit) Abweichung: mit Griff (dunkelgraue Linie nach unten) Abweichung: nach rechts gedreht, Text immer noch horizontal. Der Griff liegt auf einer Symmetrieachse des Kreises.
Befehl erkannt: SEMANTIC: Kreis + Buchstabe rF, SEMANTIC: waagrechter Strich links vom Kreis
[INFO] AC0842: Elementvalidierung gestartet | Runden=3, Elemente=circle,arm,text | Laufzeit=0.0s
[INFO] AC0842: Validierungsrunde 1/3 gestartet | Laufzeit=0.0s
[INFO] AC0842: Runde 1/3: optimiere Element 'circle' | Laufzeit=0.0s
[INFO] AC0842: Runde 1/3: optimiere Element 'arm' | Laufzeit=0.0s
[INFO] AC0842: Runde 1/3: optimiere Element 'text' | Laufzeit=0.0s
[INFO] AC0842: Validierungsrunde 1/3 abgeschlossen | Qualität (MAE-basiert, höher=besser): 87.99% -> 89.43% | mittlere Pixelabweichung (MAE, kleiner=besser): 30.613 -> 26.960 | Mean-Delta² (kleiner=besser): 7450.288 -> 6100.304 | Qualitätsgewinn=+3.653 (+11.93%) | Wirkung=verbessert | Parameter geändert=ja | Laufzeit=0.1s
[INFO] AC0842: Validierungsrunde 2/3 gestartet | Laufzeit=0.1s
[INFO] AC0842: Runde 2/3: optimiere Element 'circle' | Laufzeit=0.1s
[INFO] AC0842: Runde 2/3: optimiere Element 'arm' | Laufzeit=0.1s
[INFO] AC0842: Runde 2/3: optimiere Element 'text' | Laufzeit=0.1s
[INFO] AC0842: Validierungsrunde 2/3 abgeschlossen | Qualität (MAE-basiert, höher=besser): 89.43% -> 90.16% | mittlere Pixelabweichung (MAE, kleiner=besser): 26.960 -> 25.085 | Mean-Delta² (kleiner=besser): 6100.304 -> 5225.464 | Qualitätsgewinn=+1.875 (+6.95%) | Wirkung=verbessert | Parameter geändert=ja | Laufzeit=0.1s
[INFO] AC0842: Validierungsrunde 3/3 gestartet | Laufzeit=0.1s
[INFO] AC0842: Runde 3/3: optimiere Element 'circle' | Laufzeit=0.1s
[INFO] AC0842: Runde 3/3: optimiere Element 'arm' | Laufzeit=0.2s
[INFO] AC0842: Runde 3/3: optimiere Element 'text' | Laufzeit=0.2s
[INFO] AC0842: Validierungsrunde 3/3 abgeschlossen | Qualität (MAE-basiert, höher=besser): 90.16% -> 91.75% | mittlere Pixelabweichung (MAE, kleiner=besser): 25.085 -> 21.032 | Mean-Delta² (kleiner=besser): 5225.464 -> 4327.192 | Qualitätsgewinn=+4.053 (+16.16%) | Wirkung=verbessert | Parameter geändert=ja | Laufzeit=0.2s
[WARN] AC0842_S.jpg: Differenzbild-Fehlerpixel sind nicht zufällig verteilt; Variante bleibt für einen Qualitäts-Nachbesserungslauf geöffnet (upper_quartile_error_pixels_form_large_connected_component; largest_cluster_fraction=0.612903, localized_error_fraction=0.835095).
[INFO] Konvertiert AC0842_S.jpg | Parameter: mode=semantic_badge, label=rF, variant_name=AC0842_S | Qualität: Optimierungsfehler/Pixel=0.056085, Mean-Delta²=4327.191895, RGB-RMSE/Kanal=37.978906, Raumscore=13886.169091, beste Validierungsrunde=3/3, beste Composite-Iteration=n/a, ausgeführt=3/3 | Dauer=0.5s
[INFO] Konvertiere AC0842_S.jpg | Parameter: Iterationen=64, max. Validierungsrunden=8

--- Verarbeite AC0842_S.jpg ---
Bildbeschreibung: Kreisförmiges Badge. Abweichung: mit Text "rF" (relative Feuchtigkeit) Abweichung: mit Griff (dunkelgraue Linie nach unten) Abweichung: nach rechts gedreht, Text immer noch horizontal. Der Griff liegt auf einer Symmetrieachse des Kreises.
Befehl erkannt: SEMANTIC: Kreis + Buchstabe rF, SEMANTIC: waagrechter Strich links vom Kreis
[INFO] AC0842: Elementvalidierung gestartet | Runden=3, Elemente=circle,arm,text | Laufzeit=0.0s
[INFO] AC0842: Validierungsrunde 1/3 gestartet | Laufzeit=0.0s
[INFO] AC0842: Runde 1/3: optimiere Element 'circle' | Laufzeit=0.0s
[INFO] AC0842: Runde 1/3: optimiere Element 'arm' | Laufzeit=0.0s
[INFO] AC0842: Runde 1/3: optimiere Element 'text' | Laufzeit=0.0s
[INFO] AC0842: Validierungsrunde 1/3 abgeschlossen | Qualität (MAE-basiert, höher=besser): 87.99% -> 89.43% | mittlere Pixelabweichung (MAE, kleiner=besser): 30.613 -> 26.960 | Mean-Delta² (kleiner=besser): 7450.288 -> 6100.304 | Qualitätsgewinn=+3.653 (+11.93%) | Wirkung=verbessert | Parameter geändert=ja | Laufzeit=0.0s
[INFO] AC0842: Validierungsrunde 2/3 gestartet | Laufzeit=0.0s
[INFO] AC0842: Runde 2/3: optimiere Element 'circle' | Laufzeit=0.0s
[INFO] AC0842: Runde 2/3: optimiere Element 'arm' | Laufzeit=0.1s
[INFO] AC0842: Runde 2/3: optimiere Element 'text' | Laufzeit=0.1s
[INFO] AC0842: Validierungsrunde 2/3 abgeschlossen | Qualität (MAE-basiert, höher=besser): 89.43% -> 90.16% | mittlere Pixelabweichung (MAE, kleiner=besser): 26.960 -> 25.085 | Mean-Delta² (kleiner=besser): 6100.304 -> 5225.464 | Qualitätsgewinn=+1.875 (+6.95%) | Wirkung=verbessert | Parameter geändert=ja | Laufzeit=0.1s
[INFO] AC0842: Validierungsrunde 3/3 gestartet | Laufzeit=0.1s
[INFO] AC0842: Runde 3/3: optimiere Element 'circle' | Laufzeit=0.1s
[INFO] AC0842: Runde 3/3: optimiere Element 'arm' | Laufzeit=0.1s
[INFO] AC0842: Runde 3/3: optimiere Element 'text' | Laufzeit=0.1s
[INFO] AC0842: Validierungsrunde 3/3 abgeschlossen | Qualität (MAE-basiert, höher=besser): 90.16% -> 91.75% | mittlere Pixelabweichung (MAE, kleiner=besser): 25.085 -> 21.032 | Mean-Delta² (kleiner=besser): 5225.464 -> 4327.192 | Qualitätsgewinn=+4.053 (+16.16%) | Wirkung=verbessert | Parameter geändert=ja | Laufzeit=0.2s
[WARN] AC0842_S.jpg: Differenzbild-Fehlerpixel sind nicht zufällig verteilt; Variante bleibt für einen Qualitäts-Nachbesserungslauf geöffnet (upper_quartile_error_pixels_form_large_connected_component; largest_cluster_fraction=0.612903, localized_error_fraction=0.835095).
[INFO] Konvertiert AC0842_S.jpg | Parameter: mode=semantic_badge, label=rF, variant_name=AC0842_S | Qualität: Optimierungsfehler/Pixel=0.056085, Mean-Delta²=4327.191895, RGB-RMSE/Kanal=37.978906, Raumscore=13886.169091, beste Validierungsrunde=3/3, beste Composite-Iteration=n/a, ausgeführt=64/64 | Dauer=0.3s
[INFO] AC0732_S.jpg: Frühe Qualitätsprobe mit 3 Iterationen (Erfolgsbasis=1.000000, Abbruchgrenze=8.000000).
[INFO] Konvertiere AC0732_S.jpg | Parameter: Iterationen=3, max. Validierungsrunden=8

--- Verarbeite AC0732_S.jpg ---
Bildbeschreibung: wie AC072, aber nach rechts gredreht, Text immer noch horizontal "P"
Befehl erkannt: Fallback-Modus aktiv (Beschreibung wird ohne expliziten Compositing-Befehl verarbeitet)
  -> Fallback aktiv: elementweise iterative Annäherung aus Rasterbild.
[INFO] Konvertiert AC0732_S.jpg | Parameter: mode=auto, label=M, variant_name=AC0732_S | Qualität: Optimierungsfehler/Pixel=0.092440, Mean-Delta²=9314.794922, RGB-RMSE/Kanal=55.721913, Raumscore=23374.329475, beste Composite-Iteration=n/a (direkte/semantische Pipeline), ausgeführt=3/3 | Dauer=0.5s
[INFO] Konvertiere AC0732_S.jpg | Parameter: Iterationen=64, max. Validierungsrunden=8

--- Verarbeite AC0732_S.jpg ---
Bildbeschreibung: wie AC072, aber nach rechts gredreht, Text immer noch horizontal "P"
Befehl erkannt: Fallback-Modus aktiv (Beschreibung wird ohne expliziten Compositing-Befehl verarbeitet)
  -> Fallback aktiv: elementweise iterative Annäherung aus Rasterbild.
[INFO] Konvertiert AC0732_S.jpg | Parameter: mode=auto, label=M, variant_name=AC0732_S | Qualität: Optimierungsfehler/Pixel=0.091089, Mean-Delta²=9247.066406, RGB-RMSE/Kanal=55.518965, Raumscore=22851.872191, beste Composite-Iteration=n/a (direkte/semantische Pipeline), ausgeführt=64/64 | Dauer=0.2s
[INFO] GE9012_4S.jpg: Frühe Qualitätsprobe mit 3 Iterationen (Erfolgsbasis=1.000000, Abbruchgrenze=8.000000).
[INFO] Konvertiere GE9012_4S.jpg | Parameter: Iterationen=3, max. Validierungsrunden=8

--- Verarbeite GE9012_4S.jpg ---
Bildbeschreibung: Wie BackBottom: hellgraues Quadrat. . Geometrische Variante: identisch zur Referenz.
Befehl erkannt: Fallback-Modus aktiv (Beschreibung wird ohne expliziten Compositing-Befehl verarbeitet)
  -> Fallback aktiv: elementweise iterative Annäherung aus Rasterbild.
[WARN] GE9012_4S.jpg: Differenzbild-Fehlerpixel sind nicht zufällig verteilt; Variante bleibt für einen Qualitäts-Nachbesserungslauf geöffnet (upper_quartile_error_pixels_form_large_connected_component; largest_cluster_fraction=0.934426, localized_error_fraction=0.813912).
[INFO] Konvertiert GE9012_4S.jpg | Parameter: mode=auto, label=M, variant_name=GE9012_4S | Qualität: Optimierungsfehler/Pixel=0.057530, Mean-Delta²=2374.883301, RGB-RMSE/Kanal=28.135880, Raumscore=7726.616196, beste Composite-Iteration=n/a (direkte/semantische Pipeline), ausgeführt=3/3 | Dauer=0.6s
[INFO] Konvertiere GE9012_4S.jpg | Parameter: Iterationen=64, max. Validierungsrunden=8

--- Verarbeite GE9012_4S.jpg ---
Bildbeschreibung: Wie BackBottom: hellgraues Quadrat. . Geometrische Variante: identisch zur Referenz.
Befehl erkannt: Fallback-Modus aktiv (Beschreibung wird ohne expliziten Compositing-Befehl verarbeitet)
  -> Fallback aktiv: elementweise iterative Annäherung aus Rasterbild.
[WARN] GE9012_4S.jpg: Differenzbild-Fehlerpixel sind nicht zufällig verteilt; Variante bleibt für einen Qualitäts-Nachbesserungslauf geöffnet (upper_quartile_error_pixels_form_large_connected_component; largest_cluster_fraction=0.934426, localized_error_fraction=0.813912).
[INFO] Konvertiert GE9012_4S.jpg | Parameter: mode=auto, label=M, variant_name=GE9012_4S | Qualität: Optimierungsfehler/Pixel=0.058793, Mean-Delta²=2374.883301, RGB-RMSE/Kanal=28.135880, Raumscore=7726.616196, beste Composite-Iteration=n/a (direkte/semantische Pipeline), ausgeführt=64/64 | Dauer=0.3s
[INFO] GE9001_2M.jpg: Frühe Qualitätsprobe mit 3 Iterationen (Erfolgsbasis=1.000000, Abbruchgrenze=8.000000).
[INFO] Konvertiere GE9001_2M.jpg | Parameter: Iterationen=3, max. Validierungsrunden=8

--- Verarbeite GE9001_2M.jpg ---
Bildbeschreibung: stillisierte Röhre. Im Prinzip sehr dünnes Rechteck, hochkant, horizontaler Farbverlauf rot/grau/rot
Befehl erkannt: Fallback-Modus aktiv (Beschreibung wird ohne expliziten Compositing-Befehl verarbeitet)
  -> Fallback aktiv: elementweise iterative Annäherung aus Rasterbild.
[WARN] GE9001_2M.jpg: Differenzbild-Fehlerpixel sind nicht zufällig verteilt; Variante bleibt für einen Qualitäts-Nachbesserungslauf geöffnet (upper_quartile_error_pixels_form_large_connected_component; largest_cluster_fraction=1.000000, localized_error_fraction=0.516557).
[INFO] Konvertiert GE9001_2M.jpg | Parameter: mode=auto, label=M, variant_name=GE9001_2M | Qualität: Optimierungsfehler/Pixel=0.006812, Mean-Delta²=2540.561279, RGB-RMSE/Kanal=29.100752, Raumscore=6233.373000, beste Composite-Iteration=n/a (direkte/semantische Pipeline), ausgeführt=3/3 | Dauer=0.8s
[INFO] Konvertiere GE9001_2M.jpg | Parameter: Iterationen=64, max. Validierungsrunden=8

--- Verarbeite GE9001_2M.jpg ---
Bildbeschreibung: stillisierte Röhre. Im Prinzip sehr dünnes Rechteck, hochkant, horizontaler Farbverlauf rot/grau/rot
Befehl erkannt: Fallback-Modus aktiv (Beschreibung wird ohne expliziten Compositing-Befehl verarbeitet)
  -> Fallback aktiv: elementweise iterative Annäherung aus Rasterbild.
[WARN] GE9001_2M.jpg: Differenzbild-Fehlerpixel sind nicht zufällig verteilt; Variante bleibt für einen Qualitäts-Nachbesserungslauf geöffnet (upper_quartile_error_pixels_form_large_connected_component; largest_cluster_fraction=0.995876, localized_error_fraction=0.504951).
[INFO] Konvertiert GE9001_2M.jpg | Parameter: mode=auto, label=M, variant_name=GE9001_2M | Qualität: Optimierungsfehler/Pixel=0.006325, Mean-Delta²=2199.866211, RGB-RMSE/Kanal=27.079305, Raumscore=5348.532806, beste Composite-Iteration=n/a (direkte/semantische Pipeline), ausgeführt=64/64 | Dauer=0.3s
[INFO] z_242.jpg: Frühe Qualitätsprobe mit 3 Iterationen (Erfolgsbasis=1.000000, Abbruchgrenze=8.000000).
[INFO] Konvertiere z_242.jpg | Parameter: Iterationen=3, max. Validierungsrunden=8

--- Verarbeite z_242.jpg ---
Bildbeschreibung: z_-Dateien sind Rohr-Symbole mit Verzierungen; enthalten sind gerade Rohre, gebogene Rohre und T-Stücke.
Befehl erkannt: Fallback-Modus aktiv (Beschreibung wird ohne expliziten Compositing-Befehl verarbeitet)
  -> Fallback aktiv: elementweise iterative Annäherung aus Rasterbild.
[WARN] z_242.jpg: Differenzbild-Fehlerpixel sind nicht zufällig verteilt; Variante bleibt für einen Qualitäts-Nachbesserungslauf geöffnet (upper_quartile_error_pixels_form_large_connected_component; largest_cluster_fraction=0.506494, localized_error_fraction=0.627321).
[INFO] Konvertiert z_242.jpg | Parameter: mode=auto, label=M, variant_name=Z_242 | Qualität: Optimierungsfehler/Pixel=0.113285, Mean-Delta²=5912.460938, RGB-RMSE/Kanal=44.393922, Raumscore=14231.079808, beste Composite-Iteration=n/a (direkte/semantische Pipeline), ausgeführt=3/3 | Dauer=0.3s
[INFO] Konvertiere z_242.jpg | Parameter: Iterationen=64, max. Validierungsrunden=8

--- Verarbeite z_242.jpg ---
Bildbeschreibung: z_-Dateien sind Rohr-Symbole mit Verzierungen; enthalten sind gerade Rohre, gebogene Rohre und T-Stücke.
Befehl erkannt: Fallback-Modus aktiv (Beschreibung wird ohne expliziten Compositing-Befehl verarbeitet)
  -> Fallback aktiv: elementweise iterative Annäherung aus Rasterbild.
[WARN] z_242.jpg: Differenzbild-Fehlerpixel sind nicht zufällig verteilt; Variante bleibt für einen Qualitäts-Nachbesserungslauf geöffnet (upper_quartile_error_pixels_form_large_connected_component; largest_cluster_fraction=0.506494, localized_error_fraction=0.626291).
[INFO] Konvertiert z_242.jpg | Parameter: mode=auto, label=M, variant_name=Z_242 | Qualität: Optimierungsfehler/Pixel=0.113471, Mean-Delta²=5906.210938, RGB-RMSE/Kanal=44.370452, Raumscore=14193.922624, beste Composite-Iteration=n/a (direkte/semantische Pipeline), ausgeführt=64/64 | Dauer=0.2s
[INFO] GE1204_M.jpg: Frühe Qualitätsprobe mit 3 Iterationen (Erfolgsbasis=1.000000, Abbruchgrenze=8.000000).
[INFO] Konvertiere GE1204_M.jpg | Parameter: Iterationen=3, max. Validierungsrunden=8

--- Verarbeite GE1204_M.jpg ---
Bildbeschreibung: Wie GE1202: Wie GE1200, jedoch rote Farbe innen (grauer Rand ist gleich). Geometrische Variante: identisch zur Referenz.
Befehl erkannt: Fallback-Modus aktiv (Beschreibung wird ohne expliziten Compositing-Befehl verarbeitet)
  -> Fallback aktiv: elementweise iterative Annäherung aus Rasterbild.
[WARN] GE1204_M.jpg: Differenzbild-Fehlerpixel sind nicht zufällig verteilt; Variante bleibt für einen Qualitäts-Nachbesserungslauf geöffnet (error_energy_concentrated_in_worst_tiles; largest_cluster_fraction=0.473684, localized_error_fraction=0.714135).
[INFO] Konvertiert GE1204_M.jpg | Parameter: mode=auto, label=M, variant_name=GE1204_M | Qualität: Optimierungsfehler/Pixel=0.069648, Mean-Delta²=5018.147461, RGB-RMSE/Kanal=40.898849, Raumscore=13319.952956, beste Composite-Iteration=n/a (direkte/semantische Pipeline), ausgeführt=3/3 | Dauer=0.3s
[INFO] Konvertiere GE1204_M.jpg | Parameter: Iterationen=64, max. Validierungsrunden=8

--- Verarbeite GE1204_M.jpg ---
Bildbeschreibung: Wie GE1202: Wie GE1200, jedoch rote Farbe innen (grauer Rand ist gleich). Geometrische Variante: identisch zur Referenz.
Befehl erkannt: Fallback-Modus aktiv (Beschreibung wird ohne expliziten Compositing-Befehl verarbeitet)
  -> Fallback aktiv: elementweise iterative Annäherung aus Rasterbild.
[WARN] GE1204_M.jpg: Differenzbild-Fehlerpixel sind nicht zufällig verteilt; Variante bleibt für einen Qualitäts-Nachbesserungslauf geöffnet (error_energy_concentrated_in_worst_tiles; largest_cluster_fraction=0.473684, localized_error_fraction=0.714135).
[INFO] Konvertiert GE1204_M.jpg | Parameter: mode=auto, label=M, variant_name=GE1204_M | Qualität: Optimierungsfehler/Pixel=0.071117, Mean-Delta²=5018.147461, RGB-RMSE/Kanal=40.898849, Raumscore=13319.952956, beste Composite-Iteration=n/a (direkte/semantische Pipeline), ausgeführt=64/64 | Dauer=0.2s
[INFO] AC0714_M.jpg: Frühe Qualitätsprobe mit 3 Iterationen (Erfolgsbasis=1.000000, Abbruchgrenze=8.000000).
[INFO] Konvertiere AC0714_M.jpg | Parameter: Iterationen=3, max. Validierungsrunden=8

--- Verarbeite AC0714_M.jpg ---
Bildbeschreibung: Wie AC0701: Kelle, aber mit Quadrat anstelle von Kreis oben. Geometrische Variante: 90° nach rechts gedreht. Der Griff liegt auf einer Symmetrieachse des Kreises.
Befehl erkannt: SEMANTIC: Kreis + Buchstabe
[ERROR] Semantik-Abgleich fehlgeschlagen:
  - semantic_connector_classification=vertical;circle_source=none;horizontal_candidates=2;vertical_candidates=1
  - Beschreibung erwartet Kreis, im Bild aber nicht robust erkennbar
  - Strukturprüfung: Kein belastbarer Kreis-Kandidat im Rohbild erkannt
[WARN] AC0714_M.jpg: Semantischer Fehlmatch, Batchlauf stoppt nach diesem Fehler.
[INFO] GE0281.jpg: Frühe Qualitätsprobe mit 3 Iterationen (Erfolgsbasis=1.000000, Abbruchgrenze=8.000000).
[INFO] Konvertiere GE0281.jpg | Parameter: Iterationen=3, max. Validierungsrunden=8

--- Verarbeite GE0281.jpg ---
Bildbeschreibung: Wie BackBottom: hellgraues Quadrat. . Geometrische Variante: identisch zur Referenz.
Befehl erkannt: Fallback-Modus aktiv (Beschreibung wird ohne expliziten Compositing-Befehl verarbeitet)
  -> Fallback aktiv: elementweise iterative Annäherung aus Rasterbild.
[WARN] GE0281.jpg: Differenzbild-Fehlerpixel sind nicht zufällig verteilt; Variante bleibt für einen Qualitäts-Nachbesserungslauf geöffnet (upper_quartile_error_pixels_form_large_connected_component; largest_cluster_fraction=1.000000, localized_error_fraction=0.609976).
[INFO] Konvertiert GE0281.jpg | Parameter: mode=auto, label=M, variant_name=GE0281 | Qualität: Optimierungsfehler/Pixel=0.106516, Mean-Delta²=15387.900391, RGB-RMSE/Kanal=71.619132, Raumscore=37324.893773, beste Composite-Iteration=n/a (direkte/semantische Pipeline), ausgeführt=3/3 | Dauer=0.5s
[INFO] Konvertiere GE0281.jpg | Parameter: Iterationen=64, max. Validierungsrunden=8

--- Verarbeite GE0281.jpg ---
Bildbeschreibung: Wie BackBottom: hellgraues Quadrat. . Geometrische Variante: identisch zur Referenz.
Befehl erkannt: Fallback-Modus aktiv (Beschreibung wird ohne expliziten Compositing-Befehl verarbeitet)
  -> Fallback aktiv: elementweise iterative Annäherung aus Rasterbild.
[WARN] GE0281.jpg: Differenzbild-Fehlerpixel sind nicht zufällig verteilt; Variante bleibt für einen Qualitäts-Nachbesserungslauf geöffnet (upper_quartile_error_pixels_form_large_connected_component; largest_cluster_fraction=1.000000, localized_error_fraction=0.613988).
[INFO] Konvertiert GE0281.jpg | Parameter: mode=auto, label=M, variant_name=GE0281 | Qualität: Optimierungsfehler/Pixel=0.105633, Mean-Delta²=15287.335938, RGB-RMSE/Kanal=71.384723, Raumscore=37284.761113, beste Composite-Iteration=n/a (direkte/semantische Pipeline), ausgeführt=64/64 | Dauer=0.3s
[INFO] GE9005_1S.jpg: Frühe Qualitätsprobe mit 3 Iterationen (Erfolgsbasis=1.000000, Abbruchgrenze=8.000000).
[INFO] Konvertiere GE9005_1S.jpg | Parameter: Iterationen=3, max. Validierungsrunden=8

--- Verarbeite GE9005_1S.jpg ---
Bildbeschreibung: Wie BackBottom: hellgraues Quadrat. . Geometrische Variante: identisch zur Referenz.
Befehl erkannt: Fallback-Modus aktiv (Beschreibung wird ohne expliziten Compositing-Befehl verarbeitet)
  -> Fallback aktiv: elementweise iterative Annäherung aus Rasterbild.
[WARN] GE9005_1S.jpg: Differenzbild-Fehlerpixel sind nicht zufällig verteilt; Variante bleibt für einen Qualitäts-Nachbesserungslauf geöffnet (upper_quartile_error_pixels_form_large_connected_component; largest_cluster_fraction=0.645161, localized_error_fraction=0.736527).
[INFO] Konvertiert GE9005_1S.jpg | Parameter: mode=auto, label=M, variant_name=GE9005_1S | Qualität: Optimierungsfehler/Pixel=0.275267, Mean-Delta²=4532.120117, RGB-RMSE/Kanal=38.867811, Raumscore=11542.449070, beste Composite-Iteration=n/a (direkte/semantische Pipeline), ausgeführt=3/3 | Dauer=0.5s
[INFO] Konvertiere GE9005_1S.jpg | Parameter: Iterationen=64, max. Validierungsrunden=8

--- Verarbeite GE9005_1S.jpg ---
Bildbeschreibung: Wie BackBottom: hellgraues Quadrat. . Geometrische Variante: identisch zur Referenz.
Befehl erkannt: Fallback-Modus aktiv (Beschreibung wird ohne expliziten Compositing-Befehl verarbeitet)
  -> Fallback aktiv: elementweise iterative Annäherung aus Rasterbild.
[WARN] GE9005_1S.jpg: Differenzbild-Fehlerpixel sind nicht zufällig verteilt; Variante bleibt für einen Qualitäts-Nachbesserungslauf geöffnet (upper_quartile_error_pixels_form_large_connected_component; largest_cluster_fraction=0.645161, localized_error_fraction=0.736527).
[INFO] Konvertiert GE9005_1S.jpg | Parameter: mode=auto, label=M, variant_name=GE9005_1S | Qualität: Optimierungsfehler/Pixel=0.272667, Mean-Delta²=4532.120117, RGB-RMSE/Kanal=38.867811, Raumscore=11542.449070, beste Composite-Iteration=n/a (direkte/semantische Pipeline), ausgeführt=64/64 | Dauer=0.3s
[INFO] GE9005_4S.jpg: Frühe Qualitätsprobe mit 3 Iterationen (Erfolgsbasis=1.000000, Abbruchgrenze=8.000000).
[INFO] Konvertiere GE9005_4S.jpg | Parameter: Iterationen=3, max. Validierungsrunden=8

--- Verarbeite GE9005_4S.jpg ---
Bildbeschreibung: Wie BackBottom: hellgraues Quadrat. . Geometrische Variante: identisch zur Referenz.
Befehl erkannt: Fallback-Modus aktiv (Beschreibung wird ohne expliziten Compositing-Befehl verarbeitet)
  -> Fallback aktiv: elementweise iterative Annäherung aus Rasterbild.
[WARN] GE9005_4S.jpg: Differenzbild-Fehlerpixel sind nicht zufällig verteilt; Variante bleibt für einen Qualitäts-Nachbesserungslauf geöffnet (upper_quartile_error_pixels_form_large_connected_component; largest_cluster_fraction=1.000000, localized_error_fraction=0.827877).
[INFO] Konvertiert GE9005_4S.jpg | Parameter: mode=auto, label=M, variant_name=GE9005_4S | Qualität: Optimierungsfehler/Pixel=0.179400, Mean-Delta²=1844.500000, RGB-RMSE/Kanal=24.795833, Raumscore=5654.776456, beste Composite-Iteration=n/a (direkte/semantische Pipeline), ausgeführt=3/3 | Dauer=0.3s
[INFO] Konvertiere GE9005_4S.jpg | Parameter: Iterationen=64, max. Validierungsrunden=8

--- Verarbeite GE9005_4S.jpg ---
Bildbeschreibung: Wie BackBottom: hellgraues Quadrat. . Geometrische Variante: identisch zur Referenz.
Befehl erkannt: Fallback-Modus aktiv (Beschreibung wird ohne expliziten Compositing-Befehl verarbeitet)
  -> Fallback aktiv: elementweise iterative Annäherung aus Rasterbild.
[WARN] GE9005_4S.jpg: Differenzbild-Fehlerpixel sind nicht zufällig verteilt; Variante bleibt für einen Qualitäts-Nachbesserungslauf geöffnet (upper_quartile_error_pixels_form_large_connected_component; largest_cluster_fraction=1.000000, localized_error_fraction=0.827877).
[INFO] Konvertiert GE9005_4S.jpg | Parameter: mode=auto, label=M, variant_name=GE9005_4S | Qualität: Optimierungsfehler/Pixel=0.181500, Mean-Delta²=1844.500000, RGB-RMSE/Kanal=24.795833, Raumscore=5654.776456, beste Composite-Iteration=n/a (direkte/semantische Pipeline), ausgeführt=64/64 | Dauer=0.3s
[INFO] GE9006_4M.jpg: Frühe Qualitätsprobe mit 3 Iterationen (Erfolgsbasis=1.000000, Abbruchgrenze=8.000000).
[INFO] Konvertiere GE9006_4M.jpg | Parameter: Iterationen=3, max. Validierungsrunden=8

--- Verarbeite GE9006_4M.jpg ---
Bildbeschreibung: Wie BackBottom: hellgraues Quadrat. . Geometrische Variante: identisch zur Referenz.
Befehl erkannt: Fallback-Modus aktiv (Beschreibung wird ohne expliziten Compositing-Befehl verarbeitet)
  -> Fallback aktiv: elementweise iterative Annäherung aus Rasterbild.
[INFO] Konvertiert GE9006_4M.jpg | Parameter: mode=auto, label=M, variant_name=GE9006_4M | Qualität: Optimierungsfehler/Pixel=0.064294, Mean-Delta²=3578.012451, RGB-RMSE/Kanal=34.535066, Raumscore=7611.944227, beste Composite-Iteration=n/a (direkte/semantische Pipeline), ausgeführt=3/3 | Dauer=0.5s
[INFO] Konvertiere GE9006_4M.jpg | Parameter: Iterationen=64, max. Validierungsrunden=8

--- Verarbeite GE9006_4M.jpg ---
Bildbeschreibung: Wie BackBottom: hellgraues Quadrat. . Geometrische Variante: identisch zur Referenz.
Befehl erkannt: Fallback-Modus aktiv (Beschreibung wird ohne expliziten Compositing-Befehl verarbeitet)
  -> Fallback aktiv: elementweise iterative Annäherung aus Rasterbild.
[INFO] Konvertiert GE9006_4M.jpg | Parameter: mode=auto, label=M, variant_name=GE9006_4M | Qualität: Optimierungsfehler/Pixel=0.064544, Mean-Delta²=3578.012451, RGB-RMSE/Kanal=34.535066, Raumscore=7611.944227, beste Composite-Iteration=n/a (direkte/semantische Pipeline), ausgeführt=64/64 | Dauer=0.4s
[INFO] GE9032_3M.jpg: Frühe Qualitätsprobe mit 3 Iterationen (Erfolgsbasis=1.000000, Abbruchgrenze=8.000000).
[INFO] Konvertiere GE9032_3M.jpg | Parameter: Iterationen=3, max. Validierungsrunden=8

--- Verarbeite GE9032_3M.jpg ---
Bildbeschreibung: Wie BackBottom: hellgraues Quadrat. . Geometrische Variante: identisch zur Referenz.
Befehl erkannt: Fallback-Modus aktiv (Beschreibung wird ohne expliziten Compositing-Befehl verarbeitet)
  -> Fallback aktiv: elementweise iterative Annäherung aus Rasterbild.
[WARN] GE9032_3M.jpg: Differenzbild-Fehlerpixel sind nicht zufällig verteilt; Variante bleibt für einen Qualitäts-Nachbesserungslauf geöffnet (error_energy_concentrated_in_worst_tiles; largest_cluster_fraction=0.492537, localized_error_fraction=0.892029).
[INFO] Konvertiert GE9032_3M.jpg | Parameter: mode=auto, label=M, variant_name=GE9032_3M | Qualität: Optimierungsfehler/Pixel=0.011697, Mean-Delta²=4667.223145, RGB-RMSE/Kanal=39.442883, Raumscore=15206.113829, beste Composite-Iteration=n/a (direkte/semantische Pipeline), ausgeführt=3/3 | Dauer=0.6s
[INFO] Konvertiere GE9032_3M.jpg | Parameter: Iterationen=64, max. Validierungsrunden=8

--- Verarbeite GE9032_3M.jpg ---
Bildbeschreibung: Wie BackBottom: hellgraues Quadrat. . Geometrische Variante: identisch zur Referenz.
Befehl erkannt: Fallback-Modus aktiv (Beschreibung wird ohne expliziten Compositing-Befehl verarbeitet)
  -> Fallback aktiv: elementweise iterative Annäherung aus Rasterbild.
[WARN] GE9032_3M.jpg: Differenzbild-Fehlerpixel sind nicht zufällig verteilt; Variante bleibt für einen Qualitäts-Nachbesserungslauf geöffnet (error_energy_concentrated_in_worst_tiles; largest_cluster_fraction=0.492537, localized_error_fraction=0.891669).
[INFO] Konvertiert GE9032_3M.jpg | Parameter: mode=auto, label=M, variant_name=GE9032_3M | Qualität: Optimierungsfehler/Pixel=0.011693, Mean-Delta²=4654.954590, RGB-RMSE/Kanal=39.391008, Raumscore=15169.961611, beste Composite-Iteration=n/a (direkte/semantische Pipeline), ausgeführt=64/64 | Dauer=0.3s
[INFO] AC0712_S.jpg: Frühe Qualitätsprobe mit 3 Iterationen (Erfolgsbasis=1.000000, Abbruchgrenze=8.000000).
[INFO] Konvertiere AC0712_S.jpg | Parameter: Iterationen=3, max. Validierungsrunden=8

--- Verarbeite AC0712_S.jpg ---
Bildbeschreibung: Wie AC0701: Kelle, aber mit Quadrat anstelle von Kreis oben. Geometrische Variante: 90° nach links gedreht. Der Griff liegt auf einer Symmetrieachse des Kreises.
Befehl erkannt: SEMANTIC: Kreis + Buchstabe
[INFO] unknown: Elementvalidierung gestartet | Runden=8, Elemente=circle,text | Laufzeit=0.0s
[INFO] unknown: Validierungsrunde 1/8 gestartet | Laufzeit=0.0s
[INFO] unknown: Runde 1/8: optimiere Element 'circle' | Laufzeit=0.0s
[INFO] unknown: Runde 1/8: optimiere Element 'text' | Laufzeit=0.0s
[INFO] unknown: Validierungsrunde 1/8 abgeschlossen | Qualität (MAE-basiert, höher=besser): 85.14% -> 85.14% | mittlere Pixelabweichung (MAE, kleiner=besser): 37.904 -> 37.904 | Mean-Delta² (kleiner=besser): 9389.664 -> 9389.664 | Qualitätsgewinn=+0.000 (+0.00%) | Wirkung=unverändert | Parameter geändert=nein | Laufzeit=0.0s
[INFO] unknown: Validierungsrunde 2/8 gestartet | Laufzeit=0.0s
[INFO] unknown: Runde 2/8: optimiere Element 'circle' | Laufzeit=0.0s
[INFO] unknown: Runde 2/8: optimiere Element 'text' | Laufzeit=0.0s
[INFO] unknown: Validierungsrunde 2/8 abgeschlossen | Qualität (MAE-basiert, höher=besser): 85.14% -> 85.14% | mittlere Pixelabweichung (MAE, kleiner=besser): 37.904 -> 37.904 | Mean-Delta² (kleiner=besser): 9389.664 -> 9389.664 | Qualitätsgewinn=+0.000 (+0.00%) | Wirkung=unverändert | Parameter geändert=nein | Laufzeit=0.0s
[INFO] Konvertiert AC0712_S.jpg | Parameter: mode=semantic_badge, label=M, variant_name=AC0712_S | Qualität: Optimierungsfehler/Pixel=0.080092, Mean-Delta²=5567.943848, RGB-RMSE/Kanal=43.081101, Raumscore=13299.041391, beste Validierungsrunde=1/2, beste Composite-Iteration=n/a, ausgeführt=3/3 | Dauer=0.3s
[INFO] Konvertiere AC0712_S.jpg | Parameter: Iterationen=64, max. Validierungsrunden=8

--- Verarbeite AC0712_S.jpg ---
Bildbeschreibung: Wie AC0701: Kelle, aber mit Quadrat anstelle von Kreis oben. Geometrische Variante: 90° nach links gedreht. Der Griff liegt auf einer Symmetrieachse des Kreises.
Befehl erkannt: SEMANTIC: Kreis + Buchstabe
[INFO] unknown: Elementvalidierung gestartet | Runden=8, Elemente=circle,text | Laufzeit=0.0s
[INFO] unknown: Validierungsrunde 1/8 gestartet | Laufzeit=0.0s
[INFO] unknown: Runde 1/8: optimiere Element 'circle' | Laufzeit=0.0s
[INFO] unknown: Runde 1/8: optimiere Element 'text' | Laufzeit=0.0s
[INFO] unknown: Validierungsrunde 1/8 abgeschlossen | Qualität (MAE-basiert, höher=besser): 85.14% -> 85.14% | mittlere Pixelabweichung (MAE, kleiner=besser): 37.904 -> 37.904 | Mean-Delta² (kleiner=besser): 9389.664 -> 9389.664 | Qualitätsgewinn=+0.000 (+0.00%) | Wirkung=unverändert | Parameter geändert=nein | Laufzeit=0.0s
[INFO] unknown: Validierungsrunde 2/8 gestartet | Laufzeit=0.0s
[INFO] unknown: Runde 2/8: optimiere Element 'circle' | Laufzeit=0.0s
[INFO] unknown: Runde 2/8: optimiere Element 'text' | Laufzeit=0.0s
[INFO] unknown: Validierungsrunde 2/8 abgeschlossen | Qualität (MAE-basiert, höher=besser): 85.14% -> 85.14% | mittlere Pixelabweichung (MAE, kleiner=besser): 37.904 -> 37.904 | Mean-Delta² (kleiner=besser): 9389.664 -> 9389.664 | Qualitätsgewinn=+0.000 (+0.00%) | Wirkung=unverändert | Parameter geändert=nein | Laufzeit=0.0s
[INFO] Konvertiert AC0712_S.jpg | Parameter: mode=semantic_badge, label=M, variant_name=AC0712_S | Qualität: Optimierungsfehler/Pixel=0.080092, Mean-Delta²=5567.943848, RGB-RMSE/Kanal=43.081101, Raumscore=13299.041391, beste Validierungsrunde=1/2, beste Composite-Iteration=n/a, ausgeführt=64/64 | Dauer=0.3s
[INFO] GE9021_2M.jpg: Frühe Qualitätsprobe mit 3 Iterationen (Erfolgsbasis=1.000000, Abbruchgrenze=8.000000).
[INFO] Konvertiere GE9021_2M.jpg | Parameter: Iterationen=3, max. Validierungsrunden=8

--- Verarbeite GE9021_2M.jpg ---
Bildbeschreibung: Weißer schmaler Hintergrund mit gelber U-Form: zwei senkrechte gelbe Linien laufen links und rechts nach unten und sind unten durch einen runden gelben Bogen verbunden.
Befehl erkannt: Fallback-Modus aktiv (Beschreibung wird ohne expliziten Compositing-Befehl verarbeitet)
  -> Fallback aktiv: elementweise iterative Annäherung aus Rasterbild.
[INFO] Konvertiert GE9021_2M.jpg | Parameter: mode=auto, label=M, variant_name=GE9021_2M | Qualität: Optimierungsfehler/Pixel=0.029143, Mean-Delta²=9453.189453, RGB-RMSE/Kanal=56.134331, Raumscore=23910.203146, beste Composite-Iteration=n/a (direkte/semantische Pipeline), ausgeführt=3/3 | Dauer=1.3s
[INFO] Konvertiere GE9021_2M.jpg | Parameter: Iterationen=64, max. Validierungsrunden=8

--- Verarbeite GE9021_2M.jpg ---
Bildbeschreibung: Weißer schmaler Hintergrund mit gelber U-Form: zwei senkrechte gelbe Linien laufen links und rechts nach unten und sind unten durch einen runden gelben Bogen verbunden.
Befehl erkannt: Fallback-Modus aktiv (Beschreibung wird ohne expliziten Compositing-Befehl verarbeitet)
  -> Fallback aktiv: elementweise iterative Annäherung aus Rasterbild.
[INFO] Konvertiert GE9021_2M.jpg | Parameter: mode=auto, label=M, variant_name=GE9021_2M | Qualität: Optimierungsfehler/Pixel=0.029033, Mean-Delta²=9453.189453, RGB-RMSE/Kanal=56.134331, Raumscore=23910.203146, beste Composite-Iteration=n/a (direkte/semantische Pipeline), ausgeführt=64/64 | Dauer=1.3s
[INFO] GE9022_3S.jpg: Frühe Qualitätsprobe mit 3 Iterationen (Erfolgsbasis=1.000000, Abbruchgrenze=8.000000).
[INFO] Konvertiere GE9022_3S.jpg | Parameter: Iterationen=3, max. Validierungsrunden=8

--- Verarbeite GE9022_3S.jpg ---
Bildbeschreibung: Wie BackBottom: hellgraues Quadrat. . Geometrische Variante: identisch zur Referenz.
Befehl erkannt: Fallback-Modus aktiv (Beschreibung wird ohne expliziten Compositing-Befehl verarbeitet)
  -> Fallback aktiv: elementweise iterative Annäherung aus Rasterbild.
[WARN] GE9022_3S.jpg: Differenzbild-Fehlerpixel sind nicht zufällig verteilt; Variante bleibt für einen Qualitäts-Nachbesserungslauf geöffnet (upper_quartile_error_pixels_form_large_connected_component; largest_cluster_fraction=0.627119, localized_error_fraction=0.841450).
[INFO] Konvertiert GE9022_3S.jpg | Parameter: mode=auto, label=M, variant_name=GE9022_3S | Qualität: Optimierungsfehler/Pixel=0.064948, Mean-Delta²=4336.253418, RGB-RMSE/Kanal=38.018651, Raumscore=14443.961942, beste Composite-Iteration=n/a (direkte/semantische Pipeline), ausgeführt=3/3 | Dauer=0.6s
[INFO] Konvertiere GE9022_3S.jpg | Parameter: Iterationen=64, max. Validierungsrunden=8

--- Verarbeite GE9022_3S.jpg ---
Bildbeschreibung: Wie BackBottom: hellgraues Quadrat. . Geometrische Variante: identisch zur Referenz.
Befehl erkannt: Fallback-Modus aktiv (Beschreibung wird ohne expliziten Compositing-Befehl verarbeitet)
  -> Fallback aktiv: elementweise iterative Annäherung aus Rasterbild.
[WARN] GE9022_3S.jpg: Differenzbild-Fehlerpixel sind nicht zufällig verteilt; Variante bleibt für einen Qualitäts-Nachbesserungslauf geöffnet (upper_quartile_error_pixels_form_large_connected_component; largest_cluster_fraction=0.627119, localized_error_fraction=0.835601).
[INFO] Konvertiert GE9022_3S.jpg | Parameter: mode=auto, label=M, variant_name=GE9022_3S | Qualität: Optimierungsfehler/Pixel=0.066937, Mean-Delta²=4349.669922, RGB-RMSE/Kanal=38.077421, Raumscore=14391.556621, beste Composite-Iteration=n/a (direkte/semantische Pipeline), ausgeführt=64/64 | Dauer=0.3s
[INFO] AC0203_M_sia.jpg: Frühe Qualitätsprobe mit 3 Iterationen (Erfolgsbasis=1.000000, Abbruchgrenze=8.000000).
[INFO] Konvertiere AC0203_M_sia.jpg | Parameter: Iterationen=3, max. Validierungsrunden=8

--- Verarbeite AC0203_M_sia.jpg ---
Bildbeschreibung: Wie AC0202: Kompressor grau nach rechts. Geometrische Variante: Hauptdiagonal gespiegelt.
Befehl erkannt: Fallback-Modus aktiv (Beschreibung wird ohne expliziten Compositing-Befehl verarbeitet)
  -> Fallback aktiv: elementweise iterative Annäherung aus Rasterbild.
[WARN] AC0203_M_sia.jpg: Differenzbild-Fehlerpixel sind nicht zufällig verteilt; Variante bleibt für einen Qualitäts-Nachbesserungslauf geöffnet (error_energy_concentrated_in_worst_tiles; largest_cluster_fraction=0.389189, localized_error_fraction=0.808638).
[INFO] Konvertiert AC0203_M_sia.jpg | Parameter: mode=auto, label=M, variant_name=AC0203_M_SIA | Qualität: Optimierungsfehler/Pixel=0.021854, Mean-Delta²=4304.964355, RGB-RMSE/Kanal=37.881237, Raumscore=12645.010115, beste Composite-Iteration=n/a (direkte/semantische Pipeline), ausgeführt=3/3 | Dauer=0.7s
[INFO] Konvertiere AC0203_M_sia.jpg | Parameter: Iterationen=64, max. Validierungsrunden=8

--- Verarbeite AC0203_M_sia.jpg ---
Bildbeschreibung: Wie AC0202: Kompressor grau nach rechts. Geometrische Variante: Hauptdiagonal gespiegelt.
Befehl erkannt: Fallback-Modus aktiv (Beschreibung wird ohne expliziten Compositing-Befehl verarbeitet)
  -> Fallback aktiv: elementweise iterative Annäherung aus Rasterbild.
[WARN] AC0203_M_sia.jpg: Differenzbild-Fehlerpixel sind nicht zufällig verteilt; Variante bleibt für einen Qualitäts-Nachbesserungslauf geöffnet (error_energy_concentrated_in_worst_tiles; largest_cluster_fraction=0.389189, localized_error_fraction=0.808638).
[INFO] Konvertiert AC0203_M_sia.jpg | Parameter: mode=auto, label=M, variant_name=AC0203_M_SIA | Qualität: Optimierungsfehler/Pixel=0.021824, Mean-Delta²=4304.964355, RGB-RMSE/Kanal=37.881237, Raumscore=12645.010115, beste Composite-Iteration=n/a (direkte/semantische Pipeline), ausgeführt=64/64 | Dauer=0.2s
[INFO] GE0034_S.jpg: Frühe Qualitätsprobe mit 3 Iterationen (Erfolgsbasis=1.000000, Abbruchgrenze=8.000000).
[INFO] Konvertiere GE0034_S.jpg | Parameter: Iterationen=3, max. Validierungsrunden=8

--- Verarbeite GE0034_S.jpg ---
Bildbeschreibung: Wie GE0025, aber ohne Hintergrund
Befehl erkannt: Fallback-Modus aktiv (Beschreibung wird ohne expliziten Compositing-Befehl verarbeitet)
  -> Fallback aktiv: elementweise iterative Annäherung aus Rasterbild.
[WARN] GE0034_S.jpg: Differenzbild-Fehlerpixel sind nicht zufällig verteilt; Variante bleibt für einen Qualitäts-Nachbesserungslauf geöffnet (upper_quartile_error_pixels_form_large_connected_component; largest_cluster_fraction=0.905188, localized_error_fraction=0.635822).
[INFO] Konvertiert GE0034_S.jpg | Parameter: mode=auto, label=M, variant_name=GE0034_S | Qualität: Optimierungsfehler/Pixel=0.012260, Mean-Delta²=5220.815430, RGB-RMSE/Kanal=41.716565, Raumscore=13706.141747, beste Composite-Iteration=n/a (direkte/semantische Pipeline), ausgeführt=3/3 | Dauer=0.4s
[INFO] Konvertiere GE0034_S.jpg | Parameter: Iterationen=64, max. Validierungsrunden=8

--- Verarbeite GE0034_S.jpg ---
Bildbeschreibung: Wie GE0025, aber ohne Hintergrund
Befehl erkannt: Fallback-Modus aktiv (Beschreibung wird ohne expliziten Compositing-Befehl verarbeitet)
  -> Fallback aktiv: elementweise iterative Annäherung aus Rasterbild.
[WARN] GE0034_S.jpg: Differenzbild-Fehlerpixel sind nicht zufällig verteilt; Variante bleibt für einen Qualitäts-Nachbesserungslauf geöffnet (upper_quartile_error_pixels_form_large_connected_component; largest_cluster_fraction=0.901961, localized_error_fraction=0.639440).
[INFO] Konvertiert GE0034_S.jpg | Parameter: mode=auto, label=M, variant_name=GE0034_S | Qualität: Optimierungsfehler/Pixel=0.012200, Mean-Delta²=5191.270508, RGB-RMSE/Kanal=41.598359, Raumscore=13675.246002, beste Composite-Iteration=n/a (direkte/semantische Pipeline), ausgeführt=64/64 | Dauer=0.2s
[INFO] AC0502_1L_sia.jpg: Frühe Qualitätsprobe mit 3 Iterationen (Erfolgsbasis=1.000000, Abbruchgrenze=8.000000).
[INFO] Konvertiere AC0502_1L_sia.jpg | Parameter: Iterationen=3, max. Validierungsrunden=8

--- Verarbeite AC0502_1L_sia.jpg ---
Bildbeschreibung: Wie AC0501: Klappensymbol: Rechteck hochkant, graue Umrandung. Graue Diagonale von unten links nach oben Rechts, in der Mitte ein dunkelgrauer Punkt. Farbverlauf Hintergrund: Dunkelgrau, hellgrau, dunkelgrau. Geometrische Variante: 90° nach rechts gedreht.
Befehl erkannt: Fallback-Modus aktiv (Beschreibung wird ohne expliziten Compositing-Befehl verarbeitet)
  -> Fallback aktiv: elementweise iterative Annäherung aus Rasterbild.
[WARN] AC0502_1L_sia.jpg: Differenzbild-Fehlerpixel sind nicht zufällig verteilt; Variante bleibt für einen Qualitäts-Nachbesserungslauf geöffnet (upper_quartile_error_pixels_form_large_connected_component; largest_cluster_fraction=0.660793, localized_error_fraction=0.876581).
[INFO] Konvertiert AC0502_1L_sia.jpg | Parameter: mode=auto, label=M, variant_name=AC0502_1L_SIA | Qualität: Optimierungsfehler/Pixel=0.001798, Mean-Delta²=1006.975342, RGB-RMSE/Kanal=18.320984, Raumscore=3504.199816, beste Composite-Iteration=n/a (direkte/semantische Pipeline), ausgeführt=3/3 | Dauer=0.9s
[INFO] Konvertiere AC0502_1L_sia.jpg | Parameter: Iterationen=64, max. Validierungsrunden=8

--- Verarbeite AC0502_1L_sia.jpg ---
Bildbeschreibung: Wie AC0501: Klappensymbol: Rechteck hochkant, graue Umrandung. Graue Diagonale von unten links nach oben Rechts, in der Mitte ein dunkelgrauer Punkt. Farbverlauf Hintergrund: Dunkelgrau, hellgrau, dunkelgrau. Geometrische Variante: 90° nach rechts gedreht.
Befehl erkannt: Fallback-Modus aktiv (Beschreibung wird ohne expliziten Compositing-Befehl verarbeitet)
  -> Fallback aktiv: elementweise iterative Annäherung aus Rasterbild.
[WARN] AC0502_1L_sia.jpg: Differenzbild-Fehlerpixel sind nicht zufällig verteilt; Variante bleibt für einen Qualitäts-Nachbesserungslauf geöffnet (upper_quartile_error_pixels_form_large_connected_component; largest_cluster_fraction=0.594714, localized_error_fraction=0.864974).
[INFO] Konvertiert AC0502_1L_sia.jpg | Parameter: mode=auto, label=M, variant_name=AC0502_1L_SIA | Qualität: Optimierungsfehler/Pixel=0.001710, Mean-Delta²=930.532837, RGB-RMSE/Kanal=17.611860, Raumscore=3186.510387, beste Composite-Iteration=n/a (direkte/semantische Pipeline), ausgeführt=64/64 | Dauer=0.3s
[INFO] GE0106_S.jpg: Frühe Qualitätsprobe mit 3 Iterationen (Erfolgsbasis=1.000000, Abbruchgrenze=8.000000).
[INFO] Konvertiere GE0106_S.jpg | Parameter: Iterationen=3, max. Validierungsrunden=8

--- Verarbeite GE0106_S.jpg ---
Bildbeschreibung: Wie GE0100: leicht abgerundetes Rechteck mit grauem Rand, vertikaler Farbverlauf von weiss (oben) nach grau (unten). . Geometrische Variante: identisch zur Referenz.
Befehl erkannt: Fallback-Modus aktiv (Beschreibung wird ohne expliziten Compositing-Befehl verarbeitet)
  -> Fallback aktiv: verwende gerahmtes Farbuebergang-Panel aus Rasterfarben.
[WARN] GE0106_S.jpg: Differenzbild-Fehlerpixel sind nicht zufällig verteilt; Variante bleibt für einen Qualitäts-Nachbesserungslauf geöffnet (upper_quartile_error_pixels_form_large_connected_component; largest_cluster_fraction=0.557839, localized_error_fraction=0.815137).
[INFO] Konvertiert GE0106_S.jpg | Parameter: mode=auto, label=M, variant_name=GE0106_S | Qualität: Optimierungsfehler/Pixel=0.002430, Mean-Delta²=1434.565186, RGB-RMSE/Kanal=21.867519, Raumscore=5030.318383, beste Composite-Iteration=n/a (direkte/semantische Pipeline), ausgeführt=3/3 | Dauer=0.2s
[INFO] Konvertiere GE0106_S.jpg | Parameter: Iterationen=64, max. Validierungsrunden=8

--- Verarbeite GE0106_S.jpg ---
Bildbeschreibung: Wie GE0100: leicht abgerundetes Rechteck mit grauem Rand, vertikaler Farbverlauf von weiss (oben) nach grau (unten). . Geometrische Variante: identisch zur Referenz.
Befehl erkannt: Fallback-Modus aktiv (Beschreibung wird ohne expliziten Compositing-Befehl verarbeitet)
  -> Fallback aktiv: verwende gerahmtes Farbuebergang-Panel aus Rasterfarben.
[WARN] GE0106_S.jpg: Differenzbild-Fehlerpixel sind nicht zufällig verteilt; Variante bleibt für einen Qualitäts-Nachbesserungslauf geöffnet (error_energy_concentrated_in_worst_tiles; largest_cluster_fraction=0.448747, localized_error_fraction=0.810900).
[INFO] Konvertiert GE0106_S.jpg | Parameter: mode=auto, label=M, variant_name=GE0106_S | Qualität: Optimierungsfehler/Pixel=0.002402, Mean-Delta²=1385.994995, RGB-RMSE/Kanal=21.494146, Raumscore=4770.098748, beste Composite-Iteration=n/a (direkte/semantische Pipeline), ausgeführt=64/64 | Dauer=0.2s
[INFO] AC0512_M.jpg: Frühe Qualitätsprobe mit 3 Iterationen (Erfolgsbasis=1.000000, Abbruchgrenze=8.000000).
[INFO] Konvertiere AC0512_M.jpg | Parameter: Iterationen=3, max. Validierungsrunden=8

--- Verarbeite AC0512_M.jpg ---
Bildbeschreibung: Wie AC0511: Graues Rechteck hochkant, graue Umrandung, drei graue horizontale Linien, Farbverlauf dunkel-hell-dunkel. Offene Klappe mit 3 Schliessflächen. Geometrische Variante: 90° nach rechts gedreht.
Befehl erkannt: Fallback-Modus aktiv (Beschreibung wird ohne expliziten Compositing-Befehl verarbeitet)
  -> Fallback aktiv: elementweise iterative Annäherung aus Rasterbild.
[WARN] AC0512_M.jpg: Differenzbild-Fehlerpixel sind nicht zufällig verteilt; Variante bleibt für einen Qualitäts-Nachbesserungslauf geöffnet (error_energy_concentrated_in_worst_tiles; largest_cluster_fraction=0.444685, localized_error_fraction=0.745279).
[INFO] Konvertiert AC0512_M.jpg | Parameter: mode=auto, label=M, variant_name=AC0512_M | Qualität: Optimierungsfehler/Pixel=0.012376, Mean-Delta²=3249.098389, RGB-RMSE/Kanal=32.909464, Raumscore=8808.145396, beste Composite-Iteration=n/a (direkte/semantische Pipeline), ausgeführt=3/3 | Dauer=1.1s
[INFO] Konvertiere AC0512_M.jpg | Parameter: Iterationen=64, max. Validierungsrunden=8

--- Verarbeite AC0512_M.jpg ---
Bildbeschreibung: Wie AC0511: Graues Rechteck hochkant, graue Umrandung, drei graue horizontale Linien, Farbverlauf dunkel-hell-dunkel. Offene Klappe mit 3 Schliessflächen. Geometrische Variante: 90° nach rechts gedreht.
Befehl erkannt: Fallback-Modus aktiv (Beschreibung wird ohne expliziten Compositing-Befehl verarbeitet)
  -> Fallback aktiv: elementweise iterative Annäherung aus Rasterbild.
[WARN] AC0512_M.jpg: Differenzbild-Fehlerpixel sind nicht zufällig verteilt; Variante bleibt für einen Qualitäts-Nachbesserungslauf geöffnet (error_energy_concentrated_in_worst_tiles; largest_cluster_fraction=0.444685, localized_error_fraction=0.745279).
[INFO] Konvertiert AC0512_M.jpg | Parameter: mode=auto, label=M, variant_name=AC0512_M | Qualität: Optimierungsfehler/Pixel=0.012277, Mean-Delta²=3249.098389, RGB-RMSE/Kanal=32.909464, Raumscore=8808.145396, beste Composite-Iteration=n/a (direkte/semantische Pipeline), ausgeführt=64/64 | Dauer=0.3s
[INFO] AC0421_2_S.jpg: Frühe Qualitätsprobe mit 3 Iterationen (Erfolgsbasis=1.000000, Abbruchgrenze=8.000000).
[INFO] Konvertiere AC0421_2_S.jpg | Parameter: Iterationen=3, max. Validierungsrunden=8

--- Verarbeite AC0421_2_S.jpg ---
Bildbeschreibung: Unzugeordnete Wurzelform aus der Serie AC0421_2. Das Symbol liegt derzeit nur als einzelnes, noch nicht fachlich klassifiziertes Bildobjekt vor. Dokumentiert ist die kleine Variante (S). Bitte einer finalen Wurzelform-Kategorie zuordnen.
Befehl erkannt: MANUELL: Beschreibung fordert manuelle Zuordnung zu einer finalen Wurzelform-Kategorie.
  -> Plan B aktiv: elementweise iterative Annäherung aus Rasterbild.
  -> Plan B Vergleich aktiv: verwende generierte Vektor-Lösung (status=manual_review_elementwise_symbol_fit, err=36.018).
[INFO] Konvertiert AC0421_2_S.jpg | Parameter: mode=manual_review, label=, variant_name=AC0421_2_S | Qualität: Optimierungsfehler/Pixel=0.090890, Mean-Delta²=6302.762695, RGB-RMSE/Kanal=45.835804, Raumscore=11989.738950, beste Composite-Iteration=n/a (direkte/semantische Pipeline), ausgeführt=3/3 | Dauer=0.3s
[INFO] Konvertiere AC0421_2_S.jpg | Parameter: Iterationen=64, max. Validierungsrunden=8

--- Verarbeite AC0421_2_S.jpg ---
Bildbeschreibung: Unzugeordnete Wurzelform aus der Serie AC0421_2. Das Symbol liegt derzeit nur als einzelnes, noch nicht fachlich klassifiziertes Bildobjekt vor. Dokumentiert ist die kleine Variante (S). Bitte einer finalen Wurzelform-Kategorie zuordnen.
Befehl erkannt: MANUELL: Beschreibung fordert manuelle Zuordnung zu einer finalen Wurzelform-Kategorie.
  -> Plan B aktiv: elementweise iterative Annäherung aus Rasterbild.
  -> Plan B Vergleich aktiv: verwende generierte Vektor-Lösung (status=manual_review_elementwise_symbol_fit, err=36.018).
[INFO] Konvertiert AC0421_2_S.jpg | Parameter: mode=manual_review, label=, variant_name=AC0421_2_S | Qualität: Optimierungsfehler/Pixel=0.090246, Mean-Delta²=6272.819824, RGB-RMSE/Kanal=45.726797, Raumscore=11871.130336, beste Composite-Iteration=n/a (direkte/semantische Pipeline), ausgeführt=64/64 | Dauer=0.2s
[INFO] AC5020_S.jpg: Frühe Qualitätsprobe mit 3 Iterationen (Erfolgsbasis=1.000000, Abbruchgrenze=8.000000).
[INFO] Konvertiere AC5020_S.jpg | Parameter: Iterationen=3, max. Validierungsrunden=8

--- Verarbeite AC5020_S.jpg ---
Bildbeschreibung: sehr komplexe Form, wahrscheinlich sehr schwierig zum nachzeichnen. Das ist ein "Rückkühler" also ein Aussenluftkühlgerät für Heisses Wasser (oder eine Heisse Flüssigkeit). Ob oben sind zwei Röhren um die heisse Luft abzuleiten, oben rchts sind zwei Gitterroste, um die kalte Luft einströmen zu lassen. Unten rechts ist ein grosse Öffnung (?). Auf der Llinken Seite ist oben links ein grau-blauer Punkt.
Befehl erkannt: MANUELL: Beschreibung unzureichend (fehlende Geometriehinweise oder leerer Beschreibungstext).
  -> Fallback aktiv: elementweise iterative Annäherung aus Rasterbild.
[WARN] AC5020_S.jpg: Differenzbild-Fehlerpixel sind nicht zufällig verteilt; Variante bleibt für einen Qualitäts-Nachbesserungslauf geöffnet (upper_quartile_error_pixels_form_large_connected_component; largest_cluster_fraction=0.809076, localized_error_fraction=0.573655).
[INFO] Konvertiert AC5020_S.jpg | Parameter: mode=insufficient_description, label=, variant_name=AC5020_S | Qualität: Optimierungsfehler/Pixel=0.002299, Mean-Delta²=5908.154785, RGB-RMSE/Kanal=44.377753, Raumscore=13747.972293, beste Composite-Iteration=n/a (direkte/semantische Pipeline), ausgeführt=3/3 | Dauer=0.6s
[INFO] Konvertiere AC5020_S.jpg | Parameter: Iterationen=64, max. Validierungsrunden=8

--- Verarbeite AC5020_S.jpg ---
Bildbeschreibung: sehr komplexe Form, wahrscheinlich sehr schwierig zum nachzeichnen. Das ist ein "Rückkühler" also ein Aussenluftkühlgerät für Heisses Wasser (oder eine Heisse Flüssigkeit). Ob oben sind zwei Röhren um die heisse Luft abzuleiten, oben rchts sind zwei Gitterroste, um die kalte Luft einströmen zu lassen. Unten rechts ist ein grosse Öffnung (?). Auf der Llinken Seite ist oben links ein grau-blauer Punkt.
Befehl erkannt: MANUELL: Beschreibung unzureichend (fehlende Geometriehinweise oder leerer Beschreibungstext).
  -> Fallback aktiv: elementweise iterative Annäherung aus Rasterbild.
[WARN] AC5020_S.jpg: Differenzbild-Fehlerpixel sind nicht zufällig verteilt; Variante bleibt für einen Qualitäts-Nachbesserungslauf geöffnet (upper_quartile_error_pixels_form_large_connected_component; largest_cluster_fraction=0.809076, localized_error_fraction=0.573655).
[INFO] Konvertiert AC5020_S.jpg | Parameter: mode=insufficient_description, label=, variant_name=AC5020_S | Qualität: Optimierungsfehler/Pixel=0.002296, Mean-Delta²=5908.154785, RGB-RMSE/Kanal=44.377753, Raumscore=13747.972293, beste Composite-Iteration=n/a (direkte/semantische Pipeline), ausgeführt=64/64 | Dauer=0.3s
[INFO] AC0922_S.jpg: Frühe Qualitätsprobe mit 3 Iterationen (Erfolgsbasis=1.000000, Abbruchgrenze=8.000000).
[INFO] Konvertiere AC0922_S.jpg | Parameter: Iterationen=3, max. Validierungsrunden=8

--- Verarbeite AC0922_S.jpg ---
Bildbeschreibung: Unzugeordnete Wurzelform aus der Serie AC0922. Das Symbol liegt derzeit nur als einzelnes, noch nicht fachlich klassifiziertes Bildobjekt vor. Dokumentiert ist die kleine Variante (S). Bitte einer finalen Wurzelform-Kategorie zuordnen.
Befehl erkannt: MANUELL: Beschreibung fordert manuelle Zuordnung zu einer finalen Wurzelform-Kategorie.
  -> Plan B aktiv: elementweise iterative Annäherung aus Rasterbild.
  -> Plan B Vergleich aktiv: verwende generierte Vektor-Lösung (status=manual_review_elementwise_symbol_fit, err=34.421).
[INFO] Konvertiert AC0922_S.jpg | Parameter: mode=manual_review, label=, variant_name=AC0922_S | Qualität: Optimierungsfehler/Pixel=0.091755, Mean-Delta²=6735.879883, RGB-RMSE/Kanal=47.384526, Raumscore=16968.535641, beste Composite-Iteration=n/a (direkte/semantische Pipeline), ausgeführt=3/3 | Dauer=0.3s
[INFO] Konvertiere AC0922_S.jpg | Parameter: Iterationen=64, max. Validierungsrunden=8

--- Verarbeite AC0922_S.jpg ---
Bildbeschreibung: Unzugeordnete Wurzelform aus der Serie AC0922. Das Symbol liegt derzeit nur als einzelnes, noch nicht fachlich klassifiziertes Bildobjekt vor. Dokumentiert ist die kleine Variante (S). Bitte einer finalen Wurzelform-Kategorie zuordnen.
Befehl erkannt: MANUELL: Beschreibung fordert manuelle Zuordnung zu einer finalen Wurzelform-Kategorie.
  -> Plan B aktiv: elementweise iterative Annäherung aus Rasterbild.
  -> Plan B Vergleich aktiv: verwende generierte Vektor-Lösung (status=manual_review_elementwise_symbol_fit, err=34.421).
[INFO] Konvertiert AC0922_S.jpg | Parameter: mode=manual_review, label=, variant_name=AC0922_S | Qualität: Optimierungsfehler/Pixel=0.092039, Mean-Delta²=6735.879883, RGB-RMSE/Kanal=47.384526, Raumscore=16968.535641, beste Composite-Iteration=n/a (direkte/semantische Pipeline), ausgeführt=64/64 | Dauer=0.2s
[INFO] AC0304_2_L.jpg: Frühe Qualitätsprobe mit 3 Iterationen (Erfolgsbasis=1.000000, Abbruchgrenze=8.000000).
[INFO] Konvertiere AC0304_2_L.jpg | Parameter: Iterationen=3, max. Validierungsrunden=8

--- Verarbeite AC0304_2_L.jpg ---
Bildbeschreibung: Wie AC0301: Kompresor grauer Hintergrund nach oben. Geometrische Variante: identisch zur Referenz.
Befehl erkannt: Fallback-Modus aktiv (Beschreibung wird ohne expliziten Compositing-Befehl verarbeitet)
  -> Fallback aktiv: elementweise iterative Annäherung aus Rasterbild.
[WARN] AC0304_2_L.jpg: Differenzbild-Fehlerpixel sind nicht zufällig verteilt; Variante bleibt für einen Qualitäts-Nachbesserungslauf geöffnet (upper_quartile_error_pixels_form_large_connected_component; largest_cluster_fraction=0.973534, localized_error_fraction=0.667184).
[INFO] Konvertiert AC0304_2_L.jpg | Parameter: mode=auto, label=M, variant_name=AC0304_2_L | Qualität: Optimierungsfehler/Pixel=0.002094, Mean-Delta²=3248.610596, RGB-RMSE/Kanal=32.906993, Raumscore=9496.984146, beste Composite-Iteration=n/a (direkte/semantische Pipeline), ausgeführt=3/3 | Dauer=0.4s
[INFO] Konvertiere AC0304_2_L.jpg | Parameter: Iterationen=64, max. Validierungsrunden=8

--- Verarbeite AC0304_2_L.jpg ---
Bildbeschreibung: Wie AC0301: Kompresor grauer Hintergrund nach oben. Geometrische Variante: identisch zur Referenz.
Befehl erkannt: Fallback-Modus aktiv (Beschreibung wird ohne expliziten Compositing-Befehl verarbeitet)
  -> Fallback aktiv: elementweise iterative Annäherung aus Rasterbild.
[WARN] AC0304_2_L.jpg: Differenzbild-Fehlerpixel sind nicht zufällig verteilt; Variante bleibt für einen Qualitäts-Nachbesserungslauf geöffnet (upper_quartile_error_pixels_form_large_connected_component; largest_cluster_fraction=0.973534, localized_error_fraction=0.667184).
[INFO] Konvertiert AC0304_2_L.jpg | Parameter: mode=auto, label=M, variant_name=AC0304_2_L | Qualität: Optimierungsfehler/Pixel=0.002147, Mean-Delta²=3248.610596, RGB-RMSE/Kanal=32.906993, Raumscore=9496.984146, beste Composite-Iteration=n/a (direkte/semantische Pipeline), ausgeführt=64/64 | Dauer=0.2s
[INFO] GE9033_5M.jpg: Frühe Qualitätsprobe mit 3 Iterationen (Erfolgsbasis=1.000000, Abbruchgrenze=8.000000).
[INFO] Konvertiere GE9033_5M.jpg | Parameter: Iterationen=3, max. Validierungsrunden=8

--- Verarbeite GE9033_5M.jpg ---
Bildbeschreibung: Wie BackBottom: hellgraues Quadrat. . Geometrische Variante: identisch zur Referenz.
Befehl erkannt: Fallback-Modus aktiv (Beschreibung wird ohne expliziten Compositing-Befehl verarbeitet)
  -> Fallback aktiv: elementweise iterative Annäherung aus Rasterbild.
[INFO] Konvertiert GE9033_5M.jpg | Parameter: mode=auto, label=M, variant_name=GE9033_5M | Qualität: Optimierungsfehler/Pixel=0.013639, Mean-Delta²=5418.087891, RGB-RMSE/Kanal=42.497403, Raumscore=13267.361462, beste Composite-Iteration=n/a (direkte/semantische Pipeline), ausgeführt=3/3 | Dauer=0.6s
[INFO] Konvertiere GE9033_5M.jpg | Parameter: Iterationen=64, max. Validierungsrunden=8

--- Verarbeite GE9033_5M.jpg ---
Bildbeschreibung: Wie BackBottom: hellgraues Quadrat. . Geometrische Variante: identisch zur Referenz.
Befehl erkannt: Fallback-Modus aktiv (Beschreibung wird ohne expliziten Compositing-Befehl verarbeitet)
  -> Fallback aktiv: elementweise iterative Annäherung aus Rasterbild.
[INFO] Konvertiert GE9033_5M.jpg | Parameter: mode=auto, label=M, variant_name=GE9033_5M | Qualität: Optimierungsfehler/Pixel=0.013565, Mean-Delta²=5343.519531, RGB-RMSE/Kanal=42.203947, Raumscore=13053.084759, beste Composite-Iteration=n/a (direkte/semantische Pipeline), ausgeführt=64/64 | Dauer=0.3s
[INFO] SH_VAV.jpg: Frühe Qualitätsprobe mit 3 Iterationen (Erfolgsbasis=1.000000, Abbruchgrenze=8.000000).
[INFO] Konvertiere SH_VAV.jpg | Parameter: Iterationen=3, max. Validierungsrunden=8

--- Verarbeite SH_VAV.jpg ---
Bildbeschreibung: Unzugeordnete Wurzelform aus der Serie SH_VAV. Das Symbol liegt derzeit nur als einzelnes, noch nicht fachlich klassifiziertes Bildobjekt vor. Dokumentiert ist die dokumentierte Variante (VAV). Bitte einer finalen Wurzelform-Kategorie zuordnen.
Befehl erkannt: MANUELL: Beschreibung fordert manuelle Zuordnung zu einer finalen Wurzelform-Kategorie.
  -> Plan B aktiv: elementweise iterative Annäherung aus Rasterbild.
  -> Plan B Vergleich aktiv: verwende generierte Vektor-Lösung (status=manual_review_elementwise_symbol_fit, err=11.415).
[INFO] Konvertiert SH_VAV.jpg | Parameter: mode=manual_review, label=, variant_name=SH_VAV | Qualität: Optimierungsfehler/Pixel=0.006373, Mean-Delta²=1067.141724, RGB-RMSE/Kanal=18.860379, Raumscore=2775.132814, beste Composite-Iteration=n/a (direkte/semantische Pipeline), ausgeführt=3/3 | Dauer=0.3s
[INFO] Konvertiere SH_VAV.jpg | Parameter: Iterationen=64, max. Validierungsrunden=8

--- Verarbeite SH_VAV.jpg ---
Bildbeschreibung: Unzugeordnete Wurzelform aus der Serie SH_VAV. Das Symbol liegt derzeit nur als einzelnes, noch nicht fachlich klassifiziertes Bildobjekt vor. Dokumentiert ist die dokumentierte Variante (VAV). Bitte einer finalen Wurzelform-Kategorie zuordnen.
Befehl erkannt: MANUELL: Beschreibung fordert manuelle Zuordnung zu einer finalen Wurzelform-Kategorie.
  -> Plan B aktiv: elementweise iterative Annäherung aus Rasterbild.
  -> Plan B Vergleich aktiv: verwende generierte Vektor-Lösung (status=manual_review_elementwise_symbol_fit, err=11.415).
[INFO] Konvertiert SH_VAV.jpg | Parameter: mode=manual_review, label=, variant_name=SH_VAV | Qualität: Optimierungsfehler/Pixel=0.006370, Mean-Delta²=1063.540039, RGB-RMSE/Kanal=18.828525, Raumscore=2726.663485, beste Composite-Iteration=n/a (direkte/semantische Pipeline), ausgeführt=64/64 | Dauer=0.2s
[INFO] AC0301_S.jpg: Frühe Qualitätsprobe mit 3 Iterationen (Erfolgsbasis=1.000000, Abbruchgrenze=8.000000).
[INFO] Konvertiere AC0301_S.jpg | Parameter: Iterationen=3, max. Validierungsrunden=8

--- Verarbeite AC0301_S.jpg ---
Bildbeschreibung: Kompresor grauer Hintergrund nach oben
Befehl erkannt: MANUELL: Beschreibung unzureichend (fehlende Geometriehinweise oder leerer Beschreibungstext).
  -> Fallback aktiv: elementweise iterative Annäherung aus Rasterbild.
[WARN] AC0301_S.jpg: Differenzbild-Fehlerpixel sind nicht zufällig verteilt; Variante bleibt für einen Qualitäts-Nachbesserungslauf geöffnet (upper_quartile_error_pixels_form_large_connected_component; largest_cluster_fraction=1.000000, localized_error_fraction=0.538911).
[INFO] Konvertiert AC0301_S.jpg | Parameter: mode=insufficient_description, label=, variant_name=AC0301_S | Qualität: Optimierungsfehler/Pixel=0.008147, Mean-Delta²=1670.576294, RGB-RMSE/Kanal=23.597855, Raumscore=4231.789980, beste Composite-Iteration=n/a (direkte/semantische Pipeline), ausgeführt=3/3 | Dauer=0.3s
[INFO] Konvertiere AC0301_S.jpg | Parameter: Iterationen=64, max. Validierungsrunden=8

--- Verarbeite AC0301_S.jpg ---
Bildbeschreibung: Kompresor grauer Hintergrund nach oben
Befehl erkannt: MANUELL: Beschreibung unzureichend (fehlende Geometriehinweise oder leerer Beschreibungstext).
  -> Fallback aktiv: elementweise iterative Annäherung aus Rasterbild.
[WARN] AC0301_S.jpg: Differenzbild-Fehlerpixel sind nicht zufällig verteilt; Variante bleibt für einen Qualitäts-Nachbesserungslauf geöffnet (upper_quartile_error_pixels_form_large_connected_component; largest_cluster_fraction=1.000000, localized_error_fraction=0.538911).
[INFO] Konvertiert AC0301_S.jpg | Parameter: mode=insufficient_description, label=, variant_name=AC0301_S | Qualität: Optimierungsfehler/Pixel=0.008178, Mean-Delta²=1670.576294, RGB-RMSE/Kanal=23.597855, Raumscore=4231.789980, beste Composite-Iteration=n/a (direkte/semantische Pipeline), ausgeführt=64/64 | Dauer=0.2s
[INFO] AC0553_2_S.jpg: Frühe Qualitätsprobe mit 3 Iterationen (Erfolgsbasis=1.000000, Abbruchgrenze=8.000000).
[INFO] Konvertiere AC0553_2_S.jpg | Parameter: Iterationen=3, max. Validierungsrunden=8

--- Verarbeite AC0553_2_S.jpg ---
Bildbeschreibung: Wie AC0551: Wie AC0150. Geometrische Variante: 180° gedreht.
Befehl erkannt: Fallback-Modus aktiv (Beschreibung wird ohne expliziten Compositing-Befehl verarbeitet)
  -> Fallback aktiv: elementweise iterative Annäherung aus Rasterbild.
[WARN] AC0553_2_S.jpg: Differenzbild-Fehlerpixel sind nicht zufällig verteilt; Variante bleibt für einen Qualitäts-Nachbesserungslauf geöffnet (upper_quartile_error_pixels_form_large_connected_component; largest_cluster_fraction=0.765000, localized_error_fraction=0.721517).
[INFO] Konvertiert AC0553_2_S.jpg | Parameter: mode=auto, label=M, variant_name=AC0553_2_S | Qualität: Optimierungsfehler/Pixel=0.032537, Mean-Delta²=4224.596191, RGB-RMSE/Kanal=37.525974, Raumscore=11853.742425, beste Composite-Iteration=n/a (direkte/semantische Pipeline), ausgeführt=3/3 | Dauer=0.3s
[INFO] Konvertiere AC0553_2_S.jpg | Parameter: Iterationen=64, max. Validierungsrunden=8

--- Verarbeite AC0553_2_S.jpg ---
Bildbeschreibung: Wie AC0551: Wie AC0150. Geometrische Variante: 180° gedreht.
Befehl erkannt: Fallback-Modus aktiv (Beschreibung wird ohne expliziten Compositing-Befehl verarbeitet)
  -> Fallback aktiv: elementweise iterative Annäherung aus Rasterbild.
[WARN] AC0553_2_S.jpg: Differenzbild-Fehlerpixel sind nicht zufällig verteilt; Variante bleibt für einen Qualitäts-Nachbesserungslauf geöffnet (upper_quartile_error_pixels_form_large_connected_component; largest_cluster_fraction=0.765000, localized_error_fraction=0.721517).
[INFO] Konvertiert AC0553_2_S.jpg | Parameter: mode=auto, label=M, variant_name=AC0553_2_S | Qualität: Optimierungsfehler/Pixel=0.032699, Mean-Delta²=4224.596191, RGB-RMSE/Kanal=37.525974, Raumscore=11853.742425, beste Composite-Iteration=n/a (direkte/semantische Pipeline), ausgeführt=64/64 | Dauer=0.2s
[INFO] AC0502_M.jpg: Frühe Qualitätsprobe mit 3 Iterationen (Erfolgsbasis=1.000000, Abbruchgrenze=8.000000).
[INFO] Konvertiere AC0502_M.jpg | Parameter: Iterationen=3, max. Validierungsrunden=8

--- Verarbeite AC0502_M.jpg ---
Bildbeschreibung: Wie AC0501: Klappensymbol: Rechteck hochkant, graue Umrandung. Graue Diagonale von unten links nach oben Rechts, in der Mitte ein dunkelgrauer Punkt. Farbverlauf Hintergrund: Dunkelgrau, hellgrau, dunkelgrau. Geometrische Variante: 90° nach rechts gedreht.
Befehl erkannt: Fallback-Modus aktiv (Beschreibung wird ohne expliziten Compositing-Befehl verarbeitet)
  -> Fallback aktiv: elementweise iterative Annäherung aus Rasterbild.
[WARN] AC0502_M.jpg: Differenzbild-Fehlerpixel sind nicht zufällig verteilt; Variante bleibt für einen Qualitäts-Nachbesserungslauf geöffnet (upper_quartile_error_pixels_form_large_connected_component; largest_cluster_fraction=0.549327, localized_error_fraction=0.724727).
[INFO] Konvertiert AC0502_M.jpg | Parameter: mode=auto, label=M, variant_name=AC0502_M | Qualität: Optimierungsfehler/Pixel=0.007045, Mean-Delta²=1656.884399, RGB-RMSE/Kanal=23.500953, Raumscore=4956.089660, beste Composite-Iteration=n/a (direkte/semantische Pipeline), ausgeführt=3/3 | Dauer=0.9s
[INFO] Konvertiere AC0502_M.jpg | Parameter: Iterationen=64, max. Validierungsrunden=8

--- Verarbeite AC0502_M.jpg ---
Bildbeschreibung: Wie AC0501: Klappensymbol: Rechteck hochkant, graue Umrandung. Graue Diagonale von unten links nach oben Rechts, in der Mitte ein dunkelgrauer Punkt. Farbverlauf Hintergrund: Dunkelgrau, hellgrau, dunkelgrau. Geometrische Variante: 90° nach rechts gedreht.
Befehl erkannt: Fallback-Modus aktiv (Beschreibung wird ohne expliziten Compositing-Befehl verarbeitet)
  -> Fallback aktiv: elementweise iterative Annäherung aus Rasterbild.
[WARN] AC0502_M.jpg: Differenzbild-Fehlerpixel sind nicht zufällig verteilt; Variante bleibt für einen Qualitäts-Nachbesserungslauf geöffnet (upper_quartile_error_pixels_form_large_connected_component; largest_cluster_fraction=0.549327, localized_error_fraction=0.724727).
[INFO] Konvertiert AC0502_M.jpg | Parameter: mode=auto, label=M, variant_name=AC0502_M | Qualität: Optimierungsfehler/Pixel=0.007080, Mean-Delta²=1656.884399, RGB-RMSE/Kanal=23.500953, Raumscore=4956.089660, beste Composite-Iteration=n/a (direkte/semantische Pipeline), ausgeführt=64/64 | Dauer=0.3s
[INFO] AC0843_L.jpg: Frühe Qualitätsprobe mit 3 Iterationen (Erfolgsbasis=1.000000, Abbruchgrenze=8.000000).
[INFO] Konvertiere AC0843_L.jpg | Parameter: Iterationen=3, max. Validierungsrunden=8

--- Verarbeite AC0843_L.jpg ---
Bildbeschreibung: Wie AC0842, jecoch nach rechts gedreht, Text immer noch horizontal
Befehl erkannt: SEMANTIC: Kreis + Buchstabe rF, SEMANTIC: waagrechter Strich links vom Kreis, REFERENZ: Abgeleitet aus AC0842
[ERROR] Semantik-Abgleich fehlgeschlagen:
  - semantic_connector_classification=vertical;circle_source=hough;horizontal_candidates=0;vertical_candidates=2
  - Im Bild ist senkrechter Strich erkennbar, aber nicht in der Beschreibung enthalten
[WARN] AC0843_L.jpg: Semantischer Fehlmatch, Batchlauf stoppt nach diesem Fehler.
[INFO] AC0572_M.jpg: Frühe Qualitätsprobe mit 3 Iterationen (Erfolgsbasis=1.000000, Abbruchgrenze=8.000000).
[INFO] Konvertiere AC0572_M.jpg | Parameter: Iterationen=3, max. Validierungsrunden=8

--- Verarbeite AC0572_M.jpg ---
Bildbeschreibung: Unzugeordnete Wurzelform aus der Serie AC0572. Das Symbol liegt derzeit nur als einzelnes, noch nicht fachlich klassifiziertes Bildobjekt vor. Dokumentiert ist die mittlere Variante (M). Bitte einer finalen Wurzelform-Kategorie zuordnen.
Befehl erkannt: MANUELL: Beschreibung fordert manuelle Zuordnung zu einer finalen Wurzelform-Kategorie.
  -> Plan B aktiv: elementweise iterative Annäherung aus Rasterbild.
  -> Plan B Vergleich aktiv: verwende generierte Vektor-Lösung (status=manual_review_elementwise_symbol_fit, err=16.247).
[WARN] AC0572_M.jpg: Differenzbild-Fehlerpixel sind nicht zufällig verteilt; Variante bleibt für einen Qualitäts-Nachbesserungslauf geöffnet (upper_quartile_error_pixels_form_large_connected_component; largest_cluster_fraction=0.894040, localized_error_fraction=0.828154).
[INFO] Konvertiert AC0572_M.jpg | Parameter: mode=manual_review, label=, variant_name=AC0572_M | Qualität: Optimierungsfehler/Pixel=0.008945, Mean-Delta²=2448.245117, RGB-RMSE/Kanal=28.567144, Raumscore=7951.266647, beste Composite-Iteration=n/a (direkte/semantische Pipeline), ausgeführt=3/3 | Dauer=0.3s
[INFO] Konvertiere AC0572_M.jpg | Parameter: Iterationen=64, max. Validierungsrunden=8

--- Verarbeite AC0572_M.jpg ---
Bildbeschreibung: Unzugeordnete Wurzelform aus der Serie AC0572. Das Symbol liegt derzeit nur als einzelnes, noch nicht fachlich klassifiziertes Bildobjekt vor. Dokumentiert ist die mittlere Variante (M). Bitte einer finalen Wurzelform-Kategorie zuordnen.
Befehl erkannt: MANUELL: Beschreibung fordert manuelle Zuordnung zu einer finalen Wurzelform-Kategorie.
  -> Plan B aktiv: elementweise iterative Annäherung aus Rasterbild.
  -> Plan B Vergleich aktiv: verwende generierte Vektor-Lösung (status=manual_review_elementwise_symbol_fit, err=16.247).
[WARN] AC0572_M.jpg: Differenzbild-Fehlerpixel sind nicht zufällig verteilt; Variante bleibt für einen Qualitäts-Nachbesserungslauf geöffnet (upper_quartile_error_pixels_form_large_connected_component; largest_cluster_fraction=0.894040, localized_error_fraction=0.828154).
[INFO] Konvertiert AC0572_M.jpg | Parameter: mode=manual_review, label=, variant_name=AC0572_M | Qualität: Optimierungsfehler/Pixel=0.009082, Mean-Delta²=2448.245117, RGB-RMSE/Kanal=28.567144, Raumscore=7951.266647, beste Composite-Iteration=n/a (direkte/semantische Pipeline), ausgeführt=64/64 | Dauer=0.2s
[INFO] AC0542_2_S.jpg: Frühe Qualitätsprobe mit 3 Iterationen (Erfolgsbasis=1.000000, Abbruchgrenze=8.000000).
[INFO] Konvertiere AC0542_2_S.jpg | Parameter: Iterationen=3, max. Validierungsrunden=8

--- Verarbeite AC0542_2_S.jpg ---
Bildbeschreibung: Wie AC0541: Klappensymbol: Rechteck hochkant, graue Umrandung. Graue Diagonale von unten links nach oben Rechts, in der Mitte ein dunkelgrauer Punkt. Farbverlauf Hintergrund: Dunkelgrau, hellgrau, dunkelgrau. üAhnlich AC501, jedoch in der Höhe gestaucht. Geometrische Variante: 90° nach rechts gedreht.
Befehl erkannt: Fallback-Modus aktiv (Beschreibung wird ohne expliziten Compositing-Befehl verarbeitet)
  -> Fallback aktiv: elementweise iterative Annäherung aus Rasterbild.
[INFO] Konvertiert AC0542_2_S.jpg | Parameter: mode=auto, label=M, variant_name=AC0542_2_S | Qualität: Optimierungsfehler/Pixel=0.071098, Mean-Delta²=3296.192383, RGB-RMSE/Kanal=33.147108, Raumscore=5955.193548, beste Composite-Iteration=n/a (direkte/semantische Pipeline), ausgeführt=3/3 | Dauer=0.9s
[INFO] Konvertiere AC0542_2_S.jpg | Parameter: Iterationen=64, max. Validierungsrunden=8

--- Verarbeite AC0542_2_S.jpg ---
Bildbeschreibung: Wie AC0541: Klappensymbol: Rechteck hochkant, graue Umrandung. Graue Diagonale von unten links nach oben Rechts, in der Mitte ein dunkelgrauer Punkt. Farbverlauf Hintergrund: Dunkelgrau, hellgrau, dunkelgrau. üAhnlich AC501, jedoch in der Höhe gestaucht. Geometrische Variante: 90° nach rechts gedreht.
Befehl erkannt: Fallback-Modus aktiv (Beschreibung wird ohne expliziten Compositing-Befehl verarbeitet)
  -> Fallback aktiv: elementweise iterative Annäherung aus Rasterbild.
[INFO] Konvertiert AC0542_2_S.jpg | Parameter: mode=auto, label=M, variant_name=AC0542_2_S | Qualität: Optimierungsfehler/Pixel=0.068925, Mean-Delta²=3296.192383, RGB-RMSE/Kanal=33.147108, Raumscore=5955.193548, beste Composite-Iteration=n/a (direkte/semantische Pipeline), ausgeführt=64/64 | Dauer=0.3s
[INFO] GE9011_2M.jpg: Frühe Qualitätsprobe mit 3 Iterationen (Erfolgsbasis=1.000000, Abbruchgrenze=8.000000).
[INFO] Konvertiere GE9011_2M.jpg | Parameter: Iterationen=3, max. Validierungsrunden=8

--- Verarbeite GE9011_2M.jpg ---
Bildbeschreibung: Wie BackBottom: hellgraues Quadrat. . Geometrische Variante: identisch zur Referenz.
Befehl erkannt: Fallback-Modus aktiv (Beschreibung wird ohne expliziten Compositing-Befehl verarbeitet)
  -> Fallback aktiv: elementweise iterative Annäherung aus Rasterbild.
[WARN] GE9011_2M.jpg: Differenzbild-Fehlerpixel sind nicht zufällig verteilt; Variante bleibt für einen Qualitäts-Nachbesserungslauf geöffnet (upper_quartile_error_pixels_form_large_connected_component; largest_cluster_fraction=0.720755, localized_error_fraction=0.595626).
[INFO] Konvertiert GE9011_2M.jpg | Parameter: mode=auto, label=M, variant_name=GE9011_2M | Qualität: Optimierungsfehler/Pixel=0.038961, Mean-Delta²=12562.377930, RGB-RMSE/Kanal=64.710581, Raumscore=29673.488459, beste Composite-Iteration=n/a (direkte/semantische Pipeline), ausgeführt=3/3 | Dauer=0.6s
[INFO] Konvertiere GE9011_2M.jpg | Parameter: Iterationen=64, max. Validierungsrunden=8

--- Verarbeite GE9011_2M.jpg ---
Bildbeschreibung: Wie BackBottom: hellgraues Quadrat. . Geometrische Variante: identisch zur Referenz.
Befehl erkannt: Fallback-Modus aktiv (Beschreibung wird ohne expliziten Compositing-Befehl verarbeitet)
  -> Fallback aktiv: elementweise iterative Annäherung aus Rasterbild.
[WARN] GE9011_2M.jpg: Differenzbild-Fehlerpixel sind nicht zufällig verteilt; Variante bleibt für einen Qualitäts-Nachbesserungslauf geöffnet (upper_quartile_error_pixels_form_large_connected_component; largest_cluster_fraction=0.722628, localized_error_fraction=0.593636).
[INFO] Konvertiert GE9011_2M.jpg | Parameter: mode=auto, label=M, variant_name=GE9011_2M | Qualität: Optimierungsfehler/Pixel=0.039043, Mean-Delta²=12552.657227, RGB-RMSE/Kanal=64.685540, Raumscore=29510.648911, beste Composite-Iteration=n/a (direkte/semantische Pipeline), ausgeführt=64/64 | Dauer=0.3s
[INFO] AC0531_2_L.jpg: Frühe Qualitätsprobe mit 3 Iterationen (Erfolgsbasis=1.000000, Abbruchgrenze=8.000000).
[INFO] Konvertiere AC0531_2_L.jpg | Parameter: Iterationen=3, max. Validierungsrunden=8

--- Verarbeite AC0531_2_L.jpg ---
Bildbeschreibung: Wie AC0501: Klappensymbol: Rechteck hochkant, graue Umrandung. Graue Diagonale von unten links nach oben Rechts, in der Mitte ein dunkelgrauer Punkt. Farbverlauf Hintergrund: Dunkelgrau, hellgrau, dunkelgrau. Geometrische Variante: identisch zur Referenz.
Befehl erkannt: Fallback-Modus aktiv (Beschreibung wird ohne expliziten Compositing-Befehl verarbeitet)
  -> Fallback aktiv: elementweise iterative Annäherung aus Rasterbild.
[INFO] Konvertiert AC0531_2_L.jpg | Parameter: mode=auto, label=M, variant_name=AC0531_2_L | Qualität: Optimierungsfehler/Pixel=0.009575, Mean-Delta²=3872.649902, RGB-RMSE/Kanal=35.928864, Raumscore=6312.630908, beste Composite-Iteration=n/a (direkte/semantische Pipeline), ausgeführt=3/3 | Dauer=1.1s
[INFO] Konvertiere AC0531_2_L.jpg | Parameter: Iterationen=64, max. Validierungsrunden=8

--- Verarbeite AC0531_2_L.jpg ---
Bildbeschreibung: Wie AC0501: Klappensymbol: Rechteck hochkant, graue Umrandung. Graue Diagonale von unten links nach oben Rechts, in der Mitte ein dunkelgrauer Punkt. Farbverlauf Hintergrund: Dunkelgrau, hellgrau, dunkelgrau. Geometrische Variante: identisch zur Referenz.
Befehl erkannt: Fallback-Modus aktiv (Beschreibung wird ohne expliziten Compositing-Befehl verarbeitet)
  -> Fallback aktiv: elementweise iterative Annäherung aus Rasterbild.
[INFO] Konvertiert AC0531_2_L.jpg | Parameter: mode=auto, label=M, variant_name=AC0531_2_L | Qualität: Optimierungsfehler/Pixel=0.010078, Mean-Delta²=3872.649902, RGB-RMSE/Kanal=35.928864, Raumscore=6312.630908, beste Composite-Iteration=n/a (direkte/semantische Pipeline), ausgeführt=64/64 | Dauer=1.2s
[INFO] GE9024_5M.jpg: Frühe Qualitätsprobe mit 3 Iterationen (Erfolgsbasis=1.000000, Abbruchgrenze=8.000000).
[INFO] Konvertiere GE9024_5M.jpg | Parameter: Iterationen=3, max. Validierungsrunden=8

--- Verarbeite GE9024_5M.jpg ---
Bildbeschreibung: Wie BackBottom: hellgraues Quadrat. . Geometrische Variante: identisch zur Referenz.
Befehl erkannt: Fallback-Modus aktiv (Beschreibung wird ohne expliziten Compositing-Befehl verarbeitet)
  -> Fallback aktiv: elementweise iterative Annäherung aus Rasterbild.
[INFO] Konvertiert GE9024_5M.jpg | Parameter: mode=auto, label=M, variant_name=GE9024_5M | Qualität: Optimierungsfehler/Pixel=0.028706, Mean-Delta²=7677.202637, RGB-RMSE/Kanal=50.587227, Raumscore=14393.130021, beste Composite-Iteration=n/a (direkte/semantische Pipeline), ausgeführt=3/3 | Dauer=0.6s
[INFO] Konvertiere GE9024_5M.jpg | Parameter: Iterationen=64, max. Validierungsrunden=8

--- Verarbeite GE9024_5M.jpg ---
Bildbeschreibung: Wie BackBottom: hellgraues Quadrat. . Geometrische Variante: identisch zur Referenz.
Befehl erkannt: Fallback-Modus aktiv (Beschreibung wird ohne expliziten Compositing-Befehl verarbeitet)
  -> Fallback aktiv: elementweise iterative Annäherung aus Rasterbild.
[INFO] Konvertiert GE9024_5M.jpg | Parameter: mode=auto, label=M, variant_name=GE9024_5M | Qualität: Optimierungsfehler/Pixel=0.028595, Mean-Delta²=7633.376465, RGB-RMSE/Kanal=50.442629, Raumscore=14384.625204, beste Composite-Iteration=n/a (direkte/semantische Pipeline), ausgeführt=64/64 | Dauer=0.3s
[INFO] GE9012_7M.jpg: Frühe Qualitätsprobe mit 3 Iterationen (Erfolgsbasis=1.000000, Abbruchgrenze=8.000000).
[INFO] Konvertiere GE9012_7M.jpg | Parameter: Iterationen=3, max. Validierungsrunden=8

--- Verarbeite GE9012_7M.jpg ---
Bildbeschreibung: Wie BackBottom: hellgraues Quadrat. . Geometrische Variante: identisch zur Referenz.
Befehl erkannt: Fallback-Modus aktiv (Beschreibung wird ohne expliziten Compositing-Befehl verarbeitet)
  -> Fallback aktiv: elementweise iterative Annäherung aus Rasterbild.
[WARN] GE9012_7M.jpg: Differenzbild-Fehlerpixel sind nicht zufällig verteilt; Variante bleibt für einen Qualitäts-Nachbesserungslauf geöffnet (upper_quartile_error_pixels_form_large_connected_component; largest_cluster_fraction=0.729630, localized_error_fraction=0.669873).
[INFO] Konvertiert GE9012_7M.jpg | Parameter: mode=auto, label=M, variant_name=GE9012_7M | Qualität: Optimierungsfehler/Pixel=0.025192, Mean-Delta²=12286.843750, RGB-RMSE/Kanal=63.996989, Raumscore=32629.599509, beste Composite-Iteration=n/a (direkte/semantische Pipeline), ausgeführt=3/3 | Dauer=0.6s
[INFO] Konvertiere GE9012_7M.jpg | Parameter: Iterationen=64, max. Validierungsrunden=8

--- Verarbeite GE9012_7M.jpg ---
Bildbeschreibung: Wie BackBottom: hellgraues Quadrat. . Geometrische Variante: identisch zur Referenz.
Befehl erkannt: Fallback-Modus aktiv (Beschreibung wird ohne expliziten Compositing-Befehl verarbeitet)
  -> Fallback aktiv: elementweise iterative Annäherung aus Rasterbild.
[WARN] GE9012_7M.jpg: Differenzbild-Fehlerpixel sind nicht zufällig verteilt; Variante bleibt für einen Qualitäts-Nachbesserungslauf geöffnet (upper_quartile_error_pixels_form_large_connected_component; largest_cluster_fraction=0.729630, localized_error_fraction=0.669201).
[INFO] Konvertiert GE9012_7M.jpg | Parameter: mode=auto, label=M, variant_name=GE9012_7M | Qualität: Optimierungsfehler/Pixel=0.025218, Mean-Delta²=12271.906250, RGB-RMSE/Kanal=63.958075, Raumscore=32562.384900, beste Composite-Iteration=n/a (direkte/semantische Pipeline), ausgeführt=64/64 | Dauer=0.3s
[INFO] AC0723_L.jpg: Frühe Qualitätsprobe mit 3 Iterationen (Erfolgsbasis=1.000000, Abbruchgrenze=8.000000).
[INFO] Konvertiere AC0723_L.jpg | Parameter: Iterationen=3, max. Validierungsrunden=8

--- Verarbeite AC0723_L.jpg ---
Bildbeschreibung: Wie AC0701: Kelle, aber mit Quadrat anstelle von Kreis oben. Geometrische Variante: Vertikal gespiegelt. Der Griff liegt auf einer Symmetrieachse des Kreises.
Befehl erkannt: SEMANTIC: Kreis + Buchstabe
[INFO] unknown: Elementvalidierung gestartet | Runden=8, Elemente=circle,text | Laufzeit=0.0s
[INFO] unknown: Validierungsrunde 1/8 gestartet | Laufzeit=0.0s
[INFO] unknown: Runde 1/8: optimiere Element 'circle' | Laufzeit=0.0s
[INFO] unknown: Runde 1/8: optimiere Element 'text' | Laufzeit=0.0s
[INFO] unknown: Validierungsrunde 1/8 abgeschlossen | Qualität (MAE-basiert, höher=besser): 86.20% -> 86.68% | mittlere Pixelabweichung (MAE, kleiner=besser): 35.181 -> 33.957 | Mean-Delta² (kleiner=besser): 10347.917 -> 10161.605 | Qualitätsgewinn=+1.224 (+3.48%) | Wirkung=verbessert | Parameter geändert=ja | Laufzeit=0.1s
[INFO] unknown: Validierungsrunde 2/8 gestartet | Laufzeit=0.1s
[INFO] unknown: Runde 2/8: optimiere Element 'circle' | Laufzeit=0.1s
[INFO] unknown: Runde 2/8: optimiere Element 'text' | Laufzeit=0.1s
[INFO] unknown: Validierungsrunde 2/8 abgeschlossen | Qualität (MAE-basiert, höher=besser): 86.68% -> 86.89% | mittlere Pixelabweichung (MAE, kleiner=besser): 33.957 -> 33.428 | Mean-Delta² (kleiner=besser): 10161.605 -> 9995.371 | Qualitätsgewinn=+0.530 (+1.56%) | Wirkung=verbessert | Parameter geändert=ja | Laufzeit=0.1s
[INFO] unknown: Validierungsrunde 3/8 gestartet | Laufzeit=0.1s
[INFO] unknown: Runde 3/8: optimiere Element 'circle' | Laufzeit=0.1s
[INFO] unknown: Runde 3/8: optimiere Element 'text' | Laufzeit=0.1s
[INFO] unknown: Validierungsrunde 3/8 abgeschlossen | Qualität (MAE-basiert, höher=besser): 86.89% -> 86.89% | mittlere Pixelabweichung (MAE, kleiner=besser): 33.428 -> 33.428 | Mean-Delta² (kleiner=besser): 9995.371 -> 9995.371 | Qualitätsgewinn=+0.000 (+0.00%) | Wirkung=unverändert | Parameter geändert=nein | Laufzeit=0.1s
[INFO] unknown: Validierungsrunde 4/8 gestartet | Laufzeit=0.1s
[INFO] unknown: Runde 4/8: optimiere Element 'circle' | Laufzeit=0.1s
[INFO] unknown: Runde 4/8: optimiere Element 'text' | Laufzeit=0.1s
[INFO] unknown: Validierungsrunde 4/8 abgeschlossen | Qualität (MAE-basiert, höher=besser): 86.89% -> 86.89% | mittlere Pixelabweichung (MAE, kleiner=besser): 33.428 -> 33.428 | Mean-Delta² (kleiner=besser): 9995.371 -> 9995.371 | Qualitätsgewinn=+0.000 (+0.00%) | Wirkung=unverändert | Parameter geändert=nein | Laufzeit=0.1s
[WARN] AC0723_L.jpg: Differenzbild-Fehlerpixel sind nicht zufällig verteilt; Variante bleibt für einen Qualitäts-Nachbesserungslauf geöffnet (upper_quartile_error_pixels_form_large_connected_component; largest_cluster_fraction=0.700565, localized_error_fraction=0.652666).
[INFO] Konvertiert AC0723_L.jpg | Parameter: mode=semantic_badge, label=M, variant_name=AC0723_L | Qualität: Optimierungsfehler/Pixel=0.025016, Mean-Delta²=6993.277344, RGB-RMSE/Kanal=48.281388, Raumscore=18596.696703, beste Validierungsrunde=2/4, beste Composite-Iteration=n/a, ausgeführt=3/3 | Dauer=0.4s
[INFO] Konvertiere AC0723_L.jpg | Parameter: Iterationen=64, max. Validierungsrunden=8

--- Verarbeite AC0723_L.jpg ---
Bildbeschreibung: Wie AC0701: Kelle, aber mit Quadrat anstelle von Kreis oben. Geometrische Variante: Vertikal gespiegelt. Der Griff liegt auf einer Symmetrieachse des Kreises.
Befehl erkannt: SEMANTIC: Kreis + Buchstabe
[INFO] unknown: Elementvalidierung gestartet | Runden=8, Elemente=circle,text | Laufzeit=0.0s
[INFO] unknown: Validierungsrunde 1/8 gestartet | Laufzeit=0.0s
[INFO] unknown: Runde 1/8: optimiere Element 'circle' | Laufzeit=0.0s
[INFO] unknown: Runde 1/8: optimiere Element 'text' | Laufzeit=0.0s
[INFO] unknown: Validierungsrunde 1/8 abgeschlossen | Qualität (MAE-basiert, höher=besser): 86.20% -> 86.68% | mittlere Pixelabweichung (MAE, kleiner=besser): 35.181 -> 33.957 | Mean-Delta² (kleiner=besser): 10347.917 -> 10161.605 | Qualitätsgewinn=+1.224 (+3.48%) | Wirkung=verbessert | Parameter geändert=ja | Laufzeit=0.0s
[INFO] unknown: Validierungsrunde 2/8 gestartet | Laufzeit=0.0s
[INFO] unknown: Runde 2/8: optimiere Element 'circle' | Laufzeit=0.0s
[INFO] unknown: Runde 2/8: optimiere Element 'text' | Laufzeit=0.0s
[INFO] unknown: Validierungsrunde 2/8 abgeschlossen | Qualität (MAE-basiert, höher=besser): 86.68% -> 86.89% | mittlere Pixelabweichung (MAE, kleiner=besser): 33.957 -> 33.428 | Mean-Delta² (kleiner=besser): 10161.605 -> 9995.371 | Qualitätsgewinn=+0.530 (+1.56%) | Wirkung=verbessert | Parameter geändert=ja | Laufzeit=0.0s
[INFO] unknown: Validierungsrunde 3/8 gestartet | Laufzeit=0.0s
[INFO] unknown: Runde 3/8: optimiere Element 'circle' | Laufzeit=0.0s
[INFO] unknown: Runde 3/8: optimiere Element 'text' | Laufzeit=0.1s
[INFO] unknown: Validierungsrunde 3/8 abgeschlossen | Qualität (MAE-basiert, höher=besser): 86.89% -> 86.89% | mittlere Pixelabweichung (MAE, kleiner=besser): 33.428 -> 33.428 | Mean-Delta² (kleiner=besser): 9995.371 -> 9995.371 | Qualitätsgewinn=+0.000 (+0.00%) | Wirkung=unverändert | Parameter geändert=nein | Laufzeit=0.1s
[INFO] unknown: Validierungsrunde 4/8 gestartet | Laufzeit=0.1s
[INFO] unknown: Runde 4/8: optimiere Element 'circle' | Laufzeit=0.1s
[INFO] unknown: Runde 4/8: optimiere Element 'text' | Laufzeit=0.1s
[INFO] unknown: Validierungsrunde 4/8 abgeschlossen | Qualität (MAE-basiert, höher=besser): 86.89% -> 86.89% | mittlere Pixelabweichung (MAE, kleiner=besser): 33.428 -> 33.428 | Mean-Delta² (kleiner=besser): 9995.371 -> 9995.371 | Qualitätsgewinn=+0.000 (+0.00%) | Wirkung=unverändert | Parameter geändert=nein | Laufzeit=0.1s
[WARN] AC0723_L.jpg: Differenzbild-Fehlerpixel sind nicht zufällig verteilt; Variante bleibt für einen Qualitäts-Nachbesserungslauf geöffnet (upper_quartile_error_pixels_form_large_connected_component; largest_cluster_fraction=0.700565, localized_error_fraction=0.652666).
[INFO] Konvertiert AC0723_L.jpg | Parameter: mode=semantic_badge, label=M, variant_name=AC0723_L | Qualität: Optimierungsfehler/Pixel=0.025016, Mean-Delta²=6993.277344, RGB-RMSE/Kanal=48.281388, Raumscore=18596.696703, beste Validierungsrunde=2/4, beste Composite-Iteration=n/a, ausgeführt=64/64 | Dauer=0.3s
[INFO] AC0861_M.jpg: Frühe Qualitätsprobe mit 3 Iterationen (Erfolgsbasis=1.000000, Abbruchgrenze=8.000000).
[INFO] Konvertiere AC0861_M.jpg | Parameter: Iterationen=3, max. Validierungsrunden=8

--- Verarbeite AC0861_M.jpg ---
Bildbeschreibung: Kreisförmiges Badge. Abweichung: mit Text "rF" (relative Feuchtigkeit) Abweichung: mit Griff (dunkelgraue Linie nach unten). Der Griff liegt auf einer Symmetrieachse des Kreises.
Befehl erkannt: SEMANTIC: senkrechter Strich hinter dem Kreis, SEMANTIC: Kreis + Buchstabe rF
[INFO] AC0861: Elementvalidierung gestartet | Runden=3, Elemente=circle,stem,text | Laufzeit=0.0s
[INFO] AC0861: Validierungsrunde 1/3 gestartet | Laufzeit=0.0s
[INFO] AC0861: Runde 1/3: optimiere Element 'circle' | Laufzeit=0.0s
[INFO] AC0861: Runde 1/3: optimiere Element 'stem' | Laufzeit=0.0s
[INFO] AC0861: Runde 1/3: optimiere Element 'text' | Laufzeit=0.0s
[INFO] AC0861: Validierungsrunde 1/3 abgeschlossen | Qualität (MAE-basiert, höher=besser): 89.67% -> 90.28% | mittlere Pixelabweichung (MAE, kleiner=besser): 26.340 -> 24.779 | Mean-Delta² (kleiner=besser): 7032.746 -> 6959.361 | Qualitätsgewinn=+1.561 (+5.93%) | Wirkung=verbessert | Parameter geändert=ja | Laufzeit=0.1s
[INFO] AC0861: Validierungsrunde 2/3 gestartet | Laufzeit=0.1s
[INFO] AC0861: Runde 2/3: optimiere Element 'circle' | Laufzeit=0.1s
[INFO] AC0861: Runde 2/3: optimiere Element 'stem' | Laufzeit=0.1s
[INFO] AC0861: Runde 2/3: optimiere Element 'text' | Laufzeit=0.1s
[INFO] AC0861: Validierungsrunde 2/3 abgeschlossen | Qualität (MAE-basiert, höher=besser): 90.28% -> 89.52% | mittlere Pixelabweichung (MAE, kleiner=besser): 24.779 -> 26.727 | Mean-Delta² (kleiner=besser): 6959.361 -> 7422.261 | Qualitätsgewinn=-1.949 (-7.86%) | Wirkung=verschlechtert | Parameter geändert=ja | Laufzeit=0.2s
[INFO] AC0861: Validierungsrunde 3/3 gestartet | Laufzeit=0.2s
[INFO] AC0861: Runde 3/3: optimiere Element 'circle' | Laufzeit=0.2s
[INFO] AC0861: Runde 3/3: optimiere Element 'stem' | Laufzeit=0.2s
[INFO] AC0861: Runde 3/3: optimiere Element 'text' | Laufzeit=0.2s
[INFO] AC0861: Validierungsrunde 3/3 abgeschlossen | Qualität (MAE-basiert, höher=besser): 89.52% -> 89.52% | mittlere Pixelabweichung (MAE, kleiner=besser): 26.727 -> 26.727 | Mean-Delta² (kleiner=besser): 7422.261 -> 7422.261 | Qualitätsgewinn=+0.000 (+0.00%) | Wirkung=unverändert | Parameter geändert=ja | Laufzeit=0.3s
[WARN] AC0861_M.jpg: Differenzbild-Fehlerpixel sind nicht zufällig verteilt; Variante bleibt für einen Qualitäts-Nachbesserungslauf geöffnet (error_energy_concentrated_in_worst_tiles; largest_cluster_fraction=0.393939, localized_error_fraction=0.792333).
[INFO] Konvertiert AC0861_M.jpg | Parameter: mode=semantic_badge, label=rF, variant_name=AC0861_M | Qualität: Optimierungsfehler/Pixel=0.035398, Mean-Delta²=6959.361328, RGB-RMSE/Kanal=48.164168, Raumscore=20140.355411, beste Validierungsrunde=1/3, beste Composite-Iteration=n/a, ausgeführt=3/3 | Dauer=0.5s
[INFO] Konvertiere AC0861_M.jpg | Parameter: Iterationen=64, max. Validierungsrunden=8

--- Verarbeite AC0861_M.jpg ---
Bildbeschreibung: Kreisförmiges Badge. Abweichung: mit Text "rF" (relative Feuchtigkeit) Abweichung: mit Griff (dunkelgraue Linie nach unten). Der Griff liegt auf einer Symmetrieachse des Kreises.
Befehl erkannt: SEMANTIC: senkrechter Strich hinter dem Kreis, SEMANTIC: Kreis + Buchstabe rF
[INFO] AC0861: Elementvalidierung gestartet | Runden=3, Elemente=circle,stem,text | Laufzeit=0.0s
[INFO] AC0861: Validierungsrunde 1/3 gestartet | Laufzeit=0.0s
[INFO] AC0861: Runde 1/3: optimiere Element 'circle' | Laufzeit=0.0s
[INFO] AC0861: Runde 1/3: optimiere Element 'stem' | Laufzeit=0.0s
[INFO] AC0861: Runde 1/3: optimiere Element 'text' | Laufzeit=0.0s
[INFO] AC0861: Validierungsrunde 1/3 abgeschlossen | Qualität (MAE-basiert, höher=besser): 89.67% -> 90.28% | mittlere Pixelabweichung (MAE, kleiner=besser): 26.340 -> 24.779 | Mean-Delta² (kleiner=besser): 7032.746 -> 6959.361 | Qualitätsgewinn=+1.561 (+5.93%) | Wirkung=verbessert | Parameter geändert=ja | Laufzeit=0.0s
[INFO] AC0861: Validierungsrunde 2/3 gestartet | Laufzeit=0.0s
[INFO] AC0861: Runde 2/3: optimiere Element 'circle' | Laufzeit=0.0s
[INFO] AC0861: Runde 2/3: optimiere Element 'stem' | Laufzeit=0.0s
[INFO] AC0861: Runde 2/3: optimiere Element 'text' | Laufzeit=0.1s
[INFO] AC0861: Validierungsrunde 2/3 abgeschlossen | Qualität (MAE-basiert, höher=besser): 90.28% -> 89.52% | mittlere Pixelabweichung (MAE, kleiner=besser): 24.779 -> 26.727 | Mean-Delta² (kleiner=besser): 6959.361 -> 7422.261 | Qualitätsgewinn=-1.949 (-7.86%) | Wirkung=verschlechtert | Parameter geändert=ja | Laufzeit=0.1s
[INFO] AC0861: Validierungsrunde 3/3 gestartet | Laufzeit=0.1s
[INFO] AC0861: Runde 3/3: optimiere Element 'circle' | Laufzeit=0.1s
[INFO] AC0861: Runde 3/3: optimiere Element 'stem' | Laufzeit=0.1s
[INFO] AC0861: Runde 3/3: optimiere Element 'text' | Laufzeit=0.1s
[INFO] AC0861: Validierungsrunde 3/3 abgeschlossen | Qualität (MAE-basiert, höher=besser): 89.52% -> 89.52% | mittlere Pixelabweichung (MAE, kleiner=besser): 26.727 -> 26.727 | Mean-Delta² (kleiner=besser): 7422.261 -> 7422.261 | Qualitätsgewinn=+0.000 (+0.00%) | Wirkung=unverändert | Parameter geändert=ja | Laufzeit=0.2s
[WARN] AC0861_M.jpg: Differenzbild-Fehlerpixel sind nicht zufällig verteilt; Variante bleibt für einen Qualitäts-Nachbesserungslauf geöffnet (error_energy_concentrated_in_worst_tiles; largest_cluster_fraction=0.393939, localized_error_fraction=0.792333).
[INFO] Konvertiert AC0861_M.jpg | Parameter: mode=semantic_badge, label=rF, variant_name=AC0861_M | Qualität: Optimierungsfehler/Pixel=0.035398, Mean-Delta²=6959.361328, RGB-RMSE/Kanal=48.164168, Raumscore=20140.355411, beste Validierungsrunde=1/3, beste Composite-Iteration=n/a, ausgeführt=64/64 | Dauer=0.4s
[INFO] AC0846_S.jpg: Frühe Qualitätsprobe mit 3 Iterationen (Erfolgsbasis=1.000000, Abbruchgrenze=8.000000).
[INFO] Konvertiere AC0846_S.jpg | Parameter: Iterationen=3, max. Validierungsrunden=8

--- Verarbeite AC0846_S.jpg ---
Bildbeschreibung: Unzugeordnete Wurzelform aus der Serie AC0846. Das Symbol liegt derzeit nur als einzelnes, noch nicht fachlich klassifiziertes Bildobjekt vor. Dokumentiert ist die kleine Variante (S). Bitte einer finalen Wurzelform-Kategorie zuordnen.
Befehl erkannt: MANUELL: Beschreibung fordert manuelle Zuordnung zu einer finalen Wurzelform-Kategorie.
  -> Plan B aktiv: elementweise iterative Annäherung aus Rasterbild.
  -> Plan B Vergleich aktiv: verwende generierte Vektor-Lösung (status=manual_review_elementwise_symbol_fit, err=36.171).
[INFO] Konvertiert AC0846_S.jpg | Parameter: mode=manual_review, label=, variant_name=AC0846_S | Qualität: Optimierungsfehler/Pixel=0.096725, Mean-Delta²=7456.815918, RGB-RMSE/Kanal=49.855845, Raumscore=18664.795687, beste Composite-Iteration=n/a (direkte/semantische Pipeline), ausgeführt=3/3 | Dauer=0.3s
[INFO] Konvertiere AC0846_S.jpg | Parameter: Iterationen=64, max. Validierungsrunden=8

--- Verarbeite AC0846_S.jpg ---
Bildbeschreibung: Unzugeordnete Wurzelform aus der Serie AC0846. Das Symbol liegt derzeit nur als einzelnes, noch nicht fachlich klassifiziertes Bildobjekt vor. Dokumentiert ist die kleine Variante (S). Bitte einer finalen Wurzelform-Kategorie zuordnen.
Befehl erkannt: MANUELL: Beschreibung fordert manuelle Zuordnung zu einer finalen Wurzelform-Kategorie.
  -> Plan B aktiv: elementweise iterative Annäherung aus Rasterbild.
  -> Plan B Vergleich aktiv: verwende generierte Vektor-Lösung (status=manual_review_elementwise_symbol_fit, err=36.171).
[INFO] Konvertiert AC0846_S.jpg | Parameter: mode=manual_review, label=, variant_name=AC0846_S | Qualität: Optimierungsfehler/Pixel=0.096348, Mean-Delta²=7456.815918, RGB-RMSE/Kanal=49.855845, Raumscore=18664.795687, beste Composite-Iteration=n/a (direkte/semantische Pipeline), ausgeführt=64/64 | Dauer=0.2s
[INFO] btn_sett.jpg: Frühe Qualitätsprobe mit 3 Iterationen (Erfolgsbasis=1.000000, Abbruchgrenze=8.000000).
[INFO] Konvertiere btn_sett.jpg | Parameter: Iterationen=3, max. Validierungsrunden=8

--- Verarbeite btn_sett.jpg ---
Bildbeschreibung: Hintergrund wie DLG002, Werkzeuge wie bei b_settings
Befehl erkannt: Fallback-Modus aktiv (Beschreibung wird ohne expliziten Compositing-Befehl verarbeitet)
  -> Fallback aktiv: elementweise iterative Annäherung aus Rasterbild.
[WARN] btn_sett.jpg: Differenzbild-Fehlerpixel sind nicht zufällig verteilt; Variante bleibt für einen Qualitäts-Nachbesserungslauf geöffnet (upper_quartile_error_pixels_form_large_connected_component; largest_cluster_fraction=0.845022, localized_error_fraction=0.894346).
[INFO] Konvertiert btn_sett.jpg | Parameter: mode=auto, label=M, variant_name=BTN_SETT | Qualität: Optimierungsfehler/Pixel=0.000726, Mean-Delta²=4383.404297, RGB-RMSE/Kanal=38.224793, Raumscore=16017.477597, beste Composite-Iteration=n/a (direkte/semantische Pipeline), ausgeführt=3/3 | Dauer=0.6s
[INFO] Konvertiere btn_sett.jpg | Parameter: Iterationen=64, max. Validierungsrunden=8

--- Verarbeite btn_sett.jpg ---
Bildbeschreibung: Hintergrund wie DLG002, Werkzeuge wie bei b_settings
Befehl erkannt: Fallback-Modus aktiv (Beschreibung wird ohne expliziten Compositing-Befehl verarbeitet)
  -> Fallback aktiv: elementweise iterative Annäherung aus Rasterbild.
[WARN] btn_sett.jpg: Differenzbild-Fehlerpixel sind nicht zufällig verteilt; Variante bleibt für einen Qualitäts-Nachbesserungslauf geöffnet (upper_quartile_error_pixels_form_large_connected_component; largest_cluster_fraction=0.845022, localized_error_fraction=0.894346).
[INFO] Konvertiert btn_sett.jpg | Parameter: mode=auto, label=M, variant_name=BTN_SETT | Qualität: Optimierungsfehler/Pixel=0.000723, Mean-Delta²=4383.404297, RGB-RMSE/Kanal=38.224793, Raumscore=16017.477597, beste Composite-Iteration=n/a (direkte/semantische Pipeline), ausgeführt=64/64 | Dauer=0.3s
[INFO] NAV0016.JPG: Frühe Qualitätsprobe mit 3 Iterationen (Erfolgsbasis=1.000000, Abbruchgrenze=8.000000).
[INFO] Konvertiere NAV0016.JPG | Parameter: Iterationen=3, max. Validierungsrunden=8

--- Verarbeite NAV0016.JPG ---
Bildbeschreibung: Hintergrund NAV0010. Symbole der Wassertropfen und der Röhre wie bei GE0206
Befehl erkannt: Fallback-Modus aktiv (Beschreibung wird ohne expliziten Compositing-Befehl verarbeitet)
  -> Fallback aktiv: elementweise iterative Annäherung aus Rasterbild.
[WARN] NAV0016.JPG: Differenzbild-Fehlerpixel sind nicht zufällig verteilt; Variante bleibt für einen Qualitäts-Nachbesserungslauf geöffnet (upper_quartile_error_pixels_form_large_connected_component; largest_cluster_fraction=0.585799, localized_error_fraction=0.768202).
[INFO] Konvertiert NAV0016.JPG | Parameter: mode=auto, label=M, variant_name=NAV0016 | Qualität: Optimierungsfehler/Pixel=0.017862, Mean-Delta²=4819.537598, RGB-RMSE/Kanal=40.081324, Raumscore=14331.898077, beste Composite-Iteration=n/a (direkte/semantische Pipeline), ausgeführt=3/3 | Dauer=0.3s
[INFO] Konvertiere NAV0016.JPG | Parameter: Iterationen=64, max. Validierungsrunden=8

--- Verarbeite NAV0016.JPG ---
Bildbeschreibung: Hintergrund NAV0010. Symbole der Wassertropfen und der Röhre wie bei GE0206
Befehl erkannt: Fallback-Modus aktiv (Beschreibung wird ohne expliziten Compositing-Befehl verarbeitet)
  -> Fallback aktiv: elementweise iterative Annäherung aus Rasterbild.
[WARN] NAV0016.JPG: Differenzbild-Fehlerpixel sind nicht zufällig verteilt; Variante bleibt für einen Qualitäts-Nachbesserungslauf geöffnet (upper_quartile_error_pixels_form_large_connected_component; largest_cluster_fraction=0.591716, localized_error_fraction=0.774375).
[INFO] Konvertiert NAV0016.JPG | Parameter: mode=auto, label=M, variant_name=NAV0016 | Qualität: Optimierungsfehler/Pixel=0.017671, Mean-Delta²=4772.514160, RGB-RMSE/Kanal=39.885311, Raumscore=14315.886510, beste Composite-Iteration=n/a (direkte/semantische Pipeline), ausgeführt=64/64 | Dauer=0.2s
[INFO] GE9034_7M.jpg: Frühe Qualitätsprobe mit 3 Iterationen (Erfolgsbasis=1.000000, Abbruchgrenze=8.000000).
[INFO] Konvertiere GE9034_7M.jpg | Parameter: Iterationen=3, max. Validierungsrunden=8

--- Verarbeite GE9034_7M.jpg ---
Bildbeschreibung: Wie BackBottom: hellgraues Quadrat. . Geometrische Variante: identisch zur Referenz.
Befehl erkannt: Fallback-Modus aktiv (Beschreibung wird ohne expliziten Compositing-Befehl verarbeitet)
  -> Fallback aktiv: elementweise iterative Annäherung aus Rasterbild.
[WARN] GE9034_7M.jpg: Differenzbild-Fehlerpixel sind nicht zufällig verteilt; Variante bleibt für einen Qualitäts-Nachbesserungslauf geöffnet (error_energy_concentrated_in_worst_tiles; largest_cluster_fraction=0.379747, localized_error_fraction=0.768998).
[INFO] Konvertiert GE9034_7M.jpg | Parameter: mode=auto, label=M, variant_name=GE9034_7M | Qualität: Optimierungsfehler/Pixel=0.010391, Mean-Delta²=4695.562012, RGB-RMSE/Kanal=39.562449, Raumscore=13241.051962, beste Composite-Iteration=n/a (direkte/semantische Pipeline), ausgeführt=3/3 | Dauer=0.6s
[INFO] Konvertiere GE9034_7M.jpg | Parameter: Iterationen=64, max. Validierungsrunden=8

--- Verarbeite GE9034_7M.jpg ---
Bildbeschreibung: Wie BackBottom: hellgraues Quadrat. . Geometrische Variante: identisch zur Referenz.
Befehl erkannt: Fallback-Modus aktiv (Beschreibung wird ohne expliziten Compositing-Befehl verarbeitet)
  -> Fallback aktiv: elementweise iterative Annäherung aus Rasterbild.
[WARN] GE9034_7M.jpg: Differenzbild-Fehlerpixel sind nicht zufällig verteilt; Variante bleibt für einen Qualitäts-Nachbesserungslauf geöffnet (error_energy_concentrated_in_worst_tiles; largest_cluster_fraction=0.379747, localized_error_fraction=0.768998).
[INFO] Konvertiert GE9034_7M.jpg | Parameter: mode=auto, label=M, variant_name=GE9034_7M | Qualität: Optimierungsfehler/Pixel=0.010396, Mean-Delta²=4695.562012, RGB-RMSE/Kanal=39.562449, Raumscore=13241.051962, beste Composite-Iteration=n/a (direkte/semantische Pipeline), ausgeführt=64/64 | Dauer=0.3s
[INFO] GE1420_L.jpg: Frühe Qualitätsprobe mit 3 Iterationen (Erfolgsbasis=1.000000, Abbruchgrenze=8.000000).
[INFO] Konvertiere GE1420_L.jpg | Parameter: Iterationen=3, max. Validierungsrunden=8

--- Verarbeite GE1420_L.jpg ---
Bildbeschreibung: Vorlage der Alarmglocke (komplexe Form, oben hellrot, unten Dunkelrot, Klöppel ist weiss. Oben Versinnbildlichung der Schallwellen. Je 3 Stück links une rechts.
Befehl erkannt: MANUELL: Beschreibung unzureichend (fehlende Geometriehinweise oder leerer Beschreibungstext).
  -> Fallback aktiv: elementweise iterative Annäherung aus Rasterbild.
[INFO] Konvertiert GE1420_L.jpg | Parameter: mode=insufficient_description, label=, variant_name=GE1420_L | Qualität: Optimierungsfehler/Pixel=0.059087, Mean-Delta²=13038.978516, RGB-RMSE/Kanal=65.926673, Raumscore=21520.803695, beste Composite-Iteration=n/a (direkte/semantische Pipeline), ausgeführt=3/3 | Dauer=0.3s
[INFO] Konvertiere GE1420_L.jpg | Parameter: Iterationen=64, max. Validierungsrunden=8

--- Verarbeite GE1420_L.jpg ---
Bildbeschreibung: Vorlage der Alarmglocke (komplexe Form, oben hellrot, unten Dunkelrot, Klöppel ist weiss. Oben Versinnbildlichung der Schallwellen. Je 3 Stück links une rechts.
Befehl erkannt: MANUELL: Beschreibung unzureichend (fehlende Geometriehinweise oder leerer Beschreibungstext).
  -> Fallback aktiv: elementweise iterative Annäherung aus Rasterbild.
[INFO] Konvertiert GE1420_L.jpg | Parameter: mode=insufficient_description, label=, variant_name=GE1420_L | Qualität: Optimierungsfehler/Pixel=0.059519, Mean-Delta²=13038.978516, RGB-RMSE/Kanal=65.926673, Raumscore=21520.803695, beste Composite-Iteration=n/a (direkte/semantische Pipeline), ausgeführt=64/64 | Dauer=0.2s
[INFO] AC0503_1L_sia.jpg: Frühe Qualitätsprobe mit 3 Iterationen (Erfolgsbasis=1.000000, Abbruchgrenze=8.000000).
[INFO] Konvertiere AC0503_1L_sia.jpg | Parameter: Iterationen=3, max. Validierungsrunden=8

--- Verarbeite AC0503_1L_sia.jpg ---
Bildbeschreibung: Unzugeordnete Wurzelform aus der Serie AC0503_1L_sia. Das Symbol liegt derzeit nur als einzelnes, noch nicht fachlich klassifiziertes Bildobjekt vor. Dokumentiert ist die dokumentierte Variante (sia). Bitte einer finalen Wurzelform-Kategorie zuordnen.
Befehl erkannt: MANUELL: Beschreibung fordert manuelle Zuordnung zu einer finalen Wurzelform-Kategorie.
  -> Plan B aktiv: elementweise iterative Annäherung aus Rasterbild.
  -> Plan B Vergleich aktiv: verwende generierte Vektor-Lösung (status=manual_review_elementwise_symbol_fit, err=24.784).
[WARN] AC0503_1L_sia.jpg: Differenzbild-Fehlerpixel sind nicht zufällig verteilt; Variante bleibt für einen Qualitäts-Nachbesserungslauf geöffnet (upper_quartile_error_pixels_form_large_connected_component; largest_cluster_fraction=0.873921, localized_error_fraction=0.907334).
[INFO] Konvertiert AC0503_1L_sia.jpg | Parameter: mode=manual_review, label=, variant_name=AC0503_1L_SIA | Qualität: Optimierungsfehler/Pixel=0.007761, Mean-Delta²=8182.712891, RGB-RMSE/Kanal=52.226152, Raumscore=29120.686085, beste Composite-Iteration=n/a (direkte/semantische Pipeline), ausgeführt=3/3 | Dauer=0.4s
[INFO] Konvertiere AC0503_1L_sia.jpg | Parameter: Iterationen=64, max. Validierungsrunden=8

--- Verarbeite AC0503_1L_sia.jpg ---
Bildbeschreibung: Unzugeordnete Wurzelform aus der Serie AC0503_1L_sia. Das Symbol liegt derzeit nur als einzelnes, noch nicht fachlich klassifiziertes Bildobjekt vor. Dokumentiert ist die dokumentierte Variante (sia). Bitte einer finalen Wurzelform-Kategorie zuordnen.
Befehl erkannt: MANUELL: Beschreibung fordert manuelle Zuordnung zu einer finalen Wurzelform-Kategorie.
  -> Plan B aktiv: elementweise iterative Annäherung aus Rasterbild.
  -> Plan B Vergleich aktiv: verwende generierte Vektor-Lösung (status=manual_review_elementwise_symbol_fit, err=24.784).
[WARN] AC0503_1L_sia.jpg: Differenzbild-Fehlerpixel sind nicht zufällig verteilt; Variante bleibt für einen Qualitäts-Nachbesserungslauf geöffnet (upper_quartile_error_pixels_form_large_connected_component; largest_cluster_fraction=0.872414, localized_error_fraction=0.907603).
[INFO] Konvertiert AC0503_1L_sia.jpg | Parameter: mode=manual_review, label=, variant_name=AC0503_1L_SIA | Qualität: Optimierungsfehler/Pixel=0.007725, Mean-Delta²=8144.154297, RGB-RMSE/Kanal=52.102957, Raumscore=29002.964381, beste Composite-Iteration=n/a (direkte/semantische Pipeline), ausgeführt=64/64 | Dauer=0.2s
[INFO] AC0537_L_sia.jpg: Frühe Qualitätsprobe mit 3 Iterationen (Erfolgsbasis=1.000000, Abbruchgrenze=8.000000).
[INFO] Konvertiere AC0537_L_sia.jpg | Parameter: Iterationen=3, max. Validierungsrunden=8

--- Verarbeite AC0537_L_sia.jpg ---
Bildbeschreibung: Unzugeordnete Wurzelform aus der Serie AC0537_L_sia. Das Symbol liegt derzeit nur als einzelnes, noch nicht fachlich klassifiziertes Bildobjekt vor. Dokumentiert ist die dokumentierte Variante (sia). Bitte einer finalen Wurzelform-Kategorie zuordnen.
Befehl erkannt: MANUELL: Beschreibung fordert manuelle Zuordnung zu einer finalen Wurzelform-Kategorie.
  -> Plan B aktiv: elementweise iterative Annäherung aus Rasterbild.
  -> Plan B Vergleich aktiv: verwende generierte Vektor-Lösung (status=manual_review_elementwise_symbol_fit, err=14.796).
[WARN] AC0537_L_sia.jpg: Differenzbild-Fehlerpixel sind nicht zufällig verteilt; Variante bleibt für einen Qualitäts-Nachbesserungslauf geöffnet (error_energy_concentrated_in_worst_tiles; largest_cluster_fraction=0.473538, localized_error_fraction=0.783615).
[INFO] Konvertiert AC0537_L_sia.jpg | Parameter: mode=manual_review, label=, variant_name=AC0537_L_SIA | Qualität: Optimierungsfehler/Pixel=0.004629, Mean-Delta²=2719.982910, RGB-RMSE/Kanal=30.110812, Raumscore=8047.639700, beste Composite-Iteration=n/a (direkte/semantische Pipeline), ausgeführt=3/3 | Dauer=0.4s
[INFO] Konvertiere AC0537_L_sia.jpg | Parameter: Iterationen=64, max. Validierungsrunden=8

--- Verarbeite AC0537_L_sia.jpg ---
Bildbeschreibung: Unzugeordnete Wurzelform aus der Serie AC0537_L_sia. Das Symbol liegt derzeit nur als einzelnes, noch nicht fachlich klassifiziertes Bildobjekt vor. Dokumentiert ist die dokumentierte Variante (sia). Bitte einer finalen Wurzelform-Kategorie zuordnen.
Befehl erkannt: MANUELL: Beschreibung fordert manuelle Zuordnung zu einer finalen Wurzelform-Kategorie.
  -> Plan B aktiv: elementweise iterative Annäherung aus Rasterbild.
  -> Plan B Vergleich aktiv: verwende generierte Vektor-Lösung (status=manual_review_elementwise_symbol_fit, err=14.796).
[WARN] AC0537_L_sia.jpg: Differenzbild-Fehlerpixel sind nicht zufällig verteilt; Variante bleibt für einen Qualitäts-Nachbesserungslauf geöffnet (error_energy_concentrated_in_worst_tiles; largest_cluster_fraction=0.473538, localized_error_fraction=0.783615).
[INFO] Konvertiert AC0537_L_sia.jpg | Parameter: mode=manual_review, label=, variant_name=AC0537_L_SIA | Qualität: Optimierungsfehler/Pixel=0.004616, Mean-Delta²=2719.982910, RGB-RMSE/Kanal=30.110812, Raumscore=8047.639700, beste Composite-Iteration=n/a (direkte/semantische Pipeline), ausgeführt=64/64 | Dauer=0.2s
[INFO] AC0233_M.jpg: Frühe Qualitätsprobe mit 3 Iterationen (Erfolgsbasis=1.000000, Abbruchgrenze=8.000000).
[INFO] Konvertiere AC0233_M.jpg | Parameter: Iterationen=3, max. Validierungsrunden=8

--- Verarbeite AC0233_M.jpg ---
Bildbeschreibung: Wie AC0231: 3-Weg Ventil ähnlich AC0211, um 90° im Uhrzeigersinn gedreht, "M" wird immer noch senkrecht geschrieben. Noch ein 3. spitzes Dreieck unten. Wieder Farbwechsel von Dunkelgrau nach hellgrau (von links unten nach rechts oben). Geometrische Variante: 180° gedreht.
Befehl erkannt: Fallback-Modus aktiv (Beschreibung wird ohne expliziten Compositing-Befehl verarbeitet)
  -> Fallback aktiv: elementweise iterative Annäherung aus Rasterbild.
[WARN] AC0233_M.jpg: Differenzbild-Fehlerpixel sind nicht zufällig verteilt; Variante bleibt für einen Qualitäts-Nachbesserungslauf geöffnet (upper_quartile_error_pixels_form_large_connected_component; largest_cluster_fraction=0.577519, localized_error_fraction=0.713200).
[INFO] Konvertiert AC0233_M.jpg | Parameter: mode=auto, label=M, variant_name=AC0233_M | Qualität: Optimierungsfehler/Pixel=0.019471, Mean-Delta²=6392.298340, RGB-RMSE/Kanal=46.160222, Raumscore=18023.341647, beste Composite-Iteration=n/a (direkte/semantische Pipeline), ausgeführt=3/3 | Dauer=0.4s
[INFO] Konvertiere AC0233_M.jpg | Parameter: Iterationen=64, max. Validierungsrunden=8

--- Verarbeite AC0233_M.jpg ---
Bildbeschreibung: Wie AC0231: 3-Weg Ventil ähnlich AC0211, um 90° im Uhrzeigersinn gedreht, "M" wird immer noch senkrecht geschrieben. Noch ein 3. spitzes Dreieck unten. Wieder Farbwechsel von Dunkelgrau nach hellgrau (von links unten nach rechts oben). Geometrische Variante: 180° gedreht.
Befehl erkannt: Fallback-Modus aktiv (Beschreibung wird ohne expliziten Compositing-Befehl verarbeitet)
  -> Fallback aktiv: elementweise iterative Annäherung aus Rasterbild.
[WARN] AC0233_M.jpg: Differenzbild-Fehlerpixel sind nicht zufällig verteilt; Variante bleibt für einen Qualitäts-Nachbesserungslauf geöffnet (upper_quartile_error_pixels_form_large_connected_component; largest_cluster_fraction=0.523438, localized_error_fraction=0.714074).
[INFO] Konvertiert AC0233_M.jpg | Parameter: mode=auto, label=M, variant_name=AC0233_M | Qualität: Optimierungsfehler/Pixel=0.019359, Mean-Delta²=6433.708984, RGB-RMSE/Kanal=46.309499, Raumscore=17984.523860, beste Composite-Iteration=n/a (direkte/semantische Pipeline), ausgeführt=64/64 | Dauer=0.2s
[INFO] GE0356.jpg: Frühe Qualitätsprobe mit 3 Iterationen (Erfolgsbasis=1.000000, Abbruchgrenze=8.000000).
[INFO] Konvertiere GE0356.jpg | Parameter: Iterationen=3, max. Validierungsrunden=8

--- Verarbeite GE0356.jpg ---
Bildbeschreibung: Hintergrund: GE0999. Alarmglocke wie DLG0060
Befehl erkannt: Fallback-Modus aktiv (Beschreibung wird ohne expliziten Compositing-Befehl verarbeitet)
  -> Fallback aktiv: elementweise iterative Annäherung aus Rasterbild.
[WARN] GE0356.jpg: Differenzbild-Fehlerpixel sind nicht zufällig verteilt; Variante bleibt für einen Qualitäts-Nachbesserungslauf geöffnet (upper_quartile_error_pixels_form_large_connected_component; largest_cluster_fraction=0.550817, localized_error_fraction=0.855322).
[INFO] Konvertiert GE0356.jpg | Parameter: mode=auto, label=M, variant_name=GE0356 | Qualität: Optimierungsfehler/Pixel=0.005058, Mean-Delta²=6659.649414, RGB-RMSE/Kanal=47.115636, Raumscore=21554.383459, beste Composite-Iteration=n/a (direkte/semantische Pipeline), ausgeführt=3/3 | Dauer=0.5s
[INFO] Konvertiere GE0356.jpg | Parameter: Iterationen=64, max. Validierungsrunden=8

--- Verarbeite GE0356.jpg ---
Bildbeschreibung: Hintergrund: GE0999. Alarmglocke wie DLG0060
Befehl erkannt: Fallback-Modus aktiv (Beschreibung wird ohne expliziten Compositing-Befehl verarbeitet)
  -> Fallback aktiv: elementweise iterative Annäherung aus Rasterbild.
[WARN] GE0356.jpg: Differenzbild-Fehlerpixel sind nicht zufällig verteilt; Variante bleibt für einen Qualitäts-Nachbesserungslauf geöffnet (upper_quartile_error_pixels_form_large_connected_component; largest_cluster_fraction=0.550817, localized_error_fraction=0.855322).
[INFO] Konvertiert GE0356.jpg | Parameter: mode=auto, label=M, variant_name=GE0356 | Qualität: Optimierungsfehler/Pixel=0.005062, Mean-Delta²=6659.649414, RGB-RMSE/Kanal=47.115636, Raumscore=21554.383459, beste Composite-Iteration=n/a (direkte/semantische Pipeline), ausgeführt=64/64 | Dauer=0.3s
[INFO] GE0014_L.jpg: Frühe Qualitätsprobe mit 3 Iterationen (Erfolgsbasis=1.000000, Abbruchgrenze=8.000000).
[INFO] Konvertiere GE0014_L.jpg | Parameter: Iterationen=3, max. Validierungsrunden=8

--- Verarbeite GE0014_L.jpg ---
Bildbeschreibung: Uhr: Zeigerpositon seht auf 15 Uhr. Dunkelblaue Zahlen 3, 6, 9, 12 Weisse 5-Minuten-Striche bei 5 und 10 Minuten und dann +15, +30, +45 Minuten. Hintergrund wie GE0999 aber nach rechts gedreht
Befehl erkannt: Fallback-Modus aktiv (Beschreibung wird ohne expliziten Compositing-Befehl verarbeitet)
  -> Fallback aktiv: elementweise iterative Annäherung aus Rasterbild.
[WARN] GE0014_L.jpg: Differenzbild-Fehlerpixel sind nicht zufällig verteilt; Variante bleibt für einen Qualitäts-Nachbesserungslauf geöffnet (upper_quartile_error_pixels_form_large_connected_component; largest_cluster_fraction=0.516249, localized_error_fraction=0.733090).
[INFO] Konvertiert GE0014_L.jpg | Parameter: mode=auto, label=M, variant_name=GE0014_L | Qualität: Optimierungsfehler/Pixel=0.004895, Mean-Delta²=4597.429199, RGB-RMSE/Kanal=39.146857, Raumscore=12707.440684, beste Composite-Iteration=n/a (direkte/semantische Pipeline), ausgeführt=3/3 | Dauer=0.6s
[INFO] Konvertiere GE0014_L.jpg | Parameter: Iterationen=64, max. Validierungsrunden=8

--- Verarbeite GE0014_L.jpg ---
Bildbeschreibung: Uhr: Zeigerpositon seht auf 15 Uhr. Dunkelblaue Zahlen 3, 6, 9, 12 Weisse 5-Minuten-Striche bei 5 und 10 Minuten und dann +15, +30, +45 Minuten. Hintergrund wie GE0999 aber nach rechts gedreht
Befehl erkannt: Fallback-Modus aktiv (Beschreibung wird ohne expliziten Compositing-Befehl verarbeitet)
  -> Fallback aktiv: elementweise iterative Annäherung aus Rasterbild.
[WARN] GE0014_L.jpg: Differenzbild-Fehlerpixel sind nicht zufällig verteilt; Variante bleibt für einen Qualitäts-Nachbesserungslauf geöffnet (upper_quartile_error_pixels_form_large_connected_component; largest_cluster_fraction=0.516249, localized_error_fraction=0.733090).
[INFO] Konvertiert GE0014_L.jpg | Parameter: mode=auto, label=M, variant_name=GE0014_L | Qualität: Optimierungsfehler/Pixel=0.004888, Mean-Delta²=4597.429199, RGB-RMSE/Kanal=39.146857, Raumscore=12707.440684, beste Composite-Iteration=n/a (direkte/semantische Pipeline), ausgeführt=64/64 | Dauer=0.2s
[INFO] AC0703_1_M.jpg: Frühe Qualitätsprobe mit 3 Iterationen (Erfolgsbasis=1.000000, Abbruchgrenze=8.000000).
[INFO] Konvertiere AC0703_1_M.jpg | Parameter: Iterationen=3, max. Validierungsrunden=8

--- Verarbeite AC0703_1_M.jpg ---
Bildbeschreibung: Wie AC0701: Kelle, aber mit Quadrat anstelle von Kreis oben. Geometrische Variante: 180° gedreht. Der Griff liegt auf einer Symmetrieachse des Kreises.
Befehl erkannt: SEMANTIC: Kreis + Buchstabe
[ERROR] Semantik-Abgleich fehlgeschlagen:
  - semantic_connector_classification=ambiguous;circle_source=none;horizontal_candidates=1;vertical_candidates=1
  - Beschreibung erwartet Kreis, im Bild aber nicht robust erkennbar
  - Strukturprüfung: Kein belastbarer Kreis-Kandidat im Rohbild erkannt
[WARN] AC0703_1_M.jpg: Semantischer Fehlmatch, Batchlauf stoppt nach diesem Fehler.
[INFO] AC0733_M.jpg: Frühe Qualitätsprobe mit 3 Iterationen (Erfolgsbasis=1.000000, Abbruchgrenze=8.000000).
[INFO] Konvertiere AC0733_M.jpg | Parameter: Iterationen=3, max. Validierungsrunden=8

--- Verarbeite AC0733_M.jpg ---
Bildbeschreibung: Wie AC0733, aber nach rechts gedreht, Text immer noch horizontal "P"
Befehl erkannt: Fallback-Modus aktiv (Beschreibung wird ohne expliziten Compositing-Befehl verarbeitet)
  -> Fallback aktiv: elementweise iterative Annäherung aus Rasterbild.
[INFO] Konvertiert AC0733_M.jpg | Parameter: mode=auto, label=M, variant_name=AC0733_M | Qualität: Optimierungsfehler/Pixel=0.042386, Mean-Delta²=7449.262695, RGB-RMSE/Kanal=49.830589, Raumscore=19295.349714, beste Composite-Iteration=n/a (direkte/semantische Pipeline), ausgeführt=3/3 | Dauer=0.5s
[INFO] Konvertiere AC0733_M.jpg | Parameter: Iterationen=64, max. Validierungsrunden=8

--- Verarbeite AC0733_M.jpg ---
Bildbeschreibung: Wie AC0733, aber nach rechts gedreht, Text immer noch horizontal "P"
Befehl erkannt: Fallback-Modus aktiv (Beschreibung wird ohne expliziten Compositing-Befehl verarbeitet)
  -> Fallback aktiv: elementweise iterative Annäherung aus Rasterbild.
[INFO] Konvertiert AC0733_M.jpg | Parameter: mode=auto, label=M, variant_name=AC0733_M | Qualität: Optimierungsfehler/Pixel=0.042312, Mean-Delta²=7449.262695, RGB-RMSE/Kanal=49.830589, Raumscore=19295.349714, beste Composite-Iteration=n/a (direkte/semantische Pipeline), ausgeführt=64/64 | Dauer=0.2s
[INFO] z_210.jpg: Frühe Qualitätsprobe mit 3 Iterationen (Erfolgsbasis=1.000000, Abbruchgrenze=8.000000).
[INFO] Konvertiere z_210.jpg | Parameter: Iterationen=3, max. Validierungsrunden=8

--- Verarbeite z_210.jpg ---
Bildbeschreibung: z_-Dateien sind Rohr-Symbole mit Verzierungen; enthalten sind gerade Rohre, gebogene Rohre und T-Stücke.
Befehl erkannt: Fallback-Modus aktiv (Beschreibung wird ohne expliziten Compositing-Befehl verarbeitet)
  -> Fallback aktiv: elementweise iterative Annäherung aus Rasterbild.
[INFO] Konvertiert z_210.jpg | Parameter: mode=auto, label=M, variant_name=Z_210 | Qualität: Optimierungsfehler/Pixel=0.050848, Mean-Delta²=644.161743, RGB-RMSE/Kanal=14.653347, Raumscore=1454.101519, beste Composite-Iteration=n/a (direkte/semantische Pipeline), ausgeführt=3/3 | Dauer=0.2s
[INFO] Konvertiere z_210.jpg | Parameter: Iterationen=64, max. Validierungsrunden=8

--- Verarbeite z_210.jpg ---
Bildbeschreibung: z_-Dateien sind Rohr-Symbole mit Verzierungen; enthalten sind gerade Rohre, gebogene Rohre und T-Stücke.
Befehl erkannt: Fallback-Modus aktiv (Beschreibung wird ohne expliziten Compositing-Befehl verarbeitet)
  -> Fallback aktiv: elementweise iterative Annäherung aus Rasterbild.
[INFO] Konvertiert z_210.jpg | Parameter: mode=auto, label=M, variant_name=Z_210 | Qualität: Optimierungsfehler/Pixel=0.048893, Mean-Delta²=644.161743, RGB-RMSE/Kanal=14.653347, Raumscore=1454.101519, beste Composite-Iteration=n/a (direkte/semantische Pipeline), ausgeführt=64/64 | Dauer=0.2s
[INFO] GE9033_6S.jpg: Frühe Qualitätsprobe mit 3 Iterationen (Erfolgsbasis=1.000000, Abbruchgrenze=8.000000).
[INFO] Konvertiere GE9033_6S.jpg | Parameter: Iterationen=3, max. Validierungsrunden=8

--- Verarbeite GE9033_6S.jpg ---
Bildbeschreibung: Wie BackBottom: hellgraues Quadrat. . Geometrische Variante: identisch zur Referenz.
Befehl erkannt: Fallback-Modus aktiv (Beschreibung wird ohne expliziten Compositing-Befehl verarbeitet)
  -> Fallback aktiv: elementweise iterative Annäherung aus Rasterbild.
[WARN] GE9033_6S.jpg: Differenzbild-Fehlerpixel sind nicht zufällig verteilt; Variante bleibt für einen Qualitäts-Nachbesserungslauf geöffnet (upper_quartile_error_pixels_form_large_connected_component; largest_cluster_fraction=0.906250, localized_error_fraction=0.797146).
[INFO] Konvertiert GE9033_6S.jpg | Parameter: mode=auto, label=M, variant_name=GE9033_6S | Qualität: Optimierungsfehler/Pixel=0.065767, Mean-Delta²=6705.404785, RGB-RMSE/Kanal=47.277214, Raumscore=20659.717803, beste Composite-Iteration=n/a (direkte/semantische Pipeline), ausgeführt=3/3 | Dauer=0.6s
[INFO] Konvertiere GE9033_6S.jpg | Parameter: Iterationen=64, max. Validierungsrunden=8

--- Verarbeite GE9033_6S.jpg ---
Bildbeschreibung: Wie BackBottom: hellgraues Quadrat. . Geometrische Variante: identisch zur Referenz.
Befehl erkannt: Fallback-Modus aktiv (Beschreibung wird ohne expliziten Compositing-Befehl verarbeitet)
  -> Fallback aktiv: elementweise iterative Annäherung aus Rasterbild.
[WARN] GE9033_6S.jpg: Differenzbild-Fehlerpixel sind nicht zufällig verteilt; Variante bleibt für einen Qualitäts-Nachbesserungslauf geöffnet (upper_quartile_error_pixels_form_large_connected_component; largest_cluster_fraction=0.906250, localized_error_fraction=0.797146).
[INFO] Konvertiert GE9033_6S.jpg | Parameter: mode=auto, label=M, variant_name=GE9033_6S | Qualität: Optimierungsfehler/Pixel=0.065554, Mean-Delta²=6705.404785, RGB-RMSE/Kanal=47.277214, Raumscore=20659.717803, beste Composite-Iteration=n/a (direkte/semantische Pipeline), ausgeführt=64/64 | Dauer=0.3s
[INFO] AC5040_L.jpg: Frühe Qualitätsprobe mit 3 Iterationen (Erfolgsbasis=1.000000, Abbruchgrenze=8.000000).
[INFO] Konvertiere AC5040_L.jpg | Parameter: Iterationen=3, max. Validierungsrunden=8

--- Verarbeite AC5040_L.jpg ---
Bildbeschreibung: Wie AC5041, aber mit einem Flammensymbol, wie es GE0204 (ohne blaugrauem Hintergrund) gezeichnet wurde. Das Flammensymbol ist hier jedoch gegen Rechts gedreht.
Befehl erkannt: Fallback-Modus aktiv (Beschreibung wird ohne expliziten Compositing-Befehl verarbeitet)
  -> Fallback aktiv: elementweise iterative Annäherung aus Rasterbild.
[WARN] AC5040_L.jpg: Differenzbild-Fehlerpixel sind nicht zufällig verteilt; Variante bleibt für einen Qualitäts-Nachbesserungslauf geöffnet (upper_quartile_error_pixels_form_large_connected_component; largest_cluster_fraction=0.545304, localized_error_fraction=0.498806).
[INFO] Konvertiert AC5040_L.jpg | Parameter: mode=auto, label=M, variant_name=AC5040_L | Qualität: Optimierungsfehler/Pixel=0.001203, Mean-Delta²=18276.464844, RGB-RMSE/Kanal=78.052258, Raumscore=36459.114598, beste Composite-Iteration=n/a (direkte/semantische Pipeline), ausgeführt=3/3 | Dauer=0.8s
[INFO] Konvertiere AC5040_L.jpg | Parameter: Iterationen=64, max. Validierungsrunden=8

--- Verarbeite AC5040_L.jpg ---
Bildbeschreibung: Wie AC5041, aber mit einem Flammensymbol, wie es GE0204 (ohne blaugrauem Hintergrund) gezeichnet wurde. Das Flammensymbol ist hier jedoch gegen Rechts gedreht.
Befehl erkannt: Fallback-Modus aktiv (Beschreibung wird ohne expliziten Compositing-Befehl verarbeitet)
  -> Fallback aktiv: elementweise iterative Annäherung aus Rasterbild.
[WARN] AC5040_L.jpg: Differenzbild-Fehlerpixel sind nicht zufällig verteilt; Variante bleibt für einen Qualitäts-Nachbesserungslauf geöffnet (upper_quartile_error_pixels_form_large_connected_component; largest_cluster_fraction=0.550240, localized_error_fraction=0.499640).
[INFO] Konvertiert AC5040_L.jpg | Parameter: mode=auto, label=M, variant_name=AC5040_L | Qualität: Optimierungsfehler/Pixel=0.001200, Mean-Delta²=18220.181641, RGB-RMSE/Kanal=77.931982, Raumscore=36438.674292, beste Composite-Iteration=n/a (direkte/semantische Pipeline), ausgeführt=64/64 | Dauer=0.5s
[INFO] GE0035_L.jpg: Frühe Qualitätsprobe mit 3 Iterationen (Erfolgsbasis=1.000000, Abbruchgrenze=8.000000).
[INFO] Konvertiere GE0035_L.jpg | Parameter: Iterationen=3, max. Validierungsrunden=8

--- Verarbeite GE0035_L.jpg ---
Bildbeschreibung: Wie GE0026, ober ohne Hintergrund
Befehl erkannt: Fallback-Modus aktiv (Beschreibung wird ohne expliziten Compositing-Befehl verarbeitet)
  -> Fallback aktiv: elementweise iterative Annäherung aus Rasterbild.
[WARN] GE0035_L.jpg: Differenzbild-Fehlerpixel sind nicht zufällig verteilt; Variante bleibt für einen Qualitäts-Nachbesserungslauf geöffnet (upper_quartile_error_pixels_form_large_connected_component; largest_cluster_fraction=0.829588, localized_error_fraction=0.845757).
[INFO] Konvertiert GE0035_L.jpg | Parameter: mode=auto, label=M, variant_name=GE0035_L | Qualität: Optimierungsfehler/Pixel=0.003621, Mean-Delta²=2786.419678, RGB-RMSE/Kanal=30.476328, Raumscore=9545.413133, beste Composite-Iteration=n/a (direkte/semantische Pipeline), ausgeführt=3/3 | Dauer=0.5s
[INFO] Konvertiere GE0035_L.jpg | Parameter: Iterationen=64, max. Validierungsrunden=8

--- Verarbeite GE0035_L.jpg ---
Bildbeschreibung: Wie GE0026, ober ohne Hintergrund
Befehl erkannt: Fallback-Modus aktiv (Beschreibung wird ohne expliziten Compositing-Befehl verarbeitet)
  -> Fallback aktiv: elementweise iterative Annäherung aus Rasterbild.
[WARN] GE0035_L.jpg: Differenzbild-Fehlerpixel sind nicht zufällig verteilt; Variante bleibt für einen Qualitäts-Nachbesserungslauf geöffnet (upper_quartile_error_pixels_form_large_connected_component; largest_cluster_fraction=0.829588, localized_error_fraction=0.845757).
[INFO] Konvertiert GE0035_L.jpg | Parameter: mode=auto, label=M, variant_name=GE0035_L | Qualität: Optimierungsfehler/Pixel=0.003625, Mean-Delta²=2786.419678, RGB-RMSE/Kanal=30.476328, Raumscore=9545.413133, beste Composite-Iteration=n/a (direkte/semantische Pipeline), ausgeführt=64/64 | Dauer=0.3s
[INFO] AC0501_1_S.jpg: Frühe Qualitätsprobe mit 3 Iterationen (Erfolgsbasis=1.000000, Abbruchgrenze=8.000000).
[INFO] Konvertiere AC0501_1_S.jpg | Parameter: Iterationen=3, max. Validierungsrunden=8

--- Verarbeite AC0501_1_S.jpg ---
Bildbeschreibung: Klappensymbol: Rechteck hochkant, graue Umrandung. Graue Diagonale von unten links nach oben Rechts, in der Mitte ein dunkelgrauer Punkt. Farbverlauf Hintergrund: Dunkelgrau, hellgrau, dunkelgrau
Befehl erkannt: Fallback-Modus aktiv (Beschreibung wird ohne expliziten Compositing-Befehl verarbeitet)
  -> Fallback aktiv: elementweise iterative Annäherung aus Rasterbild.
[INFO] Konvertiert AC0501_1_S.jpg | Parameter: mode=auto, label=M, variant_name=AC0501_1_S | Qualität: Optimierungsfehler/Pixel=0.035179, Mean-Delta²=3649.574951, RGB-RMSE/Kanal=34.878718, Raumscore=5517.915669, beste Composite-Iteration=n/a (direkte/semantische Pipeline), ausgeführt=3/3 | Dauer=0.8s
[INFO] Konvertiere AC0501_1_S.jpg | Parameter: Iterationen=64, max. Validierungsrunden=8

--- Verarbeite AC0501_1_S.jpg ---
Bildbeschreibung: Klappensymbol: Rechteck hochkant, graue Umrandung. Graue Diagonale von unten links nach oben Rechts, in der Mitte ein dunkelgrauer Punkt. Farbverlauf Hintergrund: Dunkelgrau, hellgrau, dunkelgrau
Befehl erkannt: Fallback-Modus aktiv (Beschreibung wird ohne expliziten Compositing-Befehl verarbeitet)
  -> Fallback aktiv: elementweise iterative Annäherung aus Rasterbild.
[INFO] Konvertiert AC0501_1_S.jpg | Parameter: mode=auto, label=M, variant_name=AC0501_1_S | Qualität: Optimierungsfehler/Pixel=0.036131, Mean-Delta²=3761.717529, RGB-RMSE/Kanal=35.410533, Raumscore=5491.804092, beste Composite-Iteration=n/a (direkte/semantische Pipeline), ausgeführt=64/64 | Dauer=0.3s
[INFO] AC0533_M_sia.jpg: Frühe Qualitätsprobe mit 3 Iterationen (Erfolgsbasis=1.000000, Abbruchgrenze=8.000000).
[INFO] Konvertiere AC0533_M_sia.jpg | Parameter: Iterationen=3, max. Validierungsrunden=8

--- Verarbeite AC0533_M_sia.jpg ---
Bildbeschreibung: Unzugeordnete Wurzelform aus der Serie AC0533_M_sia. Das Symbol liegt derzeit nur als einzelnes, noch nicht fachlich klassifiziertes Bildobjekt vor. Dokumentiert ist die dokumentierte Variante (sia). Bitte einer finalen Wurzelform-Kategorie zuordnen.
Befehl erkannt: MANUELL: Beschreibung fordert manuelle Zuordnung zu einer finalen Wurzelform-Kategorie.
  -> Plan B aktiv: elementweise iterative Annäherung aus Rasterbild.
  -> Plan B Vergleich aktiv: verwende generierte Vektor-Lösung (status=manual_review_elementwise_symbol_fit, err=16.356).
[WARN] AC0533_M_sia.jpg: Differenzbild-Fehlerpixel sind nicht zufällig verteilt; Variante bleibt für einen Qualitäts-Nachbesserungslauf geöffnet (error_energy_concentrated_in_worst_tiles; largest_cluster_fraction=0.436923, localized_error_fraction=0.733184).
[INFO] Konvertiert AC0533_M_sia.jpg | Parameter: mode=manual_review, label=, variant_name=AC0533_M_SIA | Qualität: Optimierungsfehler/Pixel=0.009084, Mean-Delta²=3244.311768, RGB-RMSE/Kanal=32.885213, Raumscore=8925.009626, beste Composite-Iteration=n/a (direkte/semantische Pipeline), ausgeführt=3/3 | Dauer=0.4s
[INFO] Konvertiere AC0533_M_sia.jpg | Parameter: Iterationen=64, max. Validierungsrunden=8

--- Verarbeite AC0533_M_sia.jpg ---
Bildbeschreibung: Unzugeordnete Wurzelform aus der Serie AC0533_M_sia. Das Symbol liegt derzeit nur als einzelnes, noch nicht fachlich klassifiziertes Bildobjekt vor. Dokumentiert ist die dokumentierte Variante (sia). Bitte einer finalen Wurzelform-Kategorie zuordnen.
Befehl erkannt: MANUELL: Beschreibung fordert manuelle Zuordnung zu einer finalen Wurzelform-Kategorie.
  -> Plan B aktiv: elementweise iterative Annäherung aus Rasterbild.
  -> Plan B Vergleich aktiv: verwende generierte Vektor-Lösung (status=manual_review_elementwise_symbol_fit, err=16.356).
[WARN] AC0533_M_sia.jpg: Differenzbild-Fehlerpixel sind nicht zufällig verteilt; Variante bleibt für einen Qualitäts-Nachbesserungslauf geöffnet (error_energy_concentrated_in_worst_tiles; largest_cluster_fraction=0.436923, localized_error_fraction=0.733184).
[INFO] Konvertiert AC0533_M_sia.jpg | Parameter: mode=manual_review, label=, variant_name=AC0533_M_SIA | Qualität: Optimierungsfehler/Pixel=0.009096, Mean-Delta²=3244.311768, RGB-RMSE/Kanal=32.885213, Raumscore=8925.009626, beste Composite-Iteration=n/a (direkte/semantische Pipeline), ausgeführt=64/64 | Dauer=0.2s
[INFO] L79x_TSP.jpg: Frühe Qualitätsprobe mit 3 Iterationen (Erfolgsbasis=1.000000, Abbruchgrenze=8.000000).
[INFO] Konvertiere L79x_TSP.jpg | Parameter: Iterationen=3, max. Validierungsrunden=8

--- Verarbeite L79x_TSP.jpg ---
Bildbeschreibung: sehr komplexe Form, wahrscheinlich sehr schwierig zum nachzeichnen. Wie L60x_T, jedoch andere Proportionen
Befehl erkannt: Fallback-Modus aktiv (Beschreibung wird ohne expliziten Compositing-Befehl verarbeitet)
  -> Fallback aktiv: elementweise iterative Annäherung aus Rasterbild.
[WARN] L79x_TSP.jpg: Differenzbild-Fehlerpixel sind nicht zufällig verteilt; Variante bleibt für einen Qualitäts-Nachbesserungslauf geöffnet (upper_quartile_error_pixels_form_large_connected_component; largest_cluster_fraction=0.548845, localized_error_fraction=0.925788).
[INFO] Konvertiert L79x_TSP.jpg | Parameter: mode=auto, label=M, variant_name=L79X_TSP | Qualität: Optimierungsfehler/Pixel=0.001500, Mean-Delta²=1948.654175, RGB-RMSE/Kanal=25.486298, Raumscore=7504.448911, beste Composite-Iteration=n/a (direkte/semantische Pipeline), ausgeführt=3/3 | Dauer=0.4s
[INFO] Konvertiere L79x_TSP.jpg | Parameter: Iterationen=64, max. Validierungsrunden=8

--- Verarbeite L79x_TSP.jpg ---
Bildbeschreibung: sehr komplexe Form, wahrscheinlich sehr schwierig zum nachzeichnen. Wie L60x_T, jedoch andere Proportionen
Befehl erkannt: Fallback-Modus aktiv (Beschreibung wird ohne expliziten Compositing-Befehl verarbeitet)
  -> Fallback aktiv: elementweise iterative Annäherung aus Rasterbild.
[WARN] L79x_TSP.jpg: Differenzbild-Fehlerpixel sind nicht zufällig verteilt; Variante bleibt für einen Qualitäts-Nachbesserungslauf geöffnet (upper_quartile_error_pixels_form_large_connected_component; largest_cluster_fraction=0.548845, localized_error_fraction=0.925788).
[INFO] Konvertiert L79x_TSP.jpg | Parameter: mode=auto, label=M, variant_name=L79X_TSP | Qualität: Optimierungsfehler/Pixel=0.001513, Mean-Delta²=1948.654175, RGB-RMSE/Kanal=25.486298, Raumscore=7504.448911, beste Composite-Iteration=n/a (direkte/semantische Pipeline), ausgeführt=64/64 | Dauer=0.2s
[INFO] AC0160_L.jpg: Frühe Qualitätsprobe mit 3 Iterationen (Erfolgsbasis=1.000000, Abbruchgrenze=8.000000).
[INFO] Konvertiere AC0160_L.jpg | Parameter: Iterationen=3, max. Validierungsrunden=8

--- Verarbeite AC0160_L.jpg ---
Bildbeschreibung: Differenzdruckmessung oben kleines graues Rechteck mit "dp" geschrieben, vor halbem Rechteck mit doppelten grauen Rand
Befehl erkannt: Fallback-Modus aktiv (Beschreibung wird ohne expliziten Compositing-Befehl verarbeitet)
  -> Fallback aktiv: elementweise iterative Annäherung aus Rasterbild.
[WARN] AC0160_L.jpg: Differenzbild-Fehlerpixel sind nicht zufällig verteilt; Variante bleibt für einen Qualitäts-Nachbesserungslauf geöffnet (upper_quartile_error_pixels_form_large_connected_component; largest_cluster_fraction=0.896818, localized_error_fraction=0.776773).
[INFO] Konvertiert AC0160_L.jpg | Parameter: mode=auto, label=M, variant_name=AC0160_L | Qualität: Optimierungsfehler/Pixel=0.000072, Mean-Delta²=1595.098877, RGB-RMSE/Kanal=23.058613, Raumscore=5318.955805, beste Composite-Iteration=n/a (direkte/semantische Pipeline), ausgeführt=3/3 | Dauer=1.5s
[INFO] Konvertiere AC0160_L.jpg | Parameter: Iterationen=64, max. Validierungsrunden=8

--- Verarbeite AC0160_L.jpg ---
Bildbeschreibung: Differenzdruckmessung oben kleines graues Rechteck mit "dp" geschrieben, vor halbem Rechteck mit doppelten grauen Rand
Befehl erkannt: Fallback-Modus aktiv (Beschreibung wird ohne expliziten Compositing-Befehl verarbeitet)
  -> Fallback aktiv: elementweise iterative Annäherung aus Rasterbild.
[WARN] AC0160_L.jpg: Differenzbild-Fehlerpixel sind nicht zufällig verteilt; Variante bleibt für einen Qualitäts-Nachbesserungslauf geöffnet (upper_quartile_error_pixels_form_large_connected_component; largest_cluster_fraction=0.855581, localized_error_fraction=0.778234).
[INFO] Konvertiert AC0160_L.jpg | Parameter: mode=auto, label=M, variant_name=AC0160_L | Qualität: Optimierungsfehler/Pixel=0.000072, Mean-Delta²=1593.206055, RGB-RMSE/Kanal=23.044928, Raumscore=5285.693117, beste Composite-Iteration=n/a (direkte/semantische Pipeline), ausgeführt=64/64 | Dauer=0.8s
[INFO] AC0932_S.jpg: Frühe Qualitätsprobe mit 3 Iterationen (Erfolgsbasis=1.000000, Abbruchgrenze=8.000000).
[INFO] Konvertiere AC0932_S.jpg | Parameter: Iterationen=3, max. Validierungsrunden=8

--- Verarbeite AC0932_S.jpg ---
Bildbeschreibung: Unzugeordnete Wurzelform aus der Serie AC0932. Das Symbol liegt derzeit nur als einzelnes, noch nicht fachlich klassifiziertes Bildobjekt vor. Dokumentiert ist die kleine Variante (S). Bitte einer finalen Wurzelform-Kategorie zuordnen.
Befehl erkannt: MANUELL: Beschreibung fordert manuelle Zuordnung zu einer finalen Wurzelform-Kategorie.
  -> Plan B aktiv: elementweise iterative Annäherung aus Rasterbild.
  -> Plan B Vergleich aktiv: verwende generierte Vektor-Lösung (status=manual_review_elementwise_symbol_fit, err=27.768).
[WARN] AC0932_S.jpg: Differenzbild-Fehlerpixel sind nicht zufällig verteilt; Variante bleibt für einen Qualitäts-Nachbesserungslauf geöffnet (error_energy_concentrated_in_worst_tiles; largest_cluster_fraction=0.244186, localized_error_fraction=0.746900).
[INFO] Konvertiert AC0932_S.jpg | Parameter: mode=manual_review, label=, variant_name=AC0932_S | Qualität: Optimierungsfehler/Pixel=0.074091, Mean-Delta²=5757.687988, RGB-RMSE/Kanal=43.809010, Raumscore=15554.434076, beste Composite-Iteration=n/a (direkte/semantische Pipeline), ausgeführt=3/3 | Dauer=0.3s
[INFO] Konvertiere AC0932_S.jpg | Parameter: Iterationen=64, max. Validierungsrunden=8

--- Verarbeite AC0932_S.jpg ---
Bildbeschreibung: Unzugeordnete Wurzelform aus der Serie AC0932. Das Symbol liegt derzeit nur als einzelnes, noch nicht fachlich klassifiziertes Bildobjekt vor. Dokumentiert ist die kleine Variante (S). Bitte einer finalen Wurzelform-Kategorie zuordnen.
Befehl erkannt: MANUELL: Beschreibung fordert manuelle Zuordnung zu einer finalen Wurzelform-Kategorie.
  -> Plan B aktiv: elementweise iterative Annäherung aus Rasterbild.
  -> Plan B Vergleich aktiv: verwende generierte Vektor-Lösung (status=manual_review_elementwise_symbol_fit, err=27.768).
[WARN] AC0932_S.jpg: Differenzbild-Fehlerpixel sind nicht zufällig verteilt; Variante bleibt für einen Qualitäts-Nachbesserungslauf geöffnet (error_energy_concentrated_in_worst_tiles; largest_cluster_fraction=0.244186, localized_error_fraction=0.744131).
[INFO] Konvertiert AC0932_S.jpg | Parameter: mode=manual_review, label=, variant_name=AC0932_S | Qualität: Optimierungsfehler/Pixel=0.074204, Mean-Delta²=5734.520020, RGB-RMSE/Kanal=43.720781, Raumscore=15447.435885, beste Composite-Iteration=n/a (direkte/semantische Pipeline), ausgeführt=64/64 | Dauer=0.2s
[INFO] AC0422_2_L.jpg: Frühe Qualitätsprobe mit 3 Iterationen (Erfolgsbasis=1.000000, Abbruchgrenze=8.000000).
[INFO] Konvertiere AC0422_2_L.jpg | Parameter: Iterationen=3, max. Validierungsrunden=8

--- Verarbeite AC0422_2_L.jpg ---
Bildbeschreibung: Unzugeordnete Wurzelform aus der Serie AC0422_2. Das Symbol liegt derzeit nur als einzelnes, noch nicht fachlich klassifiziertes Bildobjekt vor. Dokumentiert ist die große Variante (L). Bitte einer finalen Wurzelform-Kategorie zuordnen.
Befehl erkannt: MANUELL: Beschreibung fordert manuelle Zuordnung zu einer finalen Wurzelform-Kategorie.
  -> Plan B aktiv: elementweise iterative Annäherung aus Rasterbild.
  -> Plan B Vergleich aktiv: verwende generierte Vektor-Lösung (status=manual_review_elementwise_symbol_fit, err=39.205).
[INFO] Konvertiert AC0422_2_L.jpg | Parameter: mode=manual_review, label=, variant_name=AC0422_2_L | Qualität: Optimierungsfehler/Pixel=0.024466, Mean-Delta²=6520.773926, RGB-RMSE/Kanal=46.621790, Raumscore=9901.769069, beste Composite-Iteration=n/a (direkte/semantische Pipeline), ausgeführt=3/3 | Dauer=0.3s
[INFO] Konvertiere AC0422_2_L.jpg | Parameter: Iterationen=64, max. Validierungsrunden=8

--- Verarbeite AC0422_2_L.jpg ---
Bildbeschreibung: Unzugeordnete Wurzelform aus der Serie AC0422_2. Das Symbol liegt derzeit nur als einzelnes, noch nicht fachlich klassifiziertes Bildobjekt vor. Dokumentiert ist die große Variante (L). Bitte einer finalen Wurzelform-Kategorie zuordnen.
Befehl erkannt: MANUELL: Beschreibung fordert manuelle Zuordnung zu einer finalen Wurzelform-Kategorie.
  -> Plan B aktiv: elementweise iterative Annäherung aus Rasterbild.
  -> Plan B Vergleich aktiv: verwende generierte Vektor-Lösung (status=manual_review_elementwise_symbol_fit, err=39.205).
[INFO] Konvertiert AC0422_2_L.jpg | Parameter: mode=manual_review, label=, variant_name=AC0422_2_L | Qualität: Optimierungsfehler/Pixel=0.024600, Mean-Delta²=6520.773926, RGB-RMSE/Kanal=46.621790, Raumscore=9901.769069, beste Composite-Iteration=n/a (direkte/semantische Pipeline), ausgeführt=64/64 | Dauer=0.2s
[INFO] ALE3.jpg: Frühe Qualitätsprobe mit 3 Iterationen (Erfolgsbasis=1.000000, Abbruchgrenze=8.000000).
[INFO] Konvertiere ALE3.jpg | Parameter: Iterationen=3, max. Validierungsrunden=8

--- Verarbeite ALE3.jpg ---
Bildbeschreibung: sehr komplexe Form, wahrscheinlich sehr schwierig zum nachzeichnen. Es ist ein Photo eines dreiphasigen elektrischen Energiehählers. Das sollte wahrscheinlich stark schematisiert nachgezeichnet werden.
Befehl erkannt: MANUELL: Beschreibung unzureichend (fehlende Geometriehinweise oder leerer Beschreibungstext).
  -> Fallback aktiv: elementweise iterative Annäherung aus Rasterbild.
[WARN] ALE3.jpg: Differenzbild-Fehlerpixel sind nicht zufällig verteilt; Variante bleibt für einen Qualitäts-Nachbesserungslauf geöffnet (upper_quartile_error_pixels_form_large_connected_component; largest_cluster_fraction=0.819118, localized_error_fraction=0.505516).
[INFO] Konvertiert ALE3.jpg | Parameter: mode=insufficient_description, label=, variant_name=ALE3 | Qualität: Optimierungsfehler/Pixel=0.005698, Mean-Delta²=9507.405273, RGB-RMSE/Kanal=56.295072, Raumscore=20592.035463, beste Composite-Iteration=n/a (direkte/semantische Pipeline), ausgeführt=3/3 | Dauer=0.7s
[INFO] Konvertiere ALE3.jpg | Parameter: Iterationen=64, max. Validierungsrunden=8

--- Verarbeite ALE3.jpg ---
Bildbeschreibung: sehr komplexe Form, wahrscheinlich sehr schwierig zum nachzeichnen. Es ist ein Photo eines dreiphasigen elektrischen Energiehählers. Das sollte wahrscheinlich stark schematisiert nachgezeichnet werden.
Befehl erkannt: MANUELL: Beschreibung unzureichend (fehlende Geometriehinweise oder leerer Beschreibungstext).
  -> Fallback aktiv: elementweise iterative Annäherung aus Rasterbild.
[WARN] ALE3.jpg: Differenzbild-Fehlerpixel sind nicht zufällig verteilt; Variante bleibt für einen Qualitäts-Nachbesserungslauf geöffnet (upper_quartile_error_pixels_form_large_connected_component; largest_cluster_fraction=0.812255, localized_error_fraction=0.505628).
[INFO] Konvertiert ALE3.jpg | Parameter: mode=insufficient_description, label=, variant_name=ALE3 | Qualität: Optimierungsfehler/Pixel=0.005689, Mean-Delta²=9481.256836, RGB-RMSE/Kanal=56.217604, Raumscore=20507.302464, beste Composite-Iteration=n/a (direkte/semantische Pipeline), ausgeführt=64/64 | Dauer=0.4s
[INFO] SE0024.jpg: Frühe Qualitätsprobe mit 3 Iterationen (Erfolgsbasis=1.000000, Abbruchgrenze=8.000000).
[INFO] Konvertiere SE0024.jpg | Parameter: Iterationen=3, max. Validierungsrunden=8

--- Verarbeite SE0024.jpg ---
Bildbeschreibung: Wie BackBottom: hellgraues Quadrat. . Geometrische Variante: identisch zur Referenz.
Befehl erkannt: Fallback-Modus aktiv (Beschreibung wird ohne expliziten Compositing-Befehl verarbeitet)
  -> Fallback aktiv: elementweise iterative Annäherung aus Rasterbild.
[WARN] SE0024.jpg: Differenzbild-Fehlerpixel sind nicht zufällig verteilt; Variante bleibt für einen Qualitäts-Nachbesserungslauf geöffnet (upper_quartile_error_pixels_form_large_connected_component; largest_cluster_fraction=0.880184, localized_error_fraction=0.634974).
[INFO] Konvertiert SE0024.jpg | Parameter: mode=auto, label=M, variant_name=SE0024 | Qualität: Optimierungsfehler/Pixel=0.021073, Mean-Delta²=4336.139160, RGB-RMSE/Kanal=38.018150, Raumscore=11903.631842, beste Composite-Iteration=n/a (direkte/semantische Pipeline), ausgeführt=3/3 | Dauer=0.7s
[INFO] Konvertiere SE0024.jpg | Parameter: Iterationen=64, max. Validierungsrunden=8

--- Verarbeite SE0024.jpg ---
Bildbeschreibung: Wie BackBottom: hellgraues Quadrat. . Geometrische Variante: identisch zur Referenz.
Befehl erkannt: Fallback-Modus aktiv (Beschreibung wird ohne expliziten Compositing-Befehl verarbeitet)
  -> Fallback aktiv: elementweise iterative Annäherung aus Rasterbild.
[WARN] SE0024.jpg: Differenzbild-Fehlerpixel sind nicht zufällig verteilt; Variante bleibt für einen Qualitäts-Nachbesserungslauf geöffnet (upper_quartile_error_pixels_form_large_connected_component; largest_cluster_fraction=0.879630, localized_error_fraction=0.634877).
[INFO] Konvertiert SE0024.jpg | Parameter: mode=auto, label=M, variant_name=SE0024 | Qualität: Optimierungsfehler/Pixel=0.021043, Mean-Delta²=4334.828613, RGB-RMSE/Kanal=38.012404, Raumscore=11900.719386, beste Composite-Iteration=n/a (direkte/semantische Pipeline), ausgeführt=64/64 | Dauer=0.3s
[INFO] GE9043_1M.jpg: Frühe Qualitätsprobe mit 3 Iterationen (Erfolgsbasis=1.000000, Abbruchgrenze=8.000000).
[INFO] Konvertiere GE9043_1M.jpg | Parameter: Iterationen=3, max. Validierungsrunden=8

--- Verarbeite GE9043_1M.jpg ---
Bildbeschreibung: Wie BackBottom: hellgraues Quadrat. . Geometrische Variante: identisch zur Referenz.
Befehl erkannt: Fallback-Modus aktiv (Beschreibung wird ohne expliziten Compositing-Befehl verarbeitet)
  -> Fallback aktiv: elementweise iterative Annäherung aus Rasterbild.
[WARN] GE9043_1M.jpg: Differenzbild-Fehlerpixel sind nicht zufällig verteilt; Variante bleibt für einen Qualitäts-Nachbesserungslauf geöffnet (upper_quartile_error_pixels_form_large_connected_component; largest_cluster_fraction=0.600000, localized_error_fraction=0.932628).
[INFO] Konvertiert GE9043_1M.jpg | Parameter: mode=auto, label=M, variant_name=GE9043_1M | Qualität: Optimierungsfehler/Pixel=0.010926, Mean-Delta²=5009.041016, RGB-RMSE/Kanal=40.861722, Raumscore=17394.113042, beste Composite-Iteration=n/a (direkte/semantische Pipeline), ausgeführt=3/3 | Dauer=0.6s
[INFO] Konvertiere GE9043_1M.jpg | Parameter: Iterationen=64, max. Validierungsrunden=8

--- Verarbeite GE9043_1M.jpg ---
Bildbeschreibung: Wie BackBottom: hellgraues Quadrat. . Geometrische Variante: identisch zur Referenz.
Befehl erkannt: Fallback-Modus aktiv (Beschreibung wird ohne expliziten Compositing-Befehl verarbeitet)
  -> Fallback aktiv: elementweise iterative Annäherung aus Rasterbild.
[WARN] GE9043_1M.jpg: Differenzbild-Fehlerpixel sind nicht zufällig verteilt; Variante bleibt für einen Qualitäts-Nachbesserungslauf geöffnet (upper_quartile_error_pixels_form_large_connected_component; largest_cluster_fraction=0.607306, localized_error_fraction=0.931969).
[INFO] Konvertiert GE9043_1M.jpg | Parameter: mode=auto, label=M, variant_name=GE9043_1M | Qualität: Optimierungsfehler/Pixel=0.010948, Mean-Delta²=4996.223633, RGB-RMSE/Kanal=40.809409, Raumscore=17345.741494, beste Composite-Iteration=n/a (direkte/semantische Pipeline), ausgeführt=64/64 | Dauer=0.3s
[INFO] weather05.jpg: Frühe Qualitätsprobe mit 3 Iterationen (Erfolgsbasis=1.000000, Abbruchgrenze=8.000000).
[INFO] Konvertiere weather05.jpg | Parameter: Iterationen=3, max. Validierungsrunden=8

--- Verarbeite weather05.jpg ---
Bildbeschreibung: wie weather01 aber heller gezeichnet.
Befehl erkannt: Fallback-Modus aktiv (Beschreibung wird ohne expliziten Compositing-Befehl verarbeitet)
  -> Fallback aktiv: elementweise iterative Annäherung aus Rasterbild.
[WARN] weather05.jpg: Differenzbild-Fehlerpixel sind nicht zufällig verteilt; Variante bleibt für einen Qualitäts-Nachbesserungslauf geöffnet (upper_quartile_error_pixels_form_large_connected_component; largest_cluster_fraction=0.684211, localized_error_fraction=0.766014).
[INFO] Konvertiert weather05.jpg | Parameter: mode=auto, label=M, variant_name=WEATHER05 | Qualität: Optimierungsfehler/Pixel=0.005778, Mean-Delta²=3687.064453, RGB-RMSE/Kanal=35.057403, Raumscore=11115.802278, beste Composite-Iteration=n/a (direkte/semantische Pipeline), ausgeführt=3/3 | Dauer=0.4s
[INFO] Konvertiere weather05.jpg | Parameter: Iterationen=64, max. Validierungsrunden=8

--- Verarbeite weather05.jpg ---
Bildbeschreibung: wie weather01 aber heller gezeichnet.
Befehl erkannt: Fallback-Modus aktiv (Beschreibung wird ohne expliziten Compositing-Befehl verarbeitet)
  -> Fallback aktiv: elementweise iterative Annäherung aus Rasterbild.
[WARN] weather05.jpg: Differenzbild-Fehlerpixel sind nicht zufällig verteilt; Variante bleibt für einen Qualitäts-Nachbesserungslauf geöffnet (upper_quartile_error_pixels_form_large_connected_component; largest_cluster_fraction=0.684211, localized_error_fraction=0.766014).
[INFO] Konvertiert weather05.jpg | Parameter: mode=auto, label=M, variant_name=WEATHER05 | Qualität: Optimierungsfehler/Pixel=0.005779, Mean-Delta²=3687.064453, RGB-RMSE/Kanal=35.057403, Raumscore=11115.802278, beste Composite-Iteration=n/a (direkte/semantische Pipeline), ausgeführt=64/64 | Dauer=0.3s
[INFO] GE9031_1M.jpg: Frühe Qualitätsprobe mit 3 Iterationen (Erfolgsbasis=1.000000, Abbruchgrenze=8.000000).
[INFO] Konvertiere GE9031_1M.jpg | Parameter: Iterationen=3, max. Validierungsrunden=8

--- Verarbeite GE9031_1M.jpg ---
Bildbeschreibung: Wie BackBottom: hellgraues Quadrat. . Geometrische Variante: identisch zur Referenz.
Befehl erkannt: Fallback-Modus aktiv (Beschreibung wird ohne expliziten Compositing-Befehl verarbeitet)
  -> Fallback aktiv: elementweise iterative Annäherung aus Rasterbild.
[WARN] GE9031_1M.jpg: Differenzbild-Fehlerpixel sind nicht zufällig verteilt; Variante bleibt für einen Qualitäts-Nachbesserungslauf geöffnet (error_energy_concentrated_in_worst_tiles; largest_cluster_fraction=0.353357, localized_error_fraction=0.863141).
[INFO] Konvertiert GE9031_1M.jpg | Parameter: mode=auto, label=M, variant_name=GE9031_1M | Qualität: Optimierungsfehler/Pixel=0.014439, Mean-Delta²=7248.914551, RGB-RMSE/Kanal=49.155924, Raumscore=22405.604677, beste Composite-Iteration=n/a (direkte/semantische Pipeline), ausgeführt=3/3 | Dauer=0.7s
[INFO] Konvertiere GE9031_1M.jpg | Parameter: Iterationen=64, max. Validierungsrunden=8

--- Verarbeite GE9031_1M.jpg ---
Bildbeschreibung: Wie BackBottom: hellgraues Quadrat. . Geometrische Variante: identisch zur Referenz.
Befehl erkannt: Fallback-Modus aktiv (Beschreibung wird ohne expliziten Compositing-Befehl verarbeitet)
  -> Fallback aktiv: elementweise iterative Annäherung aus Rasterbild.
[WARN] GE9031_1M.jpg: Differenzbild-Fehlerpixel sind nicht zufällig verteilt; Variante bleibt für einen Qualitäts-Nachbesserungslauf geöffnet (error_energy_concentrated_in_worst_tiles; largest_cluster_fraction=0.353357, localized_error_fraction=0.863016).
[INFO] Konvertiert GE9031_1M.jpg | Parameter: mode=auto, label=M, variant_name=GE9031_1M | Qualität: Optimierungsfehler/Pixel=0.014430, Mean-Delta²=7244.758789, RGB-RMSE/Kanal=49.141831, Raumscore=22393.299741, beste Composite-Iteration=n/a (direkte/semantische Pipeline), ausgeführt=64/64 | Dauer=0.3s
[INFO] AC0212_S.jpg: Frühe Qualitätsprobe mit 3 Iterationen (Erfolgsbasis=1.000000, Abbruchgrenze=8.000000).
[INFO] Konvertiere AC0212_S.jpg | Parameter: Iterationen=3, max. Validierungsrunden=8

--- Verarbeite AC0212_S.jpg ---
Bildbeschreibung: 2-Weg Ventil vertikal: Kelle mit Kreis rechts, horizontale Verbindungslinie, "M" als Text (M = Motor), zwei spitze Dreiecke, welche sich in der Mitte berühren, graue Umrandung, Dreiecke besitzen emeinsamen Farübergang von dunkelgrau rechts oben nach hellgrau links unten. Der Griff liegt auf einer Symmetrieachse des Kreises.
Befehl erkannt: Fallback-Modus aktiv (Beschreibung wird ohne expliziten Compositing-Befehl verarbeitet)
  -> Fallback aktiv: elementweise iterative Annäherung aus Rasterbild.
[WARN] AC0212_S.jpg: Differenzbild-Fehlerpixel sind nicht zufällig verteilt; Variante bleibt für einen Qualitäts-Nachbesserungslauf geöffnet (upper_quartile_error_pixels_form_large_connected_component; largest_cluster_fraction=0.744898, localized_error_fraction=0.777677).
[INFO] Konvertiert AC0212_S.jpg | Parameter: mode=auto, label=M, variant_name=AC0212_S | Qualität: Optimierungsfehler/Pixel=0.043340, Mean-Delta²=3963.365967, RGB-RMSE/Kanal=36.347242, Raumscore=11892.504792, beste Composite-Iteration=n/a (direkte/semantische Pipeline), ausgeführt=3/3 | Dauer=0.4s
[INFO] Konvertiere AC0212_S.jpg | Parameter: Iterationen=64, max. Validierungsrunden=8

--- Verarbeite AC0212_S.jpg ---
Bildbeschreibung: 2-Weg Ventil vertikal: Kelle mit Kreis rechts, horizontale Verbindungslinie, "M" als Text (M = Motor), zwei spitze Dreiecke, welche sich in der Mitte berühren, graue Umrandung, Dreiecke besitzen emeinsamen Farübergang von dunkelgrau rechts oben nach hellgrau links unten. Der Griff liegt auf einer Symmetrieachse des Kreises.
Befehl erkannt: Fallback-Modus aktiv (Beschreibung wird ohne expliziten Compositing-Befehl verarbeitet)
  -> Fallback aktiv: elementweise iterative Annäherung aus Rasterbild.
[WARN] AC0212_S.jpg: Differenzbild-Fehlerpixel sind nicht zufällig verteilt; Variante bleibt für einen Qualitäts-Nachbesserungslauf geöffnet (upper_quartile_error_pixels_form_large_connected_component; largest_cluster_fraction=0.744898, localized_error_fraction=0.777677).
[INFO] Konvertiert AC0212_S.jpg | Parameter: mode=auto, label=M, variant_name=AC0212_S | Qualität: Optimierungsfehler/Pixel=0.044732, Mean-Delta²=3963.365967, RGB-RMSE/Kanal=36.347242, Raumscore=11892.504792, beste Composite-Iteration=n/a (direkte/semantische Pipeline), ausgeführt=64/64 | Dauer=0.2s
[INFO] GE0303_S.jpg: Frühe Qualitätsprobe mit 3 Iterationen (Erfolgsbasis=1.000000, Abbruchgrenze=8.000000).
[INFO] Konvertiere GE0303_S.jpg | Parameter: Iterationen=3, max. Validierungsrunden=8

--- Verarbeite GE0303_S.jpg ---
Bildbeschreibung: Hintergrund: GE0999: Vordergrund britische Flagge
Befehl erkannt: MANUELL: Beschreibung unzureichend (fehlende Geometriehinweise oder leerer Beschreibungstext).
  -> Fallback aktiv: elementweise iterative Annäherung aus Rasterbild.
[WARN] GE0303_S.jpg: Differenzbild-Fehlerpixel sind nicht zufällig verteilt; Variante bleibt für einen Qualitäts-Nachbesserungslauf geöffnet (upper_quartile_error_pixels_form_large_connected_component; largest_cluster_fraction=0.524324, localized_error_fraction=0.854482).
[INFO] Konvertiert GE0303_S.jpg | Parameter: mode=insufficient_description, label=, variant_name=GE0303_S | Qualität: Optimierungsfehler/Pixel=0.008244, Mean-Delta²=4416.996094, RGB-RMSE/Kanal=38.370979, Raumscore=14418.383105, beste Composite-Iteration=n/a (direkte/semantische Pipeline), ausgeführt=3/3 | Dauer=0.4s
[INFO] Konvertiere GE0303_S.jpg | Parameter: Iterationen=64, max. Validierungsrunden=8

--- Verarbeite GE0303_S.jpg ---
Bildbeschreibung: Hintergrund: GE0999: Vordergrund britische Flagge
Befehl erkannt: MANUELL: Beschreibung unzureichend (fehlende Geometriehinweise oder leerer Beschreibungstext).
  -> Fallback aktiv: elementweise iterative Annäherung aus Rasterbild.
[WARN] GE0303_S.jpg: Differenzbild-Fehlerpixel sind nicht zufällig verteilt; Variante bleibt für einen Qualitäts-Nachbesserungslauf geöffnet (upper_quartile_error_pixels_form_large_connected_component; largest_cluster_fraction=0.533214, localized_error_fraction=0.863527).
[INFO] Konvertiert GE0303_S.jpg | Parameter: mode=insufficient_description, label=, variant_name=GE0303_S | Qualität: Optimierungsfehler/Pixel=0.008122, Mean-Delta²=4368.448242, RGB-RMSE/Kanal=38.159526, Raumscore=14406.740155, beste Composite-Iteration=n/a (direkte/semantische Pipeline), ausgeführt=64/64 | Dauer=0.2s
